"STOXX_EU_600","DOWJONES_INDUSTRIALS","MSCI_EM","S&P_U.S._TREASURY_BOND","S&P_GSCI_Commodity"
0,0,0,0,0
0.0212272965094551,0.0149880857780351,0.015311888173331,0.00141521211910023,0.0254068662652114
-0.00175656883554132,-0.00112842315223394,0.0107062419012873,0.00260756905370285,0.000993898739333865
-0.000513234108072358,0.00079778191880786,0.00639682029137179,-0.00201333695900363,0.01745728609528
-0.00396126760563376,0.00326652465320398,-0.00717055120498966,-0.000336568433329965,-0.00965337721430459
0.00419796730004407,0.0010688660483138,0.00196245127697448,0.00127456037298934,-6.9090182519771e-05
0.0141547488082141,0.00431318000555536,0.0115226443959684,-0.00010595851537476,-0.00430265382211326
-0.00976280011570718,-0.00344414495357892,-0.00669665951332821,0.00428272842510569,-0.0195586956843005
7.30300153362062e-05,0.00503514602511701,-0.00889443659514944,-0.00271458225086996,-0.00680690730700539
0.00496567839929907,0.00278748647890814,0.00118146273109443,0.00264828048146182,-0.00292375987645987
-0.0164220316814416,-0.00912607244615882,-0.00234884992700057,0.00237389691436296,-0.0139213588485083
0.00790484633569744,0,0.00178303839472238,0,0
0.000732976618045944,0.0109123913660436,0.000856616415978007,-0.000798269256391371,0.00498619618486318
-0.026514319197246,-0.011093872574076,-0.0157071784739439,0.0016592024920874,-0.0147844262459293
-0.0180573320291927,-0.0201141436946456,-0.0162438567509535,0.00206123207574693,-0.0132552735961854
-0.00605317600183886,-0.0208763234581087,-0.0175859238028759,0.00065427768170645,-0.0135164530204169
-0.00454825778600065,0.00234758558777837,-0.00497011702312533,-0.00100437027575695,0.00602207871155125
-0.00255556416014857,-0.000251753502130692,-0.0218847622663687,0.000502263172242889,-0.00901076954809787
-0.00923913043478275,0.00410706675097705,-0.00989042530047579,-0.001178943751726,-0.0154877429541748
-0.0165347543295979,-0.0113037201351364,0.0122775736097409,0.000291880261319655,-0.00447941201509694
0.00517928286852598,-0.00524929375281302,-0.00665106502770418,0.00223244596310734,-0.00796130305496456
0.00586603250099094,0.0117403813607131,0.000693492312212385,-0.00189997048782575,0.0145782445046636
0.0136338560958311,0.0109294523118235,0.00698333163087739,0.000795983484979113,0.028486431183556
-0.0079303374280828,-0.00197737246085516,0.0126446416531516,-0.00219098134637441,-0.00623433127457529
-0.036206896551724,-0.0261292663368017,-0.0270945164945441,0.00449902307904515,-0.0362136101455743
-0.0292730525288666,0.00100445592538212,-0.0309175890606226,0.00152577287999711,-0.022603573857836
0.00829284637292682,-0.00964614001331132,-0.00403293018876327,-0.000251830730091052,0.0089193046344791
0.00365539586275654,0.0151634063253654,0.0163433241497288,-0.00258779460850145,0.0179593435332468
0.00513202549457836,-0.00170633452727875,0.00421041119860033,-0.00219793206324659,0.00627456877107813
-0.00337643086551931,0.010540193383741,0.0114704695025207,-0.00047688326182449,0.0134492899648699
-0.00264419104280278,-0.00393566108038679,-0.00113174950281003,0.00163983689932112,-0.0119508177614387
0.00265120132560059,0,0.00322997696148009,0,0
0.0180961824491819,0.0168991321475771,0.00849477019290901,0.000934459310354185,0.0325188981971478
0.0103887671455238,0.0046399230947094,0.0134653911527138,-0.00296298779631998,0.000226887733471681
0.00377540364687934,0.0081147724232864,-0.00207344539927101,-0.00171913206199814,0.0131656778608491
-0.00368117797695255,0.00126574691600179,-0.0103415458679827,-7.0505032974788e-05,0.00660301649735406
0.00329317269076301,-0.00182357125015564,0.0108600833668766,-2.99738884611545e-05,0.000810742187807634
-0.0132095108478103,-0.00972385473751702,-0.00325515672136301,0.00390928316296235,-0.0174976203038641
0.00486775920817784,0.00892251554709933,-0.00736395891871422,0.00027071310723481,0.0107406179977911
-0.0219602777329243,-0.00464961969810485,-0.0110101428364344,0.00205993307918217,-0.0197563292528448
0.0196466897804193,0.000410064788043618,0.0141668305558751,0.00111522919080498,0.0176413121714225
-0.000809585492227982,0.00760500863084634,0.01285359114506,0.000489122687896248,-0.00915057884403592
0.0147463944255388,0.000210471586879812,0.0125002182510892,0.000291177464450509,0.0113653429840916
0.0177259661450015,-0.00087868349722553,0.00715469470349217,-0.000402376199943433,0.013258150242436
-0.00384434332339556,0.00455728139171763,-0.00518443076650577,0.000258632899917899,-0.010875893329878
0.0162243049539261,0.0116866111590559,0.0141434967571623,-0.00274765343543049,0.0115673532093505
0.00240254204448576,-0.00105866571706259,0.0115650100217992,-0.000786922825050107,0.00155065172027458
-0.00572135456935219,0.00129350918911508,0.000109919544678538,0.00091174180199749,-0.00588157006242285
0.012597200622084,0.000495748926189643,0.00741759687909083,-0.00110712066848628,0.00380977027011276
-0.00184303486407622,0.00480145889864492,-0.00358703453819864,-0.000638458330644687,-0.00306234170845532
0.00923218956762595,0.00121100448401834,0.00294645949439376,0.000724200087438787,-0.00519225878158591
-0.0143314529653911,0.00169995117161514,-0.00957070033830987,-4.29202970084752e-05,-0.0141083300258547
0.0171693735498839,0.00411894331607598,0.00860851197876267,0.0022603764982243,0.0177444667920703
0.00790754257907533,0.00446270161876705,0.0144179390520407,0.000357066889774327,0.0126208197841942
-0.0105612552806277,0.00423860430883538,-0.00421451919723981,-0.00143739710348878,-0.00528877660239546
-0.00914913083257085,-0.00344954670964115,-0.00350750925845789,-0.000812574404360555,-0.014885571722384
-0.000153893505694169,0.00408750092718413,-0.00800024227574636,0.00116842180936594,0.0024640054080971
0.00684931506849318,0.00954320954666743,0.00427747482677843,-0.000658456957208009,0.000183257239450896
-0.012229610945502,-0.00483781738770317,-0.00211930390473869,-0.00543244111376406,-0.0113738570521479
0.00967267662307503,0.000467777094045774,-0.00204678463411345,-0.00135667619757152,-0.00349847626386113
-0.000153280196198535,0.000843377324825978,0.00322363082083643,0.00138768554182067,-0.00412001077414414
0.00674536256323766,0.00439613664948868,0.0106858387519391,-0.000489999694464061,0.0226252409142553
-0.00373077508755904,0.00118587363678979,0.0057473908674539,0.000424817452769455,0.00358155314586295
0.0071073748567061,-0.00465604563442623,0.00101888150080565,0.00162372987257453,0.00702594166263282
0.0162391865229927,0.00652293929805547,0.0170291467992347,-0.000985032074126924,0.0142482584398684
0,0,0.00123657807944832,-0.00269288779110999,0
-0.00238948626045399,0.00425358346830418,0.00787518063103398,7.1252606514749e-05,0.0164651066250756
-0.00254491017964076,-0.000323793354977897,0.00261627699221045,0.00123095130045336,0.00117468229398487
-0.00555305417979879,-0.00599391957025042,0.0036013589537196,0.00335451937036324,-0.00564531290694814
-0.00769695140356186,0.00271145629136593,-0.00636335424766332,-0.000255775018243254,-0.00788790112749349
0.0198479087452472,0.00643224035189771,0.00747796337667439,0.000308831908832019,0.000791367991361147
0.0108120199835955,0.000783362730825132,-0.00240029209557291,0.00151292307446926,-0.00129475576962301
-0.00582767778105631,0.00122234088281425,-0.00714379890572625,0.000734558906334781,0.000544025742388543
0.0117236773762706,0.00940970459357748,0.0122601622969978,-0.00121683022262997,0.0137713593751125
0.00205353868720204,0.0019296671349569,0.00127975456582785,0.00108430399547954,0.00162196560501648
-0.019615018663544,-0.0112978638258642,-0.0146611272454065,0.00314053570433837,-0.0164972860358906
-0.0088839119074281,0.00666005050756069,-0.0198002266540281,-0.0013211285945719,-0.0170503981891105
0.0134076529075022,0.00225520743734919,0.0114952039523417,-4.02848879187401e-05,0.0099680014996304
-0.0106288092760516,0.000706879942637295,0.00397053070441711,0.00159869358221698,0.00216552369015477
-0.0174291938997823,0.00112807766533085,-0.00591589048202901,-0.00117834073761858,0.00232845053780273
0.012845018732319,0.006285380610209,0.00368061352108295,-0.00154471009815582,0.0114479904023672
0.00732241262172573,6.74984082464913e-05,0.0109041294362608,0.000678258602281545,-0.005729070051257
-0.031849520383693,-0.0190136226771286,-0.014432757407896,0.00515416660398627,-0.0161033220670961
-0.0207446396779936,0.0051801765952959,-0.0145532243755914,-0.00283537701110992,0.00377385104466232
0.017073749110742,0.0110501781166323,0.008863152450862,0.00112197054501673,0.010177337824778
-0.00240926400870423,-0.0142113099373073,0.00631582725783386,0.00315451613167839,0.0101423884514436
-0.00584294172639466,0.0130088509181483,-0.0110692983443704,-0.00144907470982569,0.0056364029654612
-0.0383982446516731,-0.0201811905637631,-0.0174686270874181,0.00368145593294145,-0.0313952151428752
-0.0210251813218156,-0.00482521068021258,-0.0205301754919309,0.00228343197913294,-0.0258649932534416
-0.0256388912011987,-0.0315639336335025,-0.0219168150724441,0.0091735522110703,-0.0252154494716622
-0.0428022212729602,-0.0132969162448038,-0.0226336512255054,-0.00448945020924341,-0.0141628668826289
0.0876472688325598,0.0389872639685855,0.0435147509810911,-0.00425040270134724,0.0182464332307346
-0.0155916625635976,-0.00311208686458941,-0.00793648929962343,0.000634164697061568,-0.000427231433039466
0.0141713904634879,0.0146418026874233,0.0096166648618039,-0.00156842268500612,0.00306305616901703
-0.00649350649350644,-0.0104583767764308,0.0079941153370493,0.00159026628955639,-0.00760274002871586
-0.0446760982874163,-0.0150968024895054,-0.0161079772922992,0.00395168689807712,-0.0346536092197125
-0.00866025807569071,0.00104647871046692,-0.0206859421051294,-0.00104548283262984,-0.0282444423510766
0.0161614396785184,-0.0107191653868559,0.000121902279029529,0.00381442788754449,-0.000882449792554363
-0.0324965612104539,-0.00595912655863651,-0.0305056457408492,4.09463566517498e-05,-0.0102534107600922
-0.0215923227296961,-0.0360353422617045,-0.0308499786209219,0.00496489063313832,-0.0166454478179283
0.013168649532286,0.012453547797445,0.00481586802505096,-0.00023475382029281,-0.000415973270826875
-0.00941197561850127,-0.0124410694894456,0.00591061347540633,-0.000325738497688577,0.00010641420624502
-0.0353814134467469,-0.00226734690798791,-0.040293133387255,0.00121269668190327,-0.0175816629280017
0.0224202626641652,-0.00690037906724483,0.0325685844311123,-0.00138572440730711,0.0254856553259888
0.0340398201669878,0.0293772841307856,0.0242416975920519,-0.00516866030599239,0.0312519611559736
0.00239574090505768,-0.0119267653223218,0.0142681240481084,0.00214149418916532,-0.00819788115236897
-0.000796671682747663,0,0.0104488758046499,0,0
0.00301204819277112,-0.0109347331211032,-0.0207671634497923,0.00215361049001106,-0.0144969865912477
-0.00574103515279989,0.022505309759812,0.00159181636726546,-0.00284162046766256,0.00390496377613969
0.0144798791862841,0.000560267700512318,0.017825915832582,-0.00106934036093087,0.0145511696046492
-0.0310858143607705,-0.0315256280305728,-0.0120308913004107,0.00713164346632045,-0.031043130285428
-0.016086760054225,-0.0116269925905643,-0.0260752220363619,0.00176053122549247,-0.00147896595993269
-0.00936897216864163,0.0128604700814341,0.00165711883882125,-0.00157677641487219,0.00462042763226322
0.0283727399165508,-0.00409827032873755,0.00470792875893133,0.000179009367142324,0.0201949652428477
0.0200162293751691,0.0276057936474161,0.013272203059336,-0.00475188956628547,0.0109846655722514
0.00300539202687178,0.00440106818397656,0.011294333626833,0.00346350066220924,-0.00633179968857811
0.0281131576628184,-0.00191709907229332,0.0143437821412451,-0.000747867331659213,0.0142145396700752
0.00951482941882387,0.02098702935485,0.00816529990699144,-0.00149214179310919,0.0157050073576486
0.00152840281905409,0.000450497354474333,0.00606050739187736,0.00151880123802695,0.00702425435704512
0.00474777448071229,0.00244668998491115,0.00419240596154746,0.0022682330400865,0.000218818433361134
0.00430343430934088,0.0015789085787723,0.00662791974636634,-0.0006717670071964,-0.00208937907385065
0.010502436565283,-0.000788478333496268,0.0263394903216128,-0.000470193235859284,0.00444744993758017
-0.0127213769019706,-0.0142570253060452,-0.0111870651761363,0.00315335482454415,-0.008044123597303
-0.0130537308404918,0.000477145286104541,-0.00750678292082729,0.00191051967128697,-0.0162663449263027
-0.0121170748357369,-0.014141291918343,-0.00832056453867824,-0.000433881906986788,0.00275232176455331
-0.00777403472402172,-0.000885693071414395,-0.00478254469129813,0.00117130065358584,0.0200396444597395
0.0156698876991381,-0.000306006526294644,0.00454428606277779,0.00296859494122126,-0.00681289528826023
-0.0422559355446988,-0.0264546955105673,-0.0281891428130363,0.00229560812618934,-0.0289308346527408
0.00393771254698416,-0.00961846253564203,-0.00690146894491706,0.000440051776596118,0.00308476795847712
-0.0081119629167411,-0.00420635540287317,-0.00939366590441948,-0.000281377875706479,-0.0221529056454178
0.0115934214073874,-0.00473145654721852,0.00469945124420246,-0.000940471829377842,-0.00803269469054202
-0.00790689410092393,0,-0.000339359173669784,0,0
0.0351034297483657,0.00589913772030526,0.0198001986141532,0.00187394474137603,0.000977167918470911
0.0125443377454797,0.0289034849798853,-0.000211007944934338,-0.00134032673883466,0.0213539136434349
0.0141831852358167,0.0120493863090674,0.0117776986667912,-0.00139964529537029,0.0123042211413489
0.00235888795282224,0.00582272782825921,0.0118665778736307,-0.00124005194997556,0.00580120373864168
0.000504286434694912,0.00178800387950662,0.000810380452296533,0.000240573817988921,-0.0128375720568235
0.0259576612903225,0.0143646681741345,0.00505604144272986,-0.00208913916703501,0.0211625892510932
0.00450339801850497,0.000357642760872245,0.00467018373315509,0.00301384403783556,0.000247696423263832
0.00122269318552326,-0.000715570666254384,-0.00416369664512606,0.00246110631831176,0.00179761113874788
-0.0147358137262884,-0.0249205569968027,-0.00856293702794797,0.00248324867484828,-0.00824983847364213
-0.00661047760700706,0.00559863980696185,-0.00395301035572349,-0.00128017486806553,0.00267737912994881
-0.00573947762435534,0.00743819672719348,0.00930241984516234,0.000720713924947214,0.00482223488667755
0.00669288044842298,-0.0103448086922693,0.0115300070752182,0.00317382805832245,-0.0048536886107956
0.0276738967838444,0.0199369944468744,0.00921263203128064,-0.00211699558687006,0.0272665931086506
-0.000727802037845726,0.00991260449462605,0.00827347535718093,-0.00219460384999648,-0.00376704139191708
0.0137573844784333,0.00967018389528196,0.00425914758523027,-0.000379240480024912,-2.53681189276156e-05
0.00758361938213459,0.00116532123258928,0.00565915921063165,-0.00225305620495841,-0.0133154890415325
-0.000792267469497676,-0.00377796719310064,0.000743680279973624,0.00253119374858457,0.00237366987408838
0.00174437044084996,-0.00292708546833365,0.00271193330131481,0.00129261818487092,0.0165189923039621
-0.00791514959632733,-0.000115628472869056,-0.00242434399187885,0.0034804019831518,0.0123453234053381
0.0390936652305729,0.0199150246595525,0.0219305788013295,-0.00211354809914033,0.0230572013955563
0.00261056511056523,-0.00355899159805018,-0.00300786955531729,0.00270984971461496,0.00754017461577994
-0.00482462858018096,0.00470432302526413,0.00185606680949246,-0.00228093652762362,0.00587886392152392
-0.00176991150442474,-0.000510176259867934,0.000247980846537654,0.00195546885180464,-0.00285534793741371
-0.000308356460067771,-0.00154652344362716,-0.000576996195605028,0.00297386886190609,-0.016465833310589
0.0101789019123997,0.0042411374570932,0.00500852645314009,-0.000786972872629965,0.00307403420449859
-0.0206870229007634,-0.00509329866297636,-0.0139008566420893,0.00241218925246822,-0.0128617860013124
-0.0338296048016212,-0.0241359907446361,-0.019037265808406,0.00225877856413725,-0.0194117458847225
-0.00330778539733756,-0.00567332164683676,-0.00580811259225356,-0.00150624182396308,-0.0136474104192944
-0.00404727213857858,-0.00162802986166632,0.004486266132949,0.00209308348761716,-0.00430002528148288
0.00682704811443435,-0.000110196067574564,0.00498182801464764,0.0040267249222945,-0.00419103576203395
0.0131578947368423,0.0107102837834316,0.00874566763954765,-0.00175351718858396,0.00991627216939128
-0.00414309616763608,0.00162325105710059,0.000318154230773082,-9.08073827210476e-05,-0.00249336870026529
-0.0134410752860228,-0.0138567869243499,0.000223145561521809,0.00258299052903466,-0.00832023903342305
-0.0207606844538156,-0.00560776429553023,-0.00611790753103569,-0.00156622943769502,-0.00889562341763361
0.00405797101449279,-0.00383852492142744,-0.00175710970229159,0.000863625509580856,-0.00553231261144926
-0.0149290663147476,-0.0131662739603896,-0.0127791162098034,0.00354673930497795,-0.0158622120730887
-0.011973540986352,0.00195264149001551,-0.0110404528280996,-0.00174003147173374,0.00287299560053711
0.0174576271186442,-0.007380592146357,0.00356205343138472,0.00170037387819755,0.0132675813934606
0.00474762618690638,0.0169237636356112,0.00414088178064298,-0.0058030324798275,0.01615556229889
-0.00248694354638146,-0.013478266130851,0.00235786555016682,0.00482184905576943,-0.000560014252253049
0.00241003905925385,0.000677433491642843,-0.0023032523192712,0.00167907909836296,-0.0216316820823845
0.0363123860056376,0.0254453408248172,0.0205005603633075,-0.00346931576103837,0.0199534956885696
0.000639999999999974,0.00493040435944692,0.00573088971098912,-0.00167000461515843,0.00976705152617496
0.0112727854173329,0.0123861105569048,0.00853438473676094,-0.00265499163197025,0.00307379401495878
0.00332042058660775,0,0.00813628898917962,0,0
-0.0163107714128122,-0.0102643720702693,-0.00537265369171724,0.00410525676414397,0.000990940591268474
0.011775072092278,0.00474373779125603,-0.00137745500276498,-0.0019828029817055,0.00356053303295156
0.00997545720845538,0.00271808744604507,0.00492347677843852,-0.00417310169130347,-0.00233648670298758
-0.00235165007446891,0.00456339259316385,0.00386115828082634,-0.00119595868221112,0.0124732977768462
0.0179146696000629,0.008432717407995,0.0207028820465829,0.00235713444170749,0.00971637732652164
0.00810497877267458,-0.00167233452189108,0.00188116460895071,0.00287092484040352,0.00343909359366812
0.00091883614088828,0.00439306113478155,0.00259621919492314,-0.00178632868501694,-0.00484697338933571
-0.00229498164014696,0.00217611389401529,-0.0067527673285227,-0.00128235822195133,-0.00805271898186655
-0.00659408066247502,0.00122854194957767,0.00484688305210179,0.000843751401973014,-0.00134913776731116
0.0160543377585673,0.0137412097561591,0.00799393060426823,0.00149840789098499,0.00800615788811831
-0.000835612275903896,0.000689955114039353,-0.000156110771053042,0.00425068613596857,-0.0101221229738537
0.00661446057933546,-0.00201870866879184,0.00383899300879409,0.000876877863747128,-0.00108710283401969
-0.00641993957703924,-0.00715996771422434,-0.000684688055373694,0.000621002381000935,0.00355416100621242
0.0219688331432915,0.0185544276280605,0.00583640521938933,-0.00240606365573148,0.0134100682219931
-0.00431419220470086,-0.00443887588855796,0.00792584746213354,0.00365582567268907,-0.00301747589208667
0.00343642611683825,0.00446691651289721,-0.000215778641713071,0.00170210464422627,-0.00148307820703009
-0.00119118522930317,-0.00210547171138098,0.0085628257166559,-0.000950243842460008,0.0138556339853022
-0.0010435301132975,-0.00435819160509321,0.00490142988020059,-0.000127354792794243,0.0127594070828023
0.00447694373974028,0.00385858834250663,0.00983418608416864,-3.74620629728373e-06,0.00632892370441862
-0.0099539444361908,-0.00720530725610091,0.00432113882966778,0.00140188916539574,-0.0030173460349886
0.0251350540216086,0.0179928984267683,0.00558853667201253,0.000117306315649213,0.0156551347222891
0.00878284417770625,0.00284897963756103,0.00903562483599663,0.00244230355099861,0.00426632168051944
0.00290212580715354,-0.00173855115321198,-0.00353402300327699,0.000232414399138348,-0.0139119556639642
-0.000723431961224041,0.00528780813333651,-0.00138003448562996,0.000332286023921879,0.0207024058151712
0.000868746832693779,0.000350632555296659,0.00608806801715267,0,-1.47010213201737e-05
-0.00701627486437617,0.00091446097633896,-0.0078498179679114,-0.00166300927161633,-0.000117387153524162
0.0236742424242424,0.00686735097620983,0.0170514135059461,0.000220929906785239,0.0095052430544651
0.00676012239379475,-0.000136008740694527,0.00851047846087205,-0.00287919057211139,-0.00301375310351248
-0.00445292620865134,-0.0028656070930928,-0.00481549460001163,-0.00158728460095836,-0.0141736142129687
-0.000141995030173869,0.00731372502628957,-0.00803338903828366,0.00241324988337022,0.0129514419716619
-0.0178939146488675,-0.0148125900768989,-0.0132737264023759,0.00110695198458766,-0.029192399686937
0.0164847082640445,0.0121176183546232,0.00341825875275603,0.000293988535248202,0.0232250068952164
0.00810868482822391,0.00377584302436307,0.00460718513588354,-0.00224897861668472,-0.0168257998870931
-0.00881958653778314,-0.00125620990089126,-0.000933091521864715,0.000219385079674117,0.00815266975990925
0.00647779043280172,0.00282802771937085,0.00914980007117361,-8.10476817153516e-05,0.00882175626496196
-0.00976023764056866,0.000484548534863904,0.00117730977443009,-0.00350111563285038,0.00284182641851993
-0.0137133061924147,-0.00386554211512624,-0.0158331558840108,-0.00233655083326878,-0.00661569805839235
0.0125280614092258,-0.0011089408039695,0.00359980328609977,0.00278357408760255,0.00517665010482093
0.000143041052782289,0.000408615374754451,0.0026570691583665,0.00236879459266559,-0.00383898246351377
0.000858123569793978,0.000551605663017929,0.0137039527305456,-0.000241191685017017,0.00925157041358693
0.0140754501286082,0.00576215189708762,0.00297753622103425,0.00149355359455616,0.00929288514104787
-0.00429789332769681,0.00277304687966318,0.00750135845496391,0.000214956306922254,0.00511898583950043
0.0314888196999719,0.0197142954932021,0.0164596330044138,0.00307423032643617,0.0225135740427158
-0.00932976606983615,0.0008074939328504,0.00422392794687365,-0.00287613921014762,0.00417775245849761
-0.00914064122983171,-0.00282540659268005,-0.00150672801962526,-0.000346623970717941,0.00397417509692843
0.0064994059682717,-0.00497760273738923,0.000404144957201202,-0.00485602230711857,0.00419837491013175
-0.0220802666296348,0.00118106494730519,-0.00577732567996303,0.0014109381556684,0.00171492229344095
-0.00248508946322068,-0.0065109460908146,-0.00790782856026473,0,-0.00404365912908033
-0.00156594775428853,-0.00802223314464245,-0.0154545615265395,-0.00429928334546803,-0.0338714188456443
0.00014258216297125,0.000838549235351316,-0.0054548483606025,-0.00582664164941427,0.00366285527090282
-0.0263739396963432,-0.0153461363313925,-0.012906455033036,0.00365045992542989,-0.0316283845360512
0.00468555531151615,-0.000765763904912342,-0.00610420333388895,-0.000780090597437666,-0.00989857196866073
0.0188734241783868,0.0157480037067177,0.0157856961011953,-0.000746650409522709,0.0199984799125448
-0.00171649263338569,0.00199686200308635,0.000932553672162717,0.000527345714869787,-0.00929776611330579
-0.0101733772746813,-0.0022291750467136,0.00151744457908265,0.00269831668069465,-0.00274439270825189
-0.0280110017371165,-0.0127217771564069,-0.0212150482356437,0.00134647115384356,-0.00348514983841053
0.00707424231141562,0.0136742165184858,0.00616373363150946,-0.00533718542479433,0.0235575234473961
0.00391895888790295,0,0.00213647001728656,0,0
-0.0159092583044855,-0.00815477300779066,-0.0163660484739842,0.00201712321908287,-0.00177793776487256
-0.0260459546441136,-0.0028474766845028,-0.00028701972678824,0.00131836289633624,0.0129844754934574
-0.00676246830092986,-0.00404339641285889,-0.00446172230240394,0.00146903323262815,-0.0107269832144036
0.0239845261121856,0.0226998932291143,0.0202230726661938,-0.00643961207182142,0.0299253012746785
0.0251605591235362,0.00947389778157737,0.0150697462162652,-0.00112070849163048,0.01348605539165
0.0138561320754718,0.00173181713962345,0.00701106677799013,0.000693968741281248,0.0127949970009738
-0.0056702529805176,-0.00174878982380611,0.00417695375853588,0.0035726674262393,0.00178191660286964
0.0137446995174733,-0.000266363682043691,0.00375617511218906,-0.00743743672868447,-0.00501860767490048
-0.0058416270012982,0.00161471109651501,-0.0134587758871095,-0.00417990243445543,0.000324066052348249
0.000725426187885292,5.31035880486641e-05,0.00119256879318042,-0.000222285350411133,-0.000161665600793337
0.00420442189198988,0.00354118792751601,-0.00154248695742687,-0.0027240795395127,-0.00512079842961632
0.0155922904785966,0.00190439666597086,0.00726369555737127,0.00196561975294274,0.0119822397157139
0.00213234771483406,0.00419837656312616,0.00542627673513718,-0.00459514676964456,-0.0033525698342548
-0.00808567983544939,-0.00166171465406528,-0.00761983483345996,-0.00209812032504231,0.00135545846703233
-0.00629245620307473,0.00364648830368952,-0.00752971336515396,0.00194603345866051,-0.00714409017971829
-0.00755558753687857,-0.000638525631796005,0.00330671046131625,0.00426976840624382,0.00617165710677248
0.00333526682134577,-0.001198843751822,-0.00387533415177654,0.000141017693202405,0.0104659555194799
0.0123572770631595,0.00479389438187616,0.0120247232412949,0.000479392554056268,0.00567069239588935
-0.00157041901634658,0.00237566869696404,0.00217474473952239,-0.00140574502844593,0.00669399492083134
-0.00107242439408028,0.00121136353838858,0.00123250705121936,-0.00127399426661479,0.00526257238235406
0.00271972516461494,0,-0.000843767779657778,0,0
-0.00563882940756599,-0.00159597447014947,-0.00164782692514509,0.00120784611568547,-0.00334863249424611
0.000861388270763097,0.00177534101641497,0.000878140506452185,-0.00488475175847225,0.00658831905197443
0.00329914652513796,0.00103987892633217,0.0097884541275326,0.00566057169736167,-0.00153034894673187
-0.00193008792622762,-0.00135273188767981,0.00787332348062764,-0.000744871613709508,-0.0119345866213052
0.00565821515542186,0.000674172033966025,0.00488445769751644,0.00280823126649121,0.0160666211464917
0.00405953991880925,0.00805353403016196,0.0106675809707077,-0.0012691426973872,0.00364829136163092
0.00517803943821837,0.00178349254324628,0.001348343289161,0.000415649774977211,-0.0169682421149483
-0.0126314303859997,0.0028290947417664,-0.00348947144714362,-0.00524009870794562,0.00992012315116408
-0.00478845054316746,-0.00159068310136468,-0.0051602088319348,0.00185681133279081,-0.0141867829994106
-0.00567324955116688,-0.00192803424211518,-0.00679464201125646,0.00348004313277439,-0.00603509809582914
-0.0122779141990468,-0.00319590696475547,-0.00946427815351425,0.00175750817832077,0.0117881501896733
0.0120649312664523,0.00295897787159882,0.00610711176358447,-0.00165040424665808,0.0151942763904795
0.0236254605881079,0.00715832097941616,0.0174282948897382,-0.00109880673635798,0.00932920306820839
0.014751552795031,-0.00200226248602409,-1.82389698629715e-05,0.00283052753652391,-0.00345437398489679
0.00111288864158032,0.0047287844774786,-0.00257270161989009,-0.000946488070619367,0.00251458132291171
-0.00430764955186547,0,-0.00441855910316036,0,0
0.0170958062940478,0.00457278013205875,0.00386781002778802,-0.00112199648699784,0.00113521455555077
-0.00631174533479684,-0.000759595144196878,0.0018951568054475,0.00111942687095024,-0.00197692982438602
-0.0176746755040045,-0.000211314883487024,-0.0155184834360098,-0.00371795971836841,-0.0120914880888983
0.0196092212538657,0.00414816491281877,-0.00560746842351401,0.00147644166313765,0.00516066561541617
0.00937478458675134,0.00915429632109799,0.000105545767344895,2.93045429435868e-05,-0.00688561436446578
-0.00689749368298864,-0.000277795082288756,-0.000615536857110133,0.00271346638484027,-0.0164275357640677
0.0103837161325817,0.00068868012054657,0.00587968911469194,-0.00279270406404686,0.0186652344888454
0.00435581569454824,0.000366243764284846,-0.00054590830010115,0.00151515939986324,-0.00761661073587505
-0.0162634681845905,-0.0138554530745606,-0.0135882296900841,0.00261661479289832,0.0192446376608006
0.00482193290624799,0.00577032776920561,-0.00621238296371718,-0.00178795434292867,0.0205016897272197
0.0209090285870981,0.0124646624587816,0.0107750403814821,-0.00230951299661231,9.97198226322382e-05
0.00295460650013446,0.000295244904040759,0.00406043264933009,-0.00160961044524066,0.00548365081835711
-0.0114488484199251,0.00179848849848696,-0.0019392597714335,-0.00263927663904129,-0.00607743661129956
-0.00250592617676937,0.00247844817711029,-0.0030127017631908,-0.00316280569112493,-0.0103517842966809
0.00909831613253664,0.00574589443478746,-0.00121651979596027,-0.000244467946968641,-0.00667072973969018
0.00888171174808239,0.00656337001464302,-0.00117797793959606,-0.00327352523700009,0.000444731608669757
-0.000933706816059643,0.000810895253644084,-0.0147480265139953,0.00230876794639268,0.00649886210502171
-0.00974632843791723,-0.00086572782491634,-0.0188229528758377,-0.00200868117138342,-0.00304581218185973
0.000606714304975053,0.00385016026907326,0.00179313175270956,0.00230116564157345,-0.00596833552119902
-0.00282961665431525,3.10357856101451e-05,0.0132956891174876,6.26928080025291e-05,0.00594070308597439
0.00506722518748726,-0.0032883418364249,-0.00128550579611875,0.00104776036389365,-0.0106978650245891
0.00470556601236893,0.00563944552296536,0.00406490317272423,-0.000538229019620307,0.00634206980743013
0.00608858557473568,0.00243886569186813,0.00302238434553725,0.00190179138259405,0.00537489846847583
0.00392365498437197,0.00593527997743881,0.00908494013041494,0.00017631874020263,0.000335651409308468
-0.0108638049814521,0,-0.00132370004212001,0,0
-0.00448700776855071,-0.0144024378901818,-0.0167161453295011,0.00467437741534749,0.0192380208379923
-0.00551631348805914,-0.00876277302395145,-0.00512791720472361,-0.000617974447551739,0.0218582325563978
-0.00358519921531486,-0.00299168813564266,-0.00808792388769441,0.000904216182287421,-0.00425912488305347
0.00950441276306835,0.00585833278509962,0.011367649508579,0.00152311589440091,0.0125671377570362
0.0129791526563552,0.00790490495628093,0.00756200862274747,0.000711001836617875,0.000427422908656494
-0.00511186350660542,-0.0137669975102238,0.00396564715397929,0.000869114097069135,0.0165494120999445
-0.00266915788068867,0.000734741435441721,0.0010796820373975,-0.00280754964444541,0.0138144905944984
0.00789508898701974,0.0158620503868943,0.0127330135983301,-0.00390957665433622,-0.000414557922995051
-0.00232342007434938,-0.00720535509217834,0.00990336314061135,0.00382011381942071,0.0111602370682531
-0.0025284450063211,-0.00656090385822061,-0.00553289668451917,-0.000977496212099416,-0.00200389808310952
-0.00426922820358877,0.0106710415384965,0.00333860161551902,-0.00114989444671199,-0.00940184971965174
0,0.000120842325114667,6.17927852508693e-05,0.0025160928883714,0.00231471018718699
-0.0203657801299659,-0.0187084598342496,-0.0175740572646417,0.00416187054892414,-0.0135042290080255
-0.00594953155987132,0.00552850444145703,-0.00629941069062911,-0.000579968710060719,-0.00992917975468588
-0.000894331315355101,-0.00420411309480018,0.00778754856229491,0.00131264724290858,-0.00161427816935122
-0.0231357157612062,-0.0114849704272335,-0.0215865958544444,0.00169256443820975,-0.038012007571421
-0.0186085853245931,-0.0204220318055647,0.00340204499685925,0.00413731318750554,0.0062419964696041
0.026071967248438,0.0138877832239674,-0.00443792314741709,-0.00189061225374754,0.0338173876989016
0.0104297914041718,0.00712826197905092,0.00658583876373497,-0.000497171471752322,0.00249410709200304
0.020990647731209,0.0150108775147291,0.0105492585829885,-0.00238304614258678,0.00786133558194568
-0.000135703623286632,-0.00148725500639835,0.00919377722963399,-9.88499906460216e-05,0.0103391639946468
-0.00122149837133556,0.00560760586777098,0.00321717202828875,-0.000414230576916252,0.00214696289491623
0.0153553471939121,0.00699466589565367,0.00987459790514533,-0.00243464718730957,0.00355720084357736
-0.0027435760171306,0.00411058565106726,0.00815646046686092,-0.00131342807458656,-0.000485432718531187
-0.00181171576192718,-0.00185797438463031,-0.00452480764825269,-0.000275118812493091,-0.0114764578017615
-0.00168055929013178,0.00687006783447597,0.00370792731309377,-0.00162709446010978,0.0034961868618264
0.00949431014746471,0.00583071959853032,0.014883037163782,0.00178948764373987,-0.00244170162852697
-0.00273479188900749,-0.00249998552217945,0.00979250874999238,-0.00113123564245632,0.020262209207569
0.0120393284730118,0.00462575713390634,0.0123717804087351,0.000861709459609283,0.00802475549218951
0.0076002907937347,0.00203684366580292,0.00709513020328711,0.00134521050889269,0.00899463171368553
0.000327954873409197,-0.000494645188566345,0.00148478203241353,-0.00232260969419751,0.00370900572618438
0.0125237689331847,0.00332308637361489,0.00724031577527295,-0.00243344983002003,0.00179978242046142
-0.00660536199974082,-0.0013890652254599,-0.000914929562893518,0.000790068959458878,0.00361862879322183
0.0136245110821382,-0.0023722264774142,0.00318184108545938,-0.00120199758722705,0.0202486702982758
-0.00115763071580166,8.57009135806219e-05,-0.00472836224756878,0.000188947867965084,-0.0135160335699218
-0.0139720558882237,-0.00949333787997664,-0.0189347797401191,0.00341167696897005,-0.0265636107371477
0.00803186626616181,0.000604707664860316,0.00680954005754764,0.0015138210051695,0.00606430959425652
-0.00693139858780845,0.00115358132121135,-0.00225324463477461,-0.00116343216313419,0.00134420092900411
0.000130463144161652,0.00461393066082438,-0.000476378172859615,0.00361034827906659,0.0088619645918766
-0.0305896164883903,-0.0113626999663707,-0.0162520498959601,0.00151520891975321,-0.0122082094762119
0.0129179842562068,0.00534025964664098,0.00378361849429298,0.00061207938253216,0.00246186816405913
0.0312852872799734,0.0155027677591904,0.0247404789115464,-0.00164363412046264,0.0175714825770457
0.00991884580703339,0.00421182514923868,0.0093099152478604,-0.000390403005966933,0.0048729607374165
0,0,5.47652938984733e-05,0,0
-0.000701530612244983,-0.00208829093689644,-0.00180025291896824,0.00203890128812456,0.000651460090622669
0.0075307932861064,0.00925447629968912,-0.000224054407417573,0.00219196249592701,-0.000850829414218324
0.00475074428327105,0.00790729415378588,-0.000683380751903218,-0.00112981531875433,0.000533294637488524
0.0157609380910351,0.00570103855961013,-0.00114343828847874,0.00200325498368437,-0.00146906280204073
0.00440665342601787,0.00370022973622741,0.00294178789376676,0.00108436194966055,0.0101166612141153
0.00500525242538452,-0.000248317211299143,0.00255039294567849,0.000238902543472586,-0.00586572547390607
-0.00817757009345788,1.20114142754257e-05,-0.0168484890251887,0.000984899116217575,-0.0152072026118901
-0.0101667596553221,-0.0064470491741393,-0.0124800049348029,0.00101991098909449,-0.0152493953474346
-0.0198534477359553,-0.0109567098352198,-0.00777826203614707,0.00219719575122346,-0.0652109693012747
0.00658146964856221,0.00478928624748876,0.00167019592132611,0.000198203975351419,-0.0144401925179154
-0.0192344315368501,0.00363469057122345,-0.00107986527395154,0.000641676165990201,0.0358891840132327
0.0155339805825243,0.0059669058363907,0.00435749577930156,-0.002257628894201,0.014262110421648
-0.000509878903760419,-0.00911759276272794,-0.00058942564694453,0.00177340923139568,-0.039067485192307
-0.0137099859711772,0.00523435610210932,-0.015439523546769,-0.000969914848053866,-3.62137182600142e-05
-0.00329734272968252,-0.00788949352060986,-0.0018520483461788,0.00171073657193221,0.00363409108602886
0.00149195640892574,-0.00376143824718189,-0.00686770973259743,0.00135359150251624,-0.0115082548186959
-0.0148325668760929,-0.00491864758827609,-0.0027392234909579,0.00152096737183349,-0.00418409960163801
0.00940170940170937,0.00708785273993207,0.00821194547291615,-0.00277784865801334,0.0269370922234815
0.0067087865563733,0.00359444098177386,-0.00162252743610181,0.000637813678140642,-0.0112630845741134
-0.00737577639751563,-0.00739999339402719,0.000349461219013802,0.000836596859639327,0.00770295130821186
-0.0250293312475556,-0.0104522004044797,-0.0234183198095641,0.000718366266746706,-0.017005511148168
0.00808931675357649,-0.00202340745709506,0.0099753716577593,0.000604972546447868,0.0117618167785392
0.00497380462895425,0.00311153831829736,-0.00582068802900282,-0.000106900709385571,0.0171721771586775
0.00151775108882157,0.0010019916074917,0.0138159451848756,0.00277541762218259,-0.0028214135020298
0.0185148580088292,0.00350368096236187,0.0127879082670574,6.53627161959491e-05,0.00599057931406977
-0.000129382843835013,0,0.000474971366974275,0,0
0.0159161490683231,0.0103049417959991,0.0172914280711898,0.000840284587809048,0.0122201776598239
-0.00509489237039873,-0.0222419076388127,-0.000974015535074924,0.00380767991401343,-0.0151028394501976
-0.0122903597490718,-0.00338389502932224,-0.0061167232083359,-0.00327945517318062,0.00276439052933997
0.0051198963058976,-0.00794297434265545,-0.0028005135306568,0.00184735240908829,0.00182066153409188
-0.00283706235089298,-0.00504532866718899,-0.00556231796994477,-0.000428812230173325,-0.0110400268125977
0.00433236340122845,-0.00158389623985389,0.00355111760561999,0.00121166046901622,0.00620825472390418
-0.0155807365439092,-0.0015551161461782,-0.00611147849737659,0.00156850336391812,0.0105007167113755
0.00340091563113143,0.00625922361099085,-0.00268888903867259,-0.00193551583654705,0.00946759582978873
-0.0232042758440879,-0.0142227053203337,-0.0116394985037277,0.00135156342579679,-0.0111914590958808
0.00346990524489521,0.000703353705863607,-0.0036666552699316,-0.000786015166974408,-0.008994965861574
0.0150285942279558,0.0104614390587541,0.00875647041002248,-0.00389635643859088,0.00907054531671969
-0.0233883647798742,-0.0148092061437691,-0.00580203865919882,0.00490134644429463,-0.0338338204109857
-0.0148923324612598,0.00549661942736424,-0.0176064358637708,0.00116852845093618,-0.00428558016087599
0.0134150493701055,0.00358129479761393,-0.00320882968025649,-0.000333513620557779,-0.00843645203218646
-0.00470366886171203,0.00633304347311148,-0.0047616005047626,-0.000238569753029716,-0.00318002897700997
0.018701053200108,0.00907472069251769,0.0134041937446427,-0.000787254991518882,0.00223284516221156
-0.001259195440387,-0.00659052188571818,0.00302746245491226,0.000137265140011777,0.00710139935108955
-0.0335102853351027,-0.00492781894453553,-0.00979462859607205,0.00244564913236367,-0.036344605604233
0,-0.00957816937935441,0.00938422969038322,0.00144488117281272,-0.00593788149903796
0.00823892893923772,0.00913152046917598,-0.00274782373446325,-0.00248872441923131,-0.0032132140106752
0.0104868913857676,0.012234390323635,0.00790530074449136,-0.00417392415135664,0.0219907862810675
0.019610485881798,0.00607959178730311,0.0110805174444475,-0.0021935198698213,0.0205777515406094
0.0185723727693325,0.0124718009077212,0.0120200178182288,-0.00155823021686397,-0.00242906675149313
0.00661864901693576,0.0137219864427021,0.0092482635805522,-0.00111000682689066,-0.00677493270958318
0.00431895829304474,0,0.0111306268450573,0,0
-0.00288831835686787,-0.000989524420142107,-0.00270698689545534,0.00306114748855113,0.0166223530830196
-0.0138397167685871,0.00502296248692291,-0.00418398990673163,0.00106153247272012,-0.00240701960258027
0.00848563968668414,0.00740290474562921,0.00596157726274238,-0.00212348805110063,0.0254539595786898
-0.0152750809061489,-0.00489714198104274,-0.00291674768743566,0.00521254473437582,-0.00795707970541393
-0.0326015512028394,-0.0119649665227797,-0.017835000042498,0.00356125887848457,-0.008260966586908
-0.00679440141323551,-0.00470827396484808,-0.0188362750339427,0.00101248752323668,0.0139266998862939
0.0194965111506362,0.00359344245028193,0.0150838128437076,0.000573277619241752,0.0116895975655911
-0.00885727705831041,-0.00436246027716669,-0.00204626420413401,-0.00266553986665141,-0.0140416746019509
-0.00500981653239463,0.00342628953617941,0.000179457573762587,0.00162476904422681,0.00803641508971165
-0.0249030414370279,-0.00730059598845845,-0.0113473249659527,-0.000772697388335963,-0.00910628286563431
0.0202358523480568,0.0163311990807471,0.00615287080976934,0.00221040105572023,0.0101559108233602
0.013542165378565,-0.000917583635687502,0.00718096368824406,-0.00219385931512561,0.00258685408650217
0.023280923139213,0.0121306102172436,0.0059915128280259,-0.00230763384621768,-0.00141918398814955
0.00474808757583767,-0.00339928101538234,0.00878691022927436,0.00149155222110764,0.00886088051478895
-0.00466001575216601,-0.00696769160829036,-0.00432141428449795,-0.00160448799200441,-0.00581143367186832
0.00586877678865805,-0.00726629062821482,0.00751038105593449,0.00176050100624803,0.005556415040884
-0.0180280582142389,-0.0158979491842066,-0.0064828253966297,-0.000845863512038081,-0.00933365508190009
-0.00560785099138794,-0.0050751870523934,-0.00297477431471127,0.00102276184020478,-0.00236351457978456
-0.00208123531386373,-0.00791453991746927,-0.00649912017508436,0.00588384490960081,-0.0102452905556866
-0.0235468245425189,-0.000884760406612117,0.0087830496633301,0.00153510806415413,-0.00291047403406075
-0.0180515364475677,-0.0219145117156828,-0.0179156174893873,0.00521448147459069,-0.000387023322060198
-0.0134717934325008,0.00279436397855948,-0.021343803162542,-8.66365941422087e-05,-0.0178662958138034
-0.0440256045519203,-0.0431015696862234,-0.0266042904984181,0.00673644754986236,-0.0396701074990872
-0.0151030429283535,0.00535194183484888,-0.0297436504828793,-0.00550394448485414,0.000650420073190716
-0.0416981417132497,-0.054994687517287,-0.0487832213458492,0.00638145491612518,-0.039384113248335
0.0163960271165065,0.0397708549590816,-0.0217878445422799,0.00300268060187037,-0.0100771376920145
-0.0395532805956258,-0.0454422797482866,0.0128974688547729,0.0054428392759438,0.024896991566947
0.0313307493540051,0.0397944485656194,0.00948349641612367,-0.00754926817369506,0.0209858524864217
0.0327278421547135,0.011281248853954,0.000416988348659775,0.0033604733146082,-0.000514360602935748
0.0176648976497344,0.0189798012326017,0.0240586016922448,-0.00174013002969842,0.0159768139103382
-0.00439544066155106,-0.00659818098044096,0.00563407196518817,0.00270728398460207,-0.00449547620328783
0.00643519904220313,0.00157774514758602,0.00581615059401508,0.00272460209402903,0.0100055047650052
-0.0566542750929369,-0.036776569214855,-0.0285704984280195,0.00262076539689993,-0.0329096275372555
-0.00874842370744011,-0.0157346396763058,-0.025350823555653,0.000793173754819021,0.00970385002251994
0.0053271845432139,0.00342118964437454,-0.0041401903980276,-0.0007152487898614,0.00716616874420528
0.00838342296741534,0.0296745485299588,0.0205617389886841,-0.00211891993354973,0.0099200516500586
0.0152941176470587,0.01287941270696,-0.007572148381497,-0.00509202043422852,-0.00286827042685578
-0.0157589803012745,-0.0150955295524648,-0.0051777074128676,0.00259215378086686,0.0038097652608482
-0.00620045522329482,0.0124737243081445,0.00295258173949531,0.00201349740068957,0.00730202796108848
0.024482704154162,0.0225721316651444,0.0295811622427107,-0.00264824648029327,0.0077591955236509
0.00331483194572924,0.0023593677742888,0.00917361320025423,0.00305782099214724,0.0144395911540309
0.0269688820591625,0.00464131727064765,0.0192407833666655,-0.00193680611239988,0.00323042153876396
-0.00396528505162352,-0.010329064860348,0.00472137438695386,0.00347100856023319,-0.00638793262523452
-0.0272665815368437,-0.0220392216220309,-0.0154967389416168,0.0041719087521066,-0.0130486435419793
-0.0477220077220077,0,-0.0312476774507807,0,0
-0.0120012974375607,-0.00898214598369274,-0.00148139153664018,0.0010740385107042,-0.00537240161633468
0.0315167432698622,0.0250232433289816,0.0221692684754959,-0.00263139454927608,0.0211417551974735
0.00485359643539152,-0.0104292495120812,0.00426663378817072,0.00196665741069824,-0.0029810113686336
-0.0457676775675033,-0.0268843978111409,-0.0208715308571376,0.00246312820363981,-0.0183516298608957
-0.0325284208779355,0.00635906229418715,-0.0220748123860925,-0.00136868619192398,-0.000539956369435601
0.0139806158332618,0.004628244377199,-0.00564215266710222,-0.00156478060872767,0.00389071105051619
0.0145491456606328,0.012685664597464,-0.0122877135871788,0.000469219122760878,-0.00512738654498157
0.0334333833583458,0.0166804463057688,0.0117786702487657,-0.0027960152031723,0.00583807475594322
0.00177490923759582,0.00663918587440415,0.0136596203919226,0.00112633264237183,-0.00832320769131145
-0.0343078038173472,-0.00939031382051292,-0.0279325803804218,0.00390492643852336,-0.021644847779075
0.0258527228754901,0.000670698159629168,0.00187521035093141,0.000598145135022321,0.00733936399742618
-0.0178847248191204,-0.0248772678609597,-0.011690532520295,0.00281016505237552,-0.00792912424943226
-0.0619981789586955,-0.0351479872860152,-0.0630901212869995,0.00542528686312838,-0.0486401049620409
0.0100600070596542,0.00350779729758433,-0.0216654841813176,-0.00362240516017454,-0.0135601899416007
0.0152891839944085,0.0252875510427364,-0.0115848978039509,-0.00287200202123661,0.00187735535510392
0.0564495310214268,0.0132945373146953,0.0493296797572249,-0.00292118352805348,0.0327332076936453
-0.0133583122912764,-0.0158722532572187,-0.00254302954868557,-5.59022950968879e-05,-0.0265710414169633
0.0101543795921737,0.0129939231834766,0.00386769935809528,0.000145918276020396,0.00536937668844018
-0.0285223929388688,-0.0215702205361545,-0.0156756410920423,0.00382870616808351,-0.0260211977106194
-0.0218726339698831,-0.0236483107958513,-0.0317861805512998,0.00488589364241232,-0.00909890365760435
-0.0271781198933516,0.0146210214127744,-0.0246600058437244,-0.00235989580261875,-0.0164121424375357
0.0332419768367076,0.0129287137783063,0.0064110085801321,-0.00173869263766602,0.0278154842595397
0.0345683237785572,0.0167625770150346,0.0329275227140831,-0.00357379496085208,0.0244738694700246
0.0141427508063849,-0.00181652289721013,0.0229431327616889,-0.00229869040733488,0.000188417148177189
0.0292774425053008,0.0297264736459499,0.0167394271300159,0,0.0207069896111971
-0.00412011726487593,-0.00147646083986519,0.0124338157590793,-0.00343184625986015,0.00929824636095433
0.0285623359058,0.00898304738455336,0.0150980818393647,-0.00175802841132622,0.00151750349057433
-0.0174814356435644,-0.00353513972207686,0.00793584776764455,0.00199055589234742,-0.00407115036532313
0.0200755786490316,0.0144931782630682,0.00541103687640643,-0.00207829471141086,0.0243377161014233
-0.0165933472254379,-0.0212535717646357,0.00649788390897599,0.00299501269989655,-0.00783869540724247
-0.00949615444985097,0.0157981183899845,-0.0168853733359862,-0.000317803833975061,0.00682371240581148
0.0145788764757153,-0.00591491407350353,0.00846061615830007,0.000371961563113699,-0.0168668922584145
-0.0228035923467397,0.00353358389398406,-0.0270048111617552,-0.00112962221984914,-0.00288029185051653
0.0401182769919284,0.0231342340730221,0.0136199380159716,-0.00117108657822984,0.0095568933013841
0.0119861698040722,0.00887671886870844,0.0318970285082205,-0.000470170238765499,0.0235004761818258
-0.00561840406954683,-0.0173747299488745,0.00622417223611027,0.00498413622411165,0.00588206012464276
-0.00397037489501417,0.0138742060256154,0.00533341840673107,-0.00359811975520263,-0.0176928743360735
0.0599463395937143,0.0286050434138432,0.034856738419762,-0.00623248105157759,0.0303843613451293
0.000723222680263147,0.0018471320610618,0.0164459832627049,0.00250453053211763,-0.00698435268546393
-0.0378694803786949,-0.0225727961707221,-0.0143848770777721,0.00740248353063788,-0.00703589847900943
-0.0534064448283632,-0.0248479959589528,-0.0269584975127805,0.00627642885935176,-0.00966667676004263
0.0191239485795907,0.0152954798030289,0.00868819832931789,-0.00144029498874299,0.00208263563295374
0.0167406369228373,0.0177465715028964,-0.00316868426650807,-0.00235404379139803,0.0124067715670197
-0.00896002450605005,-0.00508322109536763,0.0160826096866606,0.000908444099313677,0.00415907564230333
-0.00540916467042729,0.00710519662203501,0.000720256697287702,0.000812686715156552,0.00966491951070525
0.0126641286613316,0.00959972622254468,0.000264270322717364,-0.00232690674808067,0.00781796454015327
-0.0327604726100967,-0.0319830818580596,-0.0105839490230348,0.00374644422234183,-0.0127216691209964
-0.00388672959466962,0.00984420314663415,-0.0265949710156674,-0.00233384115633528,0.00593601574542979
0.0351170568561874,0.0218518560653462,0.0180522318770489,0,0.00663848623777308
-0.0179244557273638,-0.00614639207853773,0.00618913036780167,0.00111091832331955,-0.00721804136102233
-0.0140216199279335,0.00154766924327765,-0.00776677191245767,-0.000456809049471651,0.00841954689538427
0.00111225867958997,-0.0149593078372959,-0.00942786939241802,0.00152654692987353,0.00932056677748494
-0.0141258630267439,-0.0113282101591453,-0.008405079754226,0.00126631054714887,-0.0286342861308353
-0.00700313933832408,0.00216049297644538,-0.0187321160590291,-0.00136621219772215,-0.00780367571423413
-0.035667963683528,-0.0210958317614178,-0.0259120747590428,0.0012033599075314,-0.0101446829621378
-0.00462340282447882,-0.00428143291969096,-0.000525333757265822,0.00181230813574595,0.0098450326541637
-0.0233932944852631,-0.0205473492927105,-0.0264766259074843,0.0018013912087016,-0.0153513513513513
-0.00363196125907994,0,0.00338438575855382,0,0
0.00303766707168895,-0.00190669075118133,-0.0121126976110678,-0.00265465695961076,-0.00342766699263897
0.0438695163104612,0.0259287678086491,0.0284287651166075,-8.38398124435313e-05,0.0137008222317434
0.0067970822281167,0.0037935039644228,0.00805885039519993,-0.00110759384793546,0.0134174953981325
0.0464350403424996,0.0424145004187915,0.02072752550595,-0.00266974531027753,0.00694165462912499
-0.0059795436664043,-0.00212997747234023,0.0331846164386529,-0.00045842797577178,-0.00543941539259385
0.00633211967706182,-5.02980609199399e-05,0.00179042150002084,0.00251201685904978,0.0059295453954753
0.0112474437627812,0.00652335788780634,0.00560041368042041,-0.00036532743907769,-0.00122438490831944
-0.00972233024811386,0.00432280193241041,-0.0131238793618037,-0.0013193370216541,0.00332050026892072
-0.00133521834747086,0.00429086731232564,0.00617802658883093,0.00154407295143733,-0.00949000990574744
-0.0211561148250099,-0.0162889822316892,-0.0122099291937425,0.00246471635846013,-0.011837739190375
0.015748031496063,0.0155495614445349,-0.0141309516366517,-0.00314024402668478,0.00149315541803863
-0.0293466223698783,-0.0132939752665902,-0.00981166193751237,0.00159384781896055,-0.0129206390116149
-0.00456360524814592,-0.00526474046548375,-0.00846932294185287,0.00153518959132271,0.0143558391450285
-0.0305362259516988,-0.0106204001012411,-0.0139716135118783,0.00230332993297333,-0.0405934035006547
0.0134267860158757,0.00383410649312865,-0.00802744850100601,-0.000329597890573408,-0.00594508186055931
-0.000583284726272892,-0.00020396509970888,0.00819055847140282,0.00219202750723779,-0.000534687076737206
-0.00166750041687513,-0.00843788109271282,-0.016918077157441,0.00168145283206478,0.00258470639183916
0.0275597127108738,0.0286683495720412,0.0135342390390758,-0.00410807350521758,0.0241907282939249
-0.00983420026007809,0.000343890443275763,0.0171157239820368,-0.00203568422738853,0.0101218689837164
0.0118197488303373,0.00521981606404864,0.00371610102908781,0.000642576584325871,0.00643765287468789
0.00665206457370005,0.010217972485985,0.0088821961444121,-0.00319834310498746,0.00131023966006638
0,0,-7.72948217739877e-05,0,0
0.00233701345797388,-0.000215307343559012,-0.00345101208410559,0.000681008024706387,0.011572129026878
-0.0161601543656535,-0.011208480813344,-0.0120854052542072,0.0037835827429622,-0.0121002645303798
0.00694614693143736,0.0111612103361625,0.00125508876035307,0.000409178101316909,0.000564093313060399
0.0138776172699238,-0.0056545578412136,0.00239653150482444,0.000617456242968162,-0.00138306875278527
0.0106459617385737,0,0.000798909500385303,0,0
0.0215428480912401,0.0147558970426884,0.025137861768705,-0.00274190733404955,0.0335511725695328
-0.0166692510466738,0.00196032057262752,-0.00250823610693096,-0.00143624357345962,0.00540089836725333
-0.0178191279665695,-0.000219122874996258,-0.00543678750025345,-6.22468034736645e-05,-0.0131767797448208
-0.00561933049690932,-0.00392207411188061,-0.00573668877997535,0.00154402092439199,0.000883514431168297
-0.00266408331315082,0.00265129944172404,0.00416570279031214,0.000169397058553677,0.000543083168709879
0.0213695968916949,0.00563100940123906,0.0192828998476637,-0.000421001372010954,0.00848248884523017
-0.0106990014265336,-0.00104444667228998,-0.000169366323909736,0.00241215889112545,-0.00778891383333713
0.00696947849074747,0.00173247100544316,0.00509959110561731,-0.000511162845908686,-0.0126436401507938
-0.0114558472553699,-0.00392662017884626,-0.000583041907275872,0.0020345072779413,-0.00630260027152962
0.00845002414292617,0,-0.00110580522104142,0,0
0.013725959620142,0.00483170535137933,0.0215616927910771,0.000749208914570865,0.0123164286661324
0.00724238368889241,0.00836316067416121,0.00882898434856805,-0.00175343916524728,-0.00341049330406884
0.018210238374365,0.0035799737117741,0.0107821977243547,-0.00272725378881211,0.00374135729358382
-0.000690819772797058,0.00764388508378699,0.003734581369361,-0.00183418041049477,-0.0117570866437755
0.0144404332129964,-0.000916451445843847,0.00459944666998324,-0.00114770361020033,0.0104949786334758
-0.00878322101915652,-0.00260238224908504,-0.00203290879710871,0.000386073552760768,-1.80706018414467e-05
-0.00427774807119397,0.00640680244553105,0.0021464107876592,0.0019847913542681,0.00405491554350812
0.0257767548906791,-0.00175045417303377,0.015384139286833,0.00238743180040801,0.0051604117130648
-0.0113678857228331,-0.00582394690318588,0.00160942513579854,0.00104719497712602,0.00257700629181068
-0.0127089794992057,-0.000532242095333424,-0.0101620558571418,0.00167889063662185,-0.00812906006515157
0.00574668607769513,-0.00164478931001799,0.013377147211719,0.00190330693556939,-0.000811865804864476
0.0284930671948804,0.00676467305216377,0.0102985027761946,-0.00163821475091908,0.000132951431680572
0.000296296296296239,-0.000868784362050845,0.013766605104822,0.000199281471133572,-0.00462505372906219
0.013329383886256,0.0124691923275502,0.0042276003691355,-0.00365251222066865,0.0132565895266306
-0.00453083893598372,-0.00132987012117758,-0.00094482550221664,0.00146468163337055,0.00316052099963926
0.00983702833651456,0.00257489695385549,0.00128029434339849,-0.00264715326865006,0.00577003102084261
-0.00116312881651637,0.00142348189437147,0.0115927455854772,-0.000204539920180991,0.00221804303444162
0.00611353711790397,0.000505249842083444,0.000949025663576464,-0.00138901592094542,0.00720731084170745
-0.017578125,-0.00692230546132366,-0.0183724929069355,0.00232190342504346,-0.0110743877035531
0.0094985641705323,0.00593127281965367,0.0106703802754087,-0.000272098108039964,0.00921063289572555
-0.00882567469000739,0.000447075226355231,-0.00567019466192265,0.000924468786893895,-0.00220318772870132
0.0022812568989623,-0.00645987446597129,0.0110586187057662,0.000260728534029031,0.00625229964693097
-0.00124816446402343,0.00963438392816274,-0.00871222908091884,-0.00216920456819736,0.00521197815547669
0.0155112842755274,0.0035481053200781,0.0126783981548173,-0.000214078898778114,0.00297568429226058
0.0163602142753729,0,0.00383733104212558,0,0
-0.00527065527065529,0.00122148858299864,-0.00192327534197356,-0.00194802529832794,0.0166901316883512
-0.00988113991121287,-0.002083974139512,0.000150736393112361,0.00217122293154692,0.00455037335983244
0.00361585189470648,0.00365643757443856,-0.00491499697808895,0.00021535213514623,0.00659564669939994
0.0138348465196714,0.00019798648979874,0.0078471665056572,0.000417361951419393,0.0109965892389892
-0.00753375977256576,-0.000110751307113355,-0.0103133922805422,0.00197871323277532,-0.00544359407879225
0.00393869951303349,0.00222808369097294,0.0117387365481354,-0.000154039416805807,-0.0114672799470129
-0.00313859761751911,-0.00407347093291055,0.00997342616850583,-0.00142622815786231,5.45607912938451e-05
0.00701252236135952,0.00217963703908897,-0.00249358530576926,-0.00161615462129072,0.0137729220693534
-0.00902437291266955,-0.000209887433403111,0.00333275623268703,0.00204896399178467,-0.0123616177754935
-0.00401548831206078,-0.00113726668366509,-0.0133915807151608,-0.00118487482850993,-0.00131832320299752
-0.0353491720662347,-0.0155447574247493,-0.0226075046177452,0.00201917361402537,-0.0153787772232412
0.00746324352563632,0.00637231499567981,-0.00329171354809576,-0.00102191874589042,0.00666985219139682
0.0281502333506185,0.00573606021693962,0.014446198609136,-0.00171070961232489,0.00727670230510502
-0.00662871964838951,0.0010907606716628,0.00701734529300246,-0.000146351736766803,0.0054477420301553
-0.000580256763617948,0.0029870951847295,-0.00883316857353778,-0.000319266889779457,-0.00468492426728706
0.0152405834966252,0.0173713113669445,0.0153223665729432,-0.00343780674204985,0.00606804991170873
-0.00328829794838792,0.00124621582864815,0.000297487298409171,-0.00523861875136789,-0.00832942355535737
0.0061679695904755,0.00444563705642076,-0.00123273335911456,0.000174716805672492,-0.00308812082024135
0.0129731270938771,-0.00151883488631988,-0.00185214449877513,-0.000169540886367003,0.013586885794052
0.00436281753571155,0.000491801885200038,-0.0018708535775811,-0.0023037282933499,0.00273901941492993
-0.0131016604778251,-0.0052081099735326,-0.0106856384223957,-0.000228506229502767,-0.0151321542342105
-0.00305267641629992,-0.00345934215561838,-0.0020657641987134,0.0026085588176874,0.00210636957580879
-0.011322367015595,-0.00597997912945247,-0.0067101958918454,0.000677201716057896,-0.0105775151286611
0.00590607893978667,0.00265140473541381,0.00135589024310323,0.00168414491977043,0.0111653242486502
0.0141056852355721,0.0123006468076465,0.00278186221679522,-0.000228196574535766,0.0027968564802201
-0.0047306361646543,-0.00331487734751568,0.0106490701486777,0.0021094386854521,-0.00149552597603264
-0.012627695800227,-0.00525366752259449,-0.0108792078903468,-0.000573135496968913,-0.0122507874993076
-0.0134358384825406,0.00149323881050067,-0.0107993867411531,0.00163374481587875,-0.0170937831496507
0.0130361954701042,0.00503725901410679,0.00862571981390903,-0.00228883553476666,0.00730812140501769
0.0139468008626886,0.00396988658219666,0.00614132845045967,0.0012136109118781,0.016978573984604
-0.00794100964265465,-0.00456625244714381,0.00758825436084631,-0.0036699833333973,-0.00405515790346134
-0.0369496855345911,-0.00945465872417472,-0.0173140658856555,0.00248386925060373,-0.0201502959747698
-0.00244897959183688,-0.000573652285641879,9.22658298452284e-05,0.00164582451550022,0.00825372806662972
0,0,-0.00046232904380239,0.00435595884618944,0
0.000669543222734825,-0.00999612838996333,-0.0100195029358698,0.000404663704572483,-0.00624061762813644
-0.0240874284439817,-0.0165242674572492,-0.00978905905145566,0.00247338889452453,-0.015242545681269
0.0104365049135369,0.00703466755536253,8.13889530189016e-05,-0.00179071492825189,0.00772561624582679
0.0158323281061521,0.014149473056124,0.0086930157472147,-0.000733821477867047,0.0117103832234369
-0.0216713670773342,-0.010548404122291,0.00261817652574048,0.00265781865657666,-0.00747114762536116
0.0021241086329844,0.00558943491450115,-0.00647286126555036,-9.15199402884426e-06,-0.00964150000653596
0.0267221801665405,0.0150236985272378,0.00021492671316703,-0.000382353472056729,0.00471480948194225
-0.00766792007667916,-0.0063128289461607,0.00361168653694088,0.000621562048499502,-0.0105886864993511
-0.00304628872873169,-0.00500138562440344,3.3223537452276e-05,0.000446565524785614,0.00156280252545393
0.0106573259800269,0.00502652521535629,-0.00170489092231274,7.62150585709165e-06,0.00556812108709459
-0.0284639775827742,-0.00783585995956027,-0.0132054920140554,0.00124407432435869,-0.0028584696453624
0.0166223908918406,0.00575510036873528,0.00314762185927031,-0.00113037871873656,0.000576411186205439
0.00955651784381062,0.00718644815344027,0.000614741960461185,-0.000509817608749796,0.0040716034208963
0.0047330276586306,0.00870133912632864,0.00438534506527355,0.00127074652546133,0.00665687316113983
0.0103783306344767,0.00179401979901295,0.00376938319956333,0.00035256536356254,0.00347393766268222
-0.00772200772200771,-0.00111005782730234,0.00673550105769527,0.000211363168103107,0.000634281865372177
0.00345055429116803,0.00497167340011062,-0.00044820099581544,-0.000866583441508362,0.00398594193723145
-0.00885279484928303,-0.000809412052749425,0.00443040070735012,0.000930557082504224,-0.0130193988384619
0.000811987893998722,-0.00455209702757542,-0.00528434286420065,3.2723127336487e-05,-0.0136904206276429
-0.0190293553621479,-0.0127454524917014,-0.0109899707572495,0.001646756521265,-0.0235477739426426
0.00270676691729332,-0.0022809122664853,-0.0108875948661367,2.32982938812576e-05,-0.00219055418699643
-0.0203959208158371,-0.00538444085664402,-0.00926322334140806,0.000922033822763346,-0.00576655276952909
-0.00719534598897731,-0.00688807010061843,-0.0146335769910401,0.00024136500258054,-0.000518670708754221
0.0090979182729376,0.00191122718012227,0.00290891621384715,-0.00054660786943328,-0.00125946110343411
0.00275061124694398,-0.00242632055257985,-0.00983745781808165,0.00135625803372186,-0.00761913965715422
-0.0259829320329169,-0.00977010465382044,-0.0188850811742259,0.00201785743170024,-0.0105993032008628
-0.0115778768677149,-0.00487081513522247,-0.00507791891275988,0.00020985427235054,0.000530867928226764
-0.00743965176098138,-0.0014698755781376,-0.0230019307049147,0.000128861819781001,-0.00424657379418791
-0.0136352762937564,-0.012386878498156,-0.0036032786694512,0.00189410032629866,-0.00438533708744915
-0.00937752627324173,-0.0058758937549297,-0.0152417450764715,-9.46266412751307e-05,-0.00177554194142548
0.00987432675044886,0.0109218332372292,0.00817518334726586,-0.000437689632997618,0.00664802380285656
0.0185858585858585,-0.000133007011430486,0.00669399622106481,-0.00137986743200613,-0.00860008341028295
-0.0348274494248314,-0.000532951541061366,-0.0240305585380131,0.00110743646612788,-0.0189970822299155
0.0102745355909912,0.00305991991225918,0.00593155665953415,-0.000885573612928847,0.0040336735701274
-0.00276625172890732,-0.00597996386759625,0.00024693047568336,0.000649391246125397,0.00280052318317225
0.00203965081178104,0,0.00820320632937754,0,0
0.00757205666829508,0.0102832723867075,0.013695098062354,-0.000138561100910817,-0.00457118311573823
-0.0260202020202021,-0.0127775665028885,-0.0145449698524666,0.00445749842900334,-0.0232854838994753
-0.00564174894217218,-0.00170087433091082,-0.00138211122805898,0.00183669471209025,-0.0117306349959825
-0.0192740926157696,-0.0221795479438929,-0.0135622532858743,0.00367016030473,-0.0255185813492707
0.00561510974987245,-0.00141151261682215,-0.0126394658326697,-0.00210253788896519,0.0058639548720667
0.000592216582064209,0.00218891276518107,0.00462315207516562,-0.00153247662973144,0.00141222119224826
0.0266339731123701,0.0239450937169983,0.0196188777900352,-0.00322389144930146,0.0133991152338924
0.0164717509471257,0.0037189100917463,0.0118877317209527,0.000582508907814638,-0.000684006351134636
-0.0102090422946038,0.00748246770614269,-0.00862708888332964,0.000119496687983611,-0.00542817285509212
0.0036836935166995,-0.0113093397895124,0.0108615998506005,0.00104421602218951,-0.00850516756237141
0.00195742598482984,0.0130986628966583,-0.00181234934846053,-0.00229387589298924,-0.00105199133439804
0.00577940577940583,-0.00560094939669875,0.00720047651762612,0.00173592348767082,-0.00547119005224905
-0.00121398510844939,0.0124456506004194,-0.00558184919179772,-0.000592859244978872,0.00867383907033914
0.0119925451746212,0.00911089215252137,0.0128490914470767,0.00187352230729187,0.00128756886811243
-0.00232204339819042,-0.00198617429325365,0.00966077867042325,0.000258089153014174,-0.00199175780515692
0.023916532905297,0.00749617299323302,0.0102522432679091,-0.00169944179449433,0.00835919278032904
0.00783821915660776,-0.00100838288211003,0.00514853256067616,-0.000546533788861825,-0.0187978906404218
-0.0124436148701198,-0.0194590723885126,-0.0166785579337465,0.000914651675384404,-0.028309146688169
-0.012915419751142,0.00534517935312873,-0.0161465357534525,-0.00187654581119667,0.00843599509343673
-0.019626615605553,-0.0109268620340047,-0.0141303841676368,0.00236460565570251,0.00689985611807886
-0.00162760416666663,0.0025607333790616,0.00302410546228304,-0.000815843919581005,0.00888811936147027
0.0125529833713727,0.00754246589528762,0.00700357772275995,0.000384166228802441,0.00760871950339248
-0.00724521011109325,-0.00195964694340156,-0.00673157409875458,0.00102739425376597,-0.0165084326765873
0.0483295491404476,0.0220462636831564,0.0338636133585368,-0.00186199488283412,0.0563424337826179
0.00611076732673266,-0.000628954712782792,0.00436995167267185,0.0021707314011723,-0.00340796734000037
0.0119166602598602,0.00592283740813371,0.0163841702244387,6.86356068000382e-05,0.034490904847958
-0.00759762953958365,0,0.000478990228376164,0,0
-0.0118664829275763,-0.00364254352812821,-0.000784186956412691,-0.000239707181521998,0.00348217807563311
-0.01572789958937,-0.00908378380495589,-0.00959333068571766,0.00168687086831887,-0.0241759165198043
-0.0043293450881613,-0.00283225062609505,-0.0105254028336192,0.00131410876088345,0.0183322073551329
0.00490157324689711,-0.00653055059246865,-0.00150376795756213,0.000275016167503583,-0.0158045791984641
-0.000393360081818894,-0.00384009448404843,-0.00184007323810709,-0.000149331926916241,0.0113851864128822
-0.0158980009444357,-0.00247998556363382,-0.0191959110248137,0.00107669914163777,0.00467707564503028
0.0186340371081253,0.0162102805436903,0.0132290150963326,-8.58237394950612e-05,0.0107987735807349
0.00149171704483009,-0.00390349122265587,0.000822339593496535,0.00103671001387018,0.0152046803492512
-0.00470366886171225,0.00615481488997549,0.00730655011403392,-0.00121260430515668,0.00299497379816205
0.0155166981726529,0.00870056726951574,-0.0023074559670937,0.000528803309874482,0.0114392918269504
0.0110137283797409,0.00268536948824516,0.0111046041599414,-0.000366649373453543,0.0234164439587234
-0.0216340621403912,-0.00933238411968296,-0.004483808281738,0.00191226630004904,-0.00437198649101889
-0.0289343683839096,-0.00788531623895516,-0.0259983448426182,0.00082680151832637,-0.0282227143805786
-0.00726744186046513,-0.00818636985492149,-0.00327396336634289,0.000961731305461289,-0.00519143170167113
0.00260289572149031,0.0046546006800483,-0.00404596733407592,0.00030104465727776,0.00594937609617463
0.0396722375466494,0.016714625443905,0.0121073719124705,-0.00141803785907602,0.0023772440363965
0.018337885290675,0.0145664875182658,0.0276923683723607,-0.00324451664989278,0.0099841588498728
0.00551724137931031,-0.000202273423303034,0.0076645565619442,0.00152629367308466,0.00441765136970629
-0.00388660265203467,-0.0049209511536793,0.00388266422907946,0.000617764082927019,-0.0136167679127887
0.00313671486496814,-0.00274638350651157,0.00203425311777461,-0.00126391540212833,0.00281317992009344
-0.0234899328859062,-0.00710695974414943,-0.00962220551797099,0.00110835456868852,-0.0114114537751107
0.0394407997500781,0.0170060313790039,0.00839391702447156,-0.00284394461322557,0.0274763546673311
0.0105943346607558,0.00162979954681841,0.0154571897062834,0.000402581419030712,0.00416507995984183
0.00795539033457238,0.0038946304533225,0.00052214791116123,-0.00251243603379825,0.0115657072955966
-0.0020653536918197,0.00125231684664517,0.00301107297804837,-0.000877986431027655,0.00226099292031368
0.000147830586148423,-0.000465507917057462,0.0091702361523196,-0.000258413994759454,0.00481542407896063
-0.00103466114847395,0.00324798672765136,0.000170233805831588,0.00115150559419108,-0.00790675527020801
-0.00125767551971578,-0.00266523171694022,-0.00671279181455697,-0.000116946352926584,-0.00380921270050594
0.00429629629629646,0.000323726494597665,0.00489944620650373,-0.00234671411186638,0.00294578368219134
-0.00309780203569865,0.000544199724519023,-0.00306175092183802,-0.00239014100099733,0.0100798337453016
0.0097662030186445,0.0064813853775183,0.00172187263045065,-0.00131532393909706,0.00821327759860302
0.00065943728018758,0.00189340266883042,-0.00486146192969594,0.000876609689976604,-2.38618866115203e-05
-0.00139122794171487,-0.000268094161691157,-0.00163058950947337,0.000330549134505143,0.0025759619873047
0.0153248276873441,-0.00512827675375405,0.00654888346052518,0.000467598894775323,0.00938335560346837
-0.0129992056041021,-0.00198872148633478,-0.00604787182557409,0.00361779556964681,0.00169833646822415
0.00336577156654716,-0.00875286011299381,0.00482418900229331,0.000752682323695408,-0.00378000341231399
-0.00415663968497038,0.00806220434225358,-0.00884417076371091,-0.000351388296841115,-0.00537105989969877
0.00446690099589908,-0.00253076272410135,-0.00456206885565391,0.0011063978407202,-0.00528265419897966
-0.00298899176204703,-0.00148069591094857,-0.00412550679003465,0.000422198902983562,0.00231309733384899
-0.00416788534659251,0.000342454274479431,-0.00396804947178564,-0.0005355935832837,0.00030621773636752
-0.00998604890226873,-0.00773568673900149,-0.0088678523107597,0.00121593084662397,-0.00260234926050873
0.0133501446265667,0.00693225882440052,0.00312085336255108,0.00274839624804168,0.0121016370132612
0.00666032350142709,0,0.0059553785859292,0,0
-0.0128689835684164,-0.00419358957368343,-0.0056953987919458,-0.000439525372431082,-0.0036663368263643
0.00390366060248959,0.000891020774660634,-0.00804574809457537,-0.000533249263851565,-0.00568474754224668
0.0258253851797503,0.0190194929837826,0.012224035697004,-0.00295614641883546,0.00448533246087379
0.0157345158060365,0.00110116473631328,0.0193517905128144,0.000188717119045556,0.00732987945932684
-0.0033093930432333,-0.00385699014889906,0.00146757078501092,0.000232974121104457,0.00177448669066882
0.00798304486047319,0.00521110084555221,0.00324520982251775,-0.000937683805915412,0.00471024716659829
0.00455564900476602,0.000897680674109669,0.00562348185846373,-0.00182253680194622,0.00246083225265603
-0.000348845321984315,0.0157361615708249,0.00361802564427149,0.000568481584683811,0.00630502118706144
0.031895589056393,0.00395155394087765,0.032714894809752,-0.00415838937819213,0.00995634506464316
-0.00419343929658444,-0.00279754267273224,-0.00128242400580825,0.00112545188025992,-0.0223554330198352
-0.0105956666440263,0.000851559925995282,-0.00570645840018469,0.00094260662420087,-0.0125988451026312
0.00425619551040035,0.000981733140778651,0.00257709877441958,0.000747244441898332,-0.0199953224097845
-0.00957003212796503,0.0014941179080481,-0.0109718312074363,0.000257348233586807,0.00246673319492885
0.00759196631927694,-0.00128398040142264,0.00842087630969912,0.000687507765524398,0.00853670149472285
-0.00911021302828974,-0.00151287343226147,-0.00211471056377555,0.00106203285228323,-0.00945842798439456
0.00781141988110057,-0.00747606443507076,-0.00244210149260016,0.00126186190279554,0.00150191012930234
-0.0275053158652856,-0.00327264189170096,-0.0114461995354139,0.00178955566166272,-0.0103140463346263
0.00514882211877543,0.00540153639675145,0.00808684369513046,-0.000715442848881476,0.0128783190583242
-0.0114377938390288,-0.00362151185092052,0.00430480841377023,0.000682957144439111,0.00827877679796196
0.017603634298694,0.00580376137531724,0.00260800837432917,0.000114664488957361,0.00188157604497108
-0.000279017857143016,-0.00234423412627838,0.00114931701415433,-1.99828047964257e-05,-0.00418832474118913
-0.00348869662294171,0.0011936817164877,-0.00369682560791562,0.000270023045630063,-0.0230022971958743
0.00791205713485499,0.00598399492722557,0.00301570636432213,-0.00176129364308597,0.0251096892250251
0.0144494616186177,0.00310454483730815,0.00363100604589062,-0.00206910008780725,-0.00803235910208633
-0.0166404163528042,-0.0019467961065629,-0.0108032949184735,0,-0.00428341899106832
-0.0101671309192201,-0.00810706927891003,-0.00134946402912772,0.000669571401605173,0.0164635144921943
-0.00485436893203883,-0.009541168943066,-0.00451384154548662,0.000796134065168763,-0.00342482096944097
0.0111700247437259,-0.00139288217822875,0.00392195318491484,0.000588490320823531,0.0108478091165525
-0.0033559393134307,0.000184207221636035,0.000744271972479948,0.00032746948642326,-0.00973577703281381
0.00280603297088722,0.00715622173038932,-0.00146887044976396,-0.000189314935022722,-0.00333212022754725
0.0200069954529556,0.00950188448930023,0.00816956224470111,-0.00199005920901407,0.0017557273862332
0.0125505795212948,0.000704316980038477,0.00802168484363697,-0.0026323869054854,0.00104165078583174
-0.000338661609319835,-0.000300525452403777,0.00253220934742804,-0.000779260855623853,0.000295298678889333
-0.0122637035029474,-0.0151620171164092,-0.00715090953270359,0.00184266270922984,-0.0136497257182605
-0.00102894772945539,0.00017871793604507,0.00124521817314771,-0.00130985797404293,-0.0114907527706006
-0.0247201812813294,-0.0182354599207694,-0.0104041270315848,0.00208952297645792,-0.0141895044837407
0.0049285362247411,-0.00192232657082958,-0.00228026841653317,-0.000898981697545209,-0.00399212519054448
0.00189168359840264,0.0020143826842971,0.00460442921971738,-0.00172777869971719,0.00114402816882797
-0.00111888111888114,0.000269359672870895,-0.00842576752327495,0.00302218135753951,0.0023458889590553
-0.00595071408569026,0,-0.000455454035408032,0.000520273882200994,-0.00402237364296598
0.0142263539685892,0,0.00296713580955688,0,-0.000935517875376268
-0.00680508298034854,-0.000802628628885693,0.00226305606197386,0.000707956351796879,0.00305822479410511
0.010976718171013,0.0103966293135154,0.00442565948324147,-0.000643346262030442,0.00176005183440298
-0.00297372060857548,-0.0105392378688524,0.00505614444677538,0.000126797498631204,-0.020011223132003
-0.010820559062218,0.00160413133326642,-0.00385715690310684,0.00104582146219068,0.00604586006045871
0.00708225229647286,0.0101617332435398,0.00560228820801201,-0.00204891003042329,0.0234428356817509
-0.0165715081464977,-0.0224472183314967,0.00123504288532894,0.00354793410463583,-0.0251740630544026
-0.00382327952421424,-0.0093881144450424,-0.0120080731828786,0.00238625131365033,0.00307872482068339
-0.00262970859985767,0.000317493087739429,-0.0043233629268975,-0.000195222752152113,0.00691927457360619
-0.00256538160051323,-2.38455368348767e-05,-0.001676529020046,0,-0.00385586695155904
0.00400085732656996,-0.00420225937737828,-0.00688552592948455,0.000891267375225047,-0.00281453540821164
-0.00725823667544301,-0.0136686316752558,-0.00156252435565352,0.000137532595474221,0.00643782285067296
-0.00473084366712062,-0.00227255983416885,-0.00640900027132607,-9.06793126109751e-05,-0.00516034094147522
-0.0167806985956066,0.00366141152511834,-0.00462874917575962,0.000164682586149434,0.00458481363556551
0.0306182244359798,0.0164958779116089,0.0084502932889734,-0.00095106593866201,0.0213208919813916
0.0024164889836531,-0.000228235766312812,0.00153836188748913,-0.00179323671497589,-0.0120857871589729
0.00397050482132721,0.00378299736625731,0.00138940537976895,-0.000434876767014702,0.00513044180665712
0.0110875706214688,0,0.00500955841829698,0,0
0.0117343018788854,0.013830461190212,0.0103788458119396,-0.000143939113754876,0.00586147820329241
-0.00428028995512597,-0.00325251031793927,-0.000753152135141266,0.000720548966838264,-0.00431763374642047
0.000554669624904802,-0.00662843536322577,0.00136051462990827,0.000902347877709264,-0.00158626772785375
-0.000485066869932771,0.00845982521912925,-0.00512585274177779,0.000293691105825555,-0.00521484016719387
0.0170549084858567,0.00328405696197409,0.012643461519622,0.000319048969651403,0.0105075846082274
0.000204498977505185,0.000288880559589089,0.00321774851192269,6.15949654718673e-05,0.0011005992467914
0.00633817215293409,-0.00460462018942021,0.000705424483680162,-9.07659373391434e-05,0.00113048104478164
0.00155763239875384,-0.00106611752091823,-0.000379173328822313,0.00072394899588546,-0.008956704760826
0.00114950300899319,0.00662907137021618,0.0100257086917592,0.000326700149070991,-0.00261636195014192
0.000607861677698329,0.00375008462473359,0.00385718857844775,0.000278513713312778,-0.0117726833824205
-0.00323995950050637,0.00632836180420338,0.00274174337881372,-0.0012566984693233,-0.00471442672346611
0.00121893410983964,0.00119803096848203,0.0049315381915942,0.000526652165445451,-0.00259689662710361
0.0090632397700372,0.00596505600856867,0.00534986957353345,-0.00102707914989453,0.000615014260669344
0.00382063140961186,-0.000226175697718323,0.00662663077241654,-0.00158798351790357,0.00789236459854181
6.67735042736428e-05,-0.00539339108523529,0.00116134955709613,-0.000647948218117422,-0.00911164851760837
0.000734459504573515,-0.00271111957367787,0.000247487420654835,0.00101268481497874,0.00912924069694943
0.00353616226314379,0.00764140859787288,-0.00263971863240609,-0.00231183118012046,-0.000339804706741442
0.00844358752742513,0.00873261355667898,0.00599300908615863,-0.00178189388505201,0.00511416917021257
0.00784546413502119,-0.0074144603983799,0.0066325658377473,0.000645355795962255,0.0071135727662528
-0.00111205599529018,0.00492183148190595,-0.000433847086436234,8.69778602494709e-05,-0.0019206555706397
-0.00772757039947591,-0.00908041181552677,-0.00915634245492625,0.00132610903418362,-0.00683378086890751
0,-0.0039236313209865,0.000684384104888247,-0.000382713178624372,-0.00195538963451025
0,0,0.00161551786800174,0,0
0.00197993664202745,-0.00186476985937978,0.00178500324752506,0.0004422042102048,0.0132735179052323
0.000526939797128367,-0.00139359251354909,0.00280598031481394,0.00110902648948952,-0.000813816338207096
-0.00658327847267937,-0.012079707005237,0.00549930272840182,0.000751282492967853,-0.00208074136651049
0.000397614314115335,0.0128329847430972,1.64871153194301e-05,-0.00124311987113135,0.00334372110825276
0,0,0.000535572613054702,0,0
0.0245098039215685,0.0238352129473254,0.0212471562935046,-0.0024505635020371,0.00924175211003941
-0.00556058450795283,-0.00158034755919756,0.00421079600766472,-0.00216345846438082,-0.00383872452444578
-0.000390117035110493,0.00327453601930894,-0.00441126850261786,0.000305571324141551,-0.00514175270840755
0,-0.00378948255671241,-0.00192539898110833,0.000150226834984446,0.00307936008696963
-0.00377260309613636,-0.00359119874276703,-0.00548844247008817,0.00116998577078276,0.00199101535463053
0.00509271350221985,0.00462665209494673,0.00296309726930932,0.000273212870458783,-0.00162936403732328
0.0104586202416528,0.00602776198401189,0.0036951396779501,-0.000791825014948566,0.00566255800886672
0.00867888138862094,0.00127658928948593,-0.00366783168695306,0.00121842395581129,-0.00548111712896227
-0.00216698534098159,0.00140082627772942,0.00717305070799612,-0.000161707267726352,0.00853769441293406
-0.00121359223300965,0.00204127471437876,-0.00669226645960519,0.000839509293277585,-0.00458941736725238
-0.00351729871458728,-0.00142931086078824,-0.00210600641475123,0.00045447803673504,0.00172914406455416
0.00930560903606747,0.00627478559695382,0.001814230118385,-0.00191976071357214,0.00751311893215179
-0.00610415209512305,0.00394828699515637,0.00707088667032751,0.00117349217420992,0.00398687693232502
0.00441430490691563,0,-0.00239373765454676,0,0
-0.00254777070063694,0.00457977652962382,0.00100711728809721,0.000499220969686576,0.00490992134230295
0.00159642401021709,0.00489468388356662,-0.0023418780543315,7.66492936619123e-05,-0.00314652333590071
0.00981829773669096,0.00333846407083538,-0.00395210864798534,-0.00066975327581742,0.00337681716135796
0.0104173243260308,0.00511038205485992,-0.00292091845511278,-0.00280186603927335,-0.0022139405111854
-0.00224943764058971,-0.00101137619160874,-0.00648743450826172,-0.000784183225415958,0.00390641150423998
0.00450901803607207,0.00522236955207611,0.0076476162597432,-0.000591365906837282,0.00778421228447179
0.00105985037406486,-0.00302179672654956,-0.00153770857295921,0.000214437211802698,0.00811043873995043
-0.0046085819268854,-0.00358292845287977,0.000829954912193953,0.000473069868645259,-0.000854416981336814
0.0124507288994555,0.0107651416332755,0.00361418356406307,-0.00142885060902842,0.00546036166296537
-0.0247806204424669,-0.00925828656836258,-6.23515162464505e-05,0.00225250752976769,-0.00761983367323582
0.00361193840694507,0.00727396631720034,-0.00470169567420431,-0.00133997288389465,0.00419088267433909
-0.00284126783684802,0.00100021989853194,-0.00357795431584262,0.00128137603479561,-0.000815312858704509
-0.0131703919457988,-0.00272409202857848,-0.00389775051327235,4.12169557508779e-05,-0.00385416544309103
0.0114854026307347,0.00350795030328688,0.00127782665096099,0.00033374305654843,0.00547904768848806
-0.00615326059375787,-0.00155301568497224,-0.00198999196358951,-0.000336646453643175,-0.00144991216088897
0.0115529456820067,0.00339700501760487,0.000665979631667035,-0.000596366462038977,0.00100924804756697
0.00283947501261994,-0.000919349221688459,0.00552608937472887,-0.00145018864774116,-0.000510959324665494
-0.00868306801736607,-0.000680712813167172,0.000905572782199382,0.00168825801941441,0.000256686316604249
-0.000888606791494828,0.000598926866617999,0.000649921155081667,-0.000375597618801682,-0.00503187315908582
-0.00196937932786989,0,-0.00199982528673448,0,0
0.0117122851686824,0.00398260938444595,-0.000328367435247556,-0.000664962009895409,-0.000466887089795476
-0.001824587894803,-0.0077040019798702,0.00423109820075673,0.000685789411562387,-0.0108671281469122
-0.0254018279231012,-0.00326439499179387,-0.014285123156786,0.000985854001058328,-0.0164195325986716
0.00834303453628249,0.00898240544242257,0.00023488079799483,0.000310539655612452,0.00124285479784803
0.00339939708806369,-0.0154573240768641,0.000991763615515451,0.00327924521098599,0.000785612410213021
-0.0228202505753003,0.00841267803078938,-0.0110633051655378,-0.0006226123180606,-0.0076978402026342
0.0118401255969125,0.013044116812964,0.00374954890842139,-0.000214179805324233,-0.00524889505239234
0.0069821567106283,-0.00148387096774194,0.00782608433304799,0.000422688579991837,-0.00295069717553054
-0.00995120698510521,0.00250241552351693,-0.00132964259805679,0.000914895668583826,-0.0085792093770275
0.00149147266714222,0.00270878237398686,-0.0111114275194304,-0.000694114638512433,-0.00346245481967877
0.0194250194250194,0.00891487043091188,0.00832427331220886,-0.00057165263951775,0.00862998518374658
-0.00412855691056913,0.00322790527035344,0.00970254059760434,-0.00140727529005491,-0.00650463733885231
0.0063779577779195,0.00232591325763254,-0.00175860470793954,-0.0015043464472736,0.00715782412085275
0.000316876861651716,0.00496946517077812,0.00759610079087736,-0.00172144847916511,0.00279303078583548
0.00164723770907238,0.00355903218092624,-0.00214803270495734,4.27895030807868e-06,-0.0007896944464717
0.000822264389626737,0.000398939578885926,-0.00551661535525505,0.00108961744837721,0.000801602959714209
-0.00505593123933501,0.000852054964582516,-0.00808666743890885,-0.00021849086424075,-0.00436520619259428
0.0132122213047068,0.00580137301685468,-0.00118735380487001,-0.000122220674205309,0.0047189411188655
0.00313459971161678,-0.00172187690677339,-0.00516202133254118,0.00132321309641426,0.00350157679573138
-0.0101868633210425,-0.00427530754023475,-0.0115397594092821,0.00131845034234757,-0.00337050060429656
-0.00978658921580999,0.000260396943040808,-0.00499780829215701,0.00111954582010299,-0.010977443485766
0.00886310017216085,0.00386743837554615,0.00135086275203666,-0.00147610777616392,0.00862752865569782
-0.00827961066868921,-0.0062180825806768,-0.00379103907351552,0.00098067507986177,-0.0063943972352638
0.00420623287234712,0.00627831312847293,-0.00631279571147347,0.000138383391185215,0.00301796202180715
-0.0113600304626514,-0.00442928427837541,0.00670264867152515,0.000193509413531023,0.00392671586930349
-6.41930928231282e-05,0.0077446051665575,0.00630032383016932,0.000300232416981183,0.00848586483059477
-0.0103357514283881,-0.00229976243425412,0.00337532788023909,0.00163875693985127,0.00495498796828997
0.0093409444732746,0.00360542938625885,0.000617415599083904,-0.000288145441411425,-0.00415427646165945
0,0,0.00221633956540002,0,0
0.000514138817480747,-0.000389709384059023,-0.00345495990023403,0.000594221068752177,-0.00296794940124323
0.0120760534429598,0.0061179613042972,-0.00188244497821122,-0.00060186977208454,-0.00188339248136493
-0.0082508250825083,-0.00735556818751415,-0.00393834183459985,0.00165482510119963,-0.0202416951159958
-0.00985536925636754,0.00392188462475107,-0.00766653517692195,0.00161112611220782,-0.00887688900164563
-0.00271458117890377,-0.00279712945526078,-0.00867722409364879,0.00185318144444402,-0.00769504264954501
0.00200907323395993,0.00382164921531514,-0.000860319432647527,-0.00112414034130448,0.00634102589232777
0.00459219972834868,0.00410431232544561,0.00897233088271698,-4.75979720770958e-05,0.00751465545426999
0.0202807107906258,0.0087770044612594,0.0085097524045874,-0.0018362227840657,-0.00178891063711362
0.00971792768347313,0.0042489937797292,0.00465001444485647,0.000404222792423026,-0.00710537540650136
-0.0103743516030248,-5.255050366193e-06,-0.00900001529574312,0.00208019494683587,-0.0133671212726377
-0.00669403220713616,-0.0178851324034414,-0.0158338984132146,0.00102212334169582,-0.022995389496405
-0.00425964778434729,0.0107939447749839,0.00561032399987038,-0.00115344185207522,0.00176667572598066
-0.0217085940492913,-0.00936479871823381,-0.00723422438987875,0.000782635748818095,-0.0146497692527989
0.00306748466257667,-0.0052991499272903,-0.00359948432176893,0.000212555139267101,0.00838824846503128
0.00579087774090703,0.000713063166795536,0.0139675138897355,-0.000344893228670928,0.00245717003889512
-0.00194074265752364,0.00135138520562461,0.000985269163511271,0.000317630298744209,0.00264406964172603
0.0232045631319679,0.0104540973985916,-0.00208509917812816,-0.000346146907136413,-0.00327234686307598
0.00614468516406941,-0.00261920291341666,0.00783999966792859,0.000332326479524969,0.0124256258933018
0.00881445570735995,0.00166927265176753,0.00959943492761028,-0.000399156992376914,0.0170871014835432
-0.00087374399300999,0.000799080048914824,-0.0047194057067329,0.0014648239360795,-0.00457634131567952
0.0118058592041976,0.00721887818364175,0.00510042796458854,-0.000144428598453539,0.0123775958423242
0.00432152117545392,0.00142001102150524,0.0122752519176736,-1.14366182615289e-05,-0.00881779270737382
0.00153675928202612,-0.00935639820931788,-0.0012795637901073,0.00141915138327486,-0.0214249354305315
-0.00533971644264408,0.00888573555855543,-0.000223870211748967,1.98618114468641e-05,0.0189228075657191
0.014192274466247,0.00971741895863487,0.00479512297463036,-0.00360161969855333,0.0135999850954374
-0.00431978583596992,-0.000338509916880891,0.00376037214232805,-0.000484626138964828,0.00262442959009501
0.00501069355331496,0.00583310329578346,0.00646849160536211,-0.000534967585351764,-0.00370171279285558
0.0142883200583692,0.00434790122774031,0.00823685005445185,0.000208763997413985,0.00368818254536629
-0.00491547776046031,-0.00115428335832446,-0.000433633608181494,-0.000140144418573906,0.00315350588092489
-0.00518072289156635,0.00237773248872886,-0.00919356977603458,-0.00217678279583422,-0.00886612833125744
-0.000847765532275613,-0.00154473014657397,-0.00827730051337572,-0.00090730515621773,-0.00249031954508749
0.004,0.00830570045222445,0.00504766711586102,-0.00144324981130672,-0.00371165957012831
-0.000482916817578061,0.00475062464192777,5.19154038494118e-05,0.000914452355779583,-0.001007240057743
0.00434835125015098,-0.00278001299446229,0.000320960305246754,0.00192059793097066,0.00494179741469836
-0.0043295249549008,0.00795505775722916,-0.000488022490950701,-0.00202733947855782,0.00645568740962532
0.00664331440995292,-0.00124511656021931,0.00250071391912643,-0.000223047322080228,0.00470127169040402
0.00221982241420693,0.00341031448346185,0.000130973682257896,0.00103310725661454,-0.00628678856361597
0.00269380425022447,-0.00491001731240726,2.39008116318384e-05,-0.00283223479909334,-0.0080195086269863
-0.0192835820895522,-0.000496984025658787,-0.0210655723012148,0.000461548495201303,-0.00176822317333503
0.000304376940402973,0.000562352819073242,0.000791946861739001,0.000200831406923063,-0.000732069110398359
0.00407740993184036,0,0.00185454549150799,0,0
0.0063034123280199,0.00694545904470711,0.00239137966982317,-0.00474528736312174,0.00988536615850033
-0.00993796301873162,-0.00691741452710926,-0.00978612432127957,0.00135632375561379,-0.0114497599233648
0.010463560043801,0.00180716397631664,-0.00372989393976564,-7.4955806257937e-05,-0.00142529923258572
-0.015833835039133,-0.0136353623390453,-0.00692854863681092,-0.000821557094696335,-0.0112414309083735
-0.00220223894292526,0.00915998533084994,-0.0101894804268992,0.00070441115456954,0.0115411209058456
0.00655999019066877,-0.00481904447213843,0.00612861053340263,-0.00114367369324075,0.00494424916581582
-0.0133390181508101,-0.0142887105181715,-0.0125311359149471,0.00186003096945275,0.00150344036452732
-0.00339527131304407,0.005606697402601,-0.00631513699781483,0.000167682777369782,0.00339900629364398
0.0148662041625371,0.0137960979862741,-0.00380089847107656,-0.0030703174328679,0.00548364222141395
-0.00262451171875,-0.000551350179086696,-0.00766370137354411,-0.00101507714813243,-0.00496816684498314
-0.00581359769903911,-0.00765003756487126,-0.0189911798017782,0.00101484664357332,-0.00517536059239576
0.00184660839591277,-0.00824332688773621,3.05258292123689e-05,-0.00186022072534986,0.00382640661853872
-0.00337920865077401,0.0124287158802114,-0.010284710078885,0.00295214379645636,0.0062608666843782
0.00524012083102154,-0.00697826749593033,0.0107363551247452,0.000783527536169837,0.00777986996898017
0.00791119833190224,0.00727720081960026,0.00442405544046043,-0.000758251426408618,-0.00112311384202735
0.00255552175235785,0.00911618028155958,-0.00369606247012855,-0.000132725432383851,0.00393751962889488
-0.00127450385385697,-0.0134506416404135,-0.00693275251837733,-0.00481703624817265,0.00447694336576854
-0.0461837627613029,-0.0233219862113787,-0.0402205763013717,-0.00213366297540429,-0.0304731440280434
-0.0143985728848115,0.00278384653045749,-0.00859339071020293,-0.0040387853257382,-0.0104142944693976
-0.0195862960568843,-0.00944937171600302,-0.0190011023566692,-0.000836347179836716,0.000431651683094669
0.0129887255225161,0.00687294451189091,0.00295641621030085,-0.000675704092075291,0.00249608821995384
0.0119109606873211,0.0101506134022067,0.0182923829470221,0.00167140055868087,-0.00145602707488712
0.00662507236122734,0.00766933717222851,0.0196823424869081,0.00221861944476198,0.00809891100696736
-0.00523961661341854,-0.00764681973176662,0.0229101025108214,7.13935461249537e-05,-0.00743758530460892
0.0145169578622815,0.00447142298320435,0.00186048768598668,0.000505562328848796,0.00771972587934378
-0.00411548689375718,-0.00252890235884473,-0.0103821007145779,7.43994529481817e-05,0.00814942041842137
-0.0103630237141585,0.00375928248396962,-0.0205932768042962,-0.000864797559676389,0.0134438384500164
0.0188873185147116,0,0.0109699844462225,0,0
-0.0192307692307692,0.00982727227820757,-0.00485984143166485,-0.00597902766088076,0.00737058524668965
0.016586306653809,0.00636290121750638,-0.0124064926935467,0.00221190522451398,0.00191313499777745
0.00139126035540382,0.00496846822501928,0.00746768110384055,0.000418089633927865,0.00436687856311058
0.00656772971266184,-0.000567211329344453,0.00335954443624376,-0.00122340190894543,0.0123091853540378
0.0201392810088463,0.0110687595117658,0.0297869405160174,0.00370916604906801,-0.00340920696692337
-0.000246002460024597,0.000218235372874576,0.00266177064848816,-0.000481739920469737,0.00570069600326972
0.00387549212598426,0.00129139041821102,0.00737819462575673,0.00111433783038239,-0.000342046988883848
-0.000122556529199125,-0.00209317100869588,0.00111215840266654,0.000516513826531062,0.002469505014286
0.00251271679843135,0.00150710953806077,0.00703041517892045,0.00140850115812641,0.00101336715435174
0.00904756082650682,0.00534285641671128,-0.00188983425533529,-0.00163256794184563,0.00680200514007989
0.00393796195322915,-0.0003086825276708,-0.00722035702034673,0.00216329098741408,-0.000594647284791083
0.00567256049725429,0.000116124425491915,0.00379368904700161,0.000123741005005229,-0.00342838784441679
-0.000960096009600897,0.00142793170148114,0.0158557124744072,-0.000614571895150684,0.000302279663704219
0.00696738542855435,-0.00163785307693787,-0.00251866184350036,-0.00231468738147822,-0.0100570464166533
-0.00501043841336124,0.000859536495859681,-0.00410315996813759,0.000615359422030171,-0.00220466616753823
-0.000239793777351394,0.000207468120894116,-0.000794468906399337,0.000655132638946787,-0.00603873121513065
-0.000239851292198945,-0.00236910031030657,-0.00793326530985272,-0.000684670765040751,-0.000518222432974613
0.00107958975589284,-8.89647699511276e-05,-0.000126802808086079,-0.000218807648254993,-0.00689136132151325
0.0026361512192199,-0.00123728681961299,-0.00635124171409285,0.000430593817852376,0.0103566053425515
0.00902300567672554,0.00828904767370164,0.0071559785146107,-0.00355074297549984,0.0127349897786171
0.00651427217813572,0.00194106520999648,0.00131704928970322,0.00337725765658359,-0.00622341569823937
-0.00123558484349262,-0.0028422169953084,0.00110276779031082,-0.00109146835148388,-0.0049080435594242
0.00111929307805592,-0.00598149512206747,-0.0104482764395688,0.000111937327308187,-0.00743655476332183
-0.000706131575850311,-0.00214243922203128,-0.00869637377209931,0.00113400171092315,-0.00719575723406574
0.00948062654575432,0.00178708450786069,0.00938453116446403,0.0004596423123997,-0.00179239766081873
0.00320830659744487,-0.00438674556875707,0.00527828004674835,0.000264890368911308,0.0119073075424667
-0.00377950924526094,-0.000378304346181246,0.00688804364580564,-0.000851334803089854,0.00745172783979897
0.00128407167454614,0.0023714927878955,0.00862729286276798,-0.00309745352676161,0.00454666079135668
0.00582920431361122,-0.00707191934149554,0.00211312316825252,0.000173592568300629,0.003821212294566
-0.0117067516661837,-0.0142072240441645,-0.0075733900479863,-0.00199482116187433,0.00804828113847056
0.00949979475752061,-0.00203237532244416,-0.00218978062965725,-0.00116041720880344,0.00164191080297371
-0.00383386581469647,-0.00469007118906917,-0.0137513046344278,-0.00146422317553108,-0.000614001739201342
-0.00268237214997968,-0.000516510642421641,-0.0134341137591274,0.00180460584161768,-0.00627570165466806
-0.00853651406186051,-0.00670504275878769,-0.00837823087984424,-0.00248478637022354,-0.00486812978485973
0.00737158695523976,0.00444354906544242,-0.00201722624135603,-0.00031771344706788,0.00153770717437585
0.00819576162041913,0.00346515750527976,0.0114449189157444,0.00204554588215022,0.00949291620683335
-0.00284519800255489,-0.00426677802966491,6.52504011795507e-05,0.00114512144246937,0.00195202410535944
-0.0166540499621498,-0.0113959042897176,-0.0185055757806315,0.00214455101624744,0.0188989127734123
-0.00746136081009052,0.00327386829308796,-0.00612539913963861,-0.00167112810707459,0.00851506142246383
-0.00131257084899483,0.0015081450962855,0.0122265395832095,0.000763800308737794,-0.00765253887746442
-0.0122468486767429,-0.00206454390627953,0.00946317124593654,-0.00038888106363566,-0.0096935914447287
0.0191726140074997,0,0.00966569477173773,0,0
-0.00623108420865226,0.00179951421466629,-0.00452780305128098,-0.00231530408341007,0.00549867836719287
0.00519527051236124,0.00653878520366713,0.00430775887809509,-0.00155667032209572,-0.00694888820366601
0.00136636369037002,0.000442357565694662,0.0112351152857799,-0.00333089201175318,0.00152258761218715
0.00806834361651632,-0.000745674090067316,0.00858868232961774,0.00241254120321099,0.011050041002507
0.00635593220338992,0.00949804433755297,0.0192995312247426,0.00099547457923177,-0.00999335629935827
0.0139766081871344,0.00849372902809353,0.0181247944989686,-0.00167096986463122,-0.0145051294814864
0.00622873291423964,0.00906567290075766,0.000611628734089376,0.00197279108871329,0.00130349372295702
0.000114632888175592,-0.00133822616324542,-0.00147521019021035,9.37574688968379e-05,0.00805462823193426
-0.00143274686228434,0.00492876836302658,-0.00358980221790328,0.000556088477237093,-0.0027235641464336
0.0134297520661157,0.00772147258365008,0.0153945485420084,0.00258612788916968,-0.00896907628433496
-0.0049835768490204,0.00225477307919864,0.000814607462954919,-0.000581667316935652,-0.0122470522565344
0.0042117245304496,0.00947976794307692,-0.00140413110150395,0.00437449700438175,0.0151247900303357
0.0203468601224213,-0.00248370927729769,0.0215618254702437,-0.00113096043622629,-0.0041021701229621
-0.00511025940121079,-0.0118608990938092,-0.00912637623852042,0.00046450911013407,-0.00722120107301472
-0.00608564569259118,-0.00321701724503809,0.00311482351364267,0.00111109696961975,-0.00814620536923216
0.00207841815526333,-0.0043362859067867,-0.00553309150099535,0.0014116755637994,-0.00131277078086678
0.000560569538651468,-0.00399937298961428,-0.00294174979145634,0.000918631538616488,0.00194461288586134
-0.00184884307244115,0.00360327327653187,-0.00449200295859642,-0.00086020468863568,0.00505977165440585
0.0017400089806916,-0.00457086213068258,-0.00298630371590736,0.000806358655940365,-0.00100374555470217
-0.00577127808595279,-0.00842603955900412,-0.0123168277521288,0.000376471065763218,-0.00626335672768885
0.00687556357078445,0.00417261458445317,0.00904677203009263,-0.000896445005951763,-0.0045951927246326
-0.00173513937087211,-0.00359830319727583,0.00153057169897597,0.000845216493448042,0.0122110314375901
-0.00151387720773755,-0.00903045445025041,0.00742321223575382,0.000234837689369494,-0.00227165187395917
-0.00095462713387251,0.00507464601856444,0.00265955950534247,-0.000973105227461413,0.00237064806336518
-0.00410319824630423,-0.00904557059945477,-0.00292489687111541,0.000339573482508904,0.00146506807046665
-0.00575685743311893,-0.0102760041918408,0.00420529836898886,-0.000629951225081471,0.00399282547162083
-0.0112397820163487,0.00179049222176642,-0.0031545210981524,-0.000552919302214905,-0.0107668643358796
0.0173957974509129,0.0218258800867379,0.00837121589611112,-0.000151387609686138,0.0140146963008845
0.00727949889961055,0.00734091510326373,0.00907715582450819,0.000369634770361671,-0.00545768834457094
0.00369747899159667,0.00421029109506388,-0.000541940085233783,0,0.00155226140719167
0.00217682518419293,-0.00870864168315977,0.00704100072565872,-0.00103662653992498,-0.00478636681588251
0.0017265385686438,0.0138240284727242,0.0013772956799325,0.00200981724288973,0.00769006058798372
0.0141776937618145,0.000108701614403017,0.00265562093141591,0.00202658973000047,-0.00983505911220395
0.0101968093854505,0.00182130661191815,0.00819675390255337,0.000171157222847329,0.00576472655839377
0.00195365496282629,-0.000483374488041921,0.000586145087916767,-0.000445540180762705,-0.00595092527987839
0.0116449114445107,0.00490221127201318,0.00192787396345362,0.00236368181241442,-0.00340111327830606
-0.00519327551129667,-0.00351265289545422,-0.0106711709718185,0.00046591140507668,-0.013817169515065
0.00586620741617794,0.00622092488063108,-0.00255677567921808,-0.0006116658980857,-0.00170999996865839
-0.00160513643659721,0.00393779085955215,-0.00341096241961569,0.000665107337003423,0.00243481231140552
-0.00246516613076098,-8.68330692023189e-05,0.00692477699107963,-0.000300261017483483,0.0085467658465106
0.00279359621790065,0.00715659078954634,0.0023150619559642,0.000442064425711708,-0.00321219092288993
0.000214293367620133,-0.00392759714000113,0.00583819808554265,-0.000785264499050475,-0.000735020453465629
-0.00787359400107124,-0.0046750888921876,-0.00796171834017578,-0.000124578662581087,-0.0074661842461059
-0.0105814392916913,0.0044907006451993,-0.00618206788209441,-0.00184667282982465,-0.0165243705672292
0.00474709445081012,0.00150908264301464,-0.000738908872901622,0.000569939934762065,-0.00256767808781977
-0.00445313348539156,-0.00124416908734526,-0.0103843717455094,-0.0015051407083877,-0.00637242491144008
0.00878245690595691,0.0089267201289096,-9.49806274885834e-05,0.00099927974814995,0.00488511136734759
-0.0108149029362461,-0.00945318083763036,-0.00579790547822479,0.00117145616786729,-0.00861289520489328
-0.00399059749631014,0.0107608964120465,-0.0147340432019711,-0.00400818124161062,0.00733577111427985
0.00697036223929759,0.0013527840569576,-0.00227317743472932,0,0.0062635141789158
-0.00359731836267507,-0.00205474237142311,-0.00136742751470953,-0.000628655839364667,-0.00881416137814861
-0.00771292598873141,0.00509249402441347,-0.0116708875962652,0.00139326224071312,0.0064636150395978
0.0122381477398015,0.00385573341655099,0.012171703944267,0.00182769809999583,0.00504504089498714
0.00310423701121887,0.00538395019918769,0.0135136883473224,-3.39345832404137e-05,0.000194796224687765
0.00906672457788171,0.000897394566584442,0.020114886772703,0.00124650512581548,-0.00480255264891416
-0.00656408049069201,-0.000450221755087687,-0.000739296962125269,-0.00143996730037366,-0.00370547387728326
-0.00314124783362213,-0.00389125684833247,-0.00475012860861757,-0.00169585161007124,0.00411125157162195
-0.00168423340215151,0.00686565132734729,-0.0150144648605556,0.000298134515248627,0.0131038862240105
0.00582312925170059,0.00368634189187378,0.00491913347218165,0.000970994703918926,0.0034443062515157
0.00297586841250963,0.000483834625580215,0.00151524473490583,0.000447268330842743,-0.00286190536280784
-0.00194206182230139,1.59498892757792e-05,-0.00515469936674318,0.000819920860033019,-0.000293045221250066
0.00664828928166061,0.0021815910590175,0.00343607011154856,-0.00044594284389543,-0.002630189435462
0.00542310996563566,0,0.00320154365771419,0,0
0.00106809078771697,-0.000678293679200581,0.00619710484077829,-0.000132424608492832,-0.00103267037638055
-0.00752200586823148,-0.00482644790251929,-0.00469377123054804,-0.00143989684200185,0.00550384169332085
-0.0130617071597505,-0.0057242569267989,-0.0105642180332299,0.000667984037362457,0.0100742555501705
-0.00800609988562728,-0.00125927962252526,-0.00692683261254501,-0.00152819094124901,0.00324860526921156
-0.00159218183814647,-0.00429603825920355,0.00272277559280254,-0.00089344364654953,-0.00268235231734526
0.00874346989276886,0.0127614793915898,0.00378149727768173,0.000202728862594537,0.00276495762530571
0.00474269515918024,0.000332723819094216,0.0106066554433968,0.000224531316276755,-0.00574187354954159
-0.00330964136509149,-0.00327021671296412,-0.000409744525048383,0.00145811018559305,0.00267305934475037
-0.00370168753402278,-0.00811308893944496,-0.00964839743979518,-0.00132184974780125,-0.000267798303209998
-0.0124030160638182,-0.00594625200939303,-0.0109636489217466,-0.00114865978266365,-0.00578133783316204
-0.00326417704011062,0.00101176304587502,-0.000954932464134473,0.000420947849492759,-0.00445151398923349
0.0144871225577266,0.00820089829879267,-7.40443489404274e-05,-0.000195394135889093,0.00608534516025694
-0.00908245335667779,-0.000585983871430273,0.000110298001379405,0.00110626384735846,-0.00493248818527603
0.0109877974711501,0.018438209338562,0.00230720042250354,-0.000955773212913624,0.00575408335021588
0.0104860731840526,0.000774473946405285,-0.00205341354819011,-0.00147403577833705,0.00656587782854756
0.00551291752242999,0.00259992770423634,-0.00240031969752963,0.000705914746162106,0.00807032495710236
0.00972909051816817,0.00452900607905038,0.00474629110066527,-0.000985396550272855,-0.00233017984656447
-0.000372637742879878,0.0038623496274246,0.00268858297320285,-0.00150386198273567,0.00224396057599807
0,0,-0.000480545875391813,0,0
0.00186388326765363,0.00747914379287362,-0.00154178404820338,-0.000360981011787054,0.0011408423407675
0.0169563599638547,-8.97292598112109e-05,0.00443534506561405,-5.78900283277894e-05,0.00455467934950637
0.000993100564499194,0.00157055821265617,0.0043510184661375,0.00111451131994111,-0.00761223033035441
0.000992115294240481,0.00438527279993073,0.000790411110980216,-0.00139935817531645,-0.00550349028693464
0,0,-3.06713341621245e-05,0,0
-0.0161189358372456,-0.00794977581354406,-0.0117510597270986,0.00121381328704606,-0.0188557117610336
0.0022798367000687,0.00174239932743392,-0.0113854034058961,-0.000343216542884495,-0.00955955193333125
0.000105797714769373,-0.00272552855841435,-0.0071720577008707,0.000988711257315034,-0.000957148838561905
0.00470750026446631,0.00644328612575618,-0.000963393167708437,0.000472350558978096,0.00225461133175209
0.000684390629112963,-0.00365189610183847,0.00173978915738915,-0.00191879762475311,-0.00754216051127177
-0.00515572390572405,-0.00109203704353644,-0.0103200223283638,0.000882319040445001,-0.00818312848352243
0.0111052353252248,-0.000468571943827323,0.00730844400646391,0.00338679991357838,0.00728038744563375
0.0010460251046025,-0.0108966829338702,0.00753961294575789,0.0011761608049492,-0.00140430206208975
0.004022988505747,0.00712978504657324,-0.00219153261005756,-0.00148927088371431,0.0011518016055585
0.00348649633137343,0.00660090329136453,0.00272021126956679,-0.000598933654254674,0.00746618234590724
-0.00108898568761673,-0.0037056834232635,-0.00329658582494297,0.00119502704060004,-0.00208189142286297
0.00223225873436128,0.00253123012989032,-0.0023774386227049,0.000716363472976767,0.00344581063992533
-0.000517973686936624,0,-0.00139128601731209,0,0
-0.000570066334991792,-0.00268075863823303,-7.44108481517403e-05,-0.000349300625062887,0.00138810418335833
0.00248898107337325,-0.00226846632492261,0.00590739434984355,-0.00102949005604458,0.0110843400121299
-0.00160347592199872,-0.0107488350954648,-0.0127837383921924,0.00289783726540471,0.000572311554388083
-0.023469070562636,-0.0196478042192815,-0.014606403581686,0.00142345617692596,0.00203901969932074
-0.00928431216510162,-0.00259640275752326,-0.0189909977352759,-0.00115535679102174,-0.0104846039936877
0.00610474456463517,0.00572553570206935,0.00318657985857218,0.000698624451754393,0.00904982360279916
-0.00670640834575253,-0.0119136885653808,0.00284763196055837,0.00174648046988479,0.00481983006199216
-0.00294716536276929,0.00697734983452047,-0.000314229972620872,-0.000352627657021487,-0.000438154044682282
-0.0082227118826248,-0.0094494623225948,0.000183677318311259,0.00139155123470802,-0.00699367941284601
-0.0110003251327625,-0.0207684945242406,-0.0102244660262097,0.00234849649037683,-0.00505132794182594
-0.00252040984055657,0.00471188610088347,-0.00970830360633568,-0.00127584543641068,0.00699681239868166
0.00329579785773126,-0.000122431502883158,-0.00127806002532704,-0.00136065739060298,0.00108078398019296
0.0198740761018341,0.0128519178430355,0.0144993079482383,-0.000844312764746946,0.00415749146002686
0.00858922052823696,0.0105934757755353,0.00809567313513337,0.000990537474576447,0.0136493954073404
0.00271449861613782,0.000487878214734394,-0.00177427896032711,0.000212498656110061,-0.00410390934325477
0.0151281915175967,0.0122126590001468,0.0100728473923695,-0.00159668148626613,0.00381998412791407
0.00141183852750459,-0.000311274257842387,0.00905193464934184,-0.00108292063569093,0.00227914328138468
0.00412511096026336,0.00398650916501109,-0.00770974277962844,0.00184207536949677,0.00317449015436777
0.00707228289131567,0.00791145984756003,0.0121438552319646,-0.000164651121445925,0.00337758208611705
0.00495714138180325,0,0.00734731167571812,0,0
0.00369951700750182,-0.0013734486373761,-0.00556522901344347,0.00102595551262907,0.0152120499160338
0.0017917477219207,-0.00556992763676423,0.000457075442515054,-0.00081623940465736,0.00551850106531671
-0.00347488374469829,0.00586521260919026,-0.00877962236268803,-0.000702766597400095,-0.000911464565938824
0.00630736885287941,-0.00159202816932558,0.00914834845688173,0.000618354020943679,-0.00290908391119427
0.00494292702812871,0.00644851786617284,-0.000858043383952678,-0.000485892082964234,0.00251467631684754
0.00106485472339113,-0.0016959682865878,-0.00296732581162729,0.00148718872566422,-0.00528225363320389
-0.00673690608854216,0.00137728379353019,0.000781622404155025,0.00105886208529471,0.000883639425116378
0.000458972920597711,0.00499927188962412,0.00732045011092408,0.000764638903436365,-0.003961687572552
0.0118768477928433,0.00301531158637003,0.00333272481033187,-0.000396381694922066,0.00398614082476789
-0.0253387738652965,-0.0094156211885642,-0.0162210994888461,0.00175091816132933,0.0162800825203431
0.0182447798222038,0.014092470240795,0.00582594426964933,-0.00279732695956236,-0.00644228089724175
-0.00010151768945732,-0.00217762878557515,0.00317245316422143,0.000266066575153268,-0.0112762756352892
0.00868064368749666,0.00396850348602018,0.0116580621475579,-0.00153269050594163,0.0032303772889406
-0.0108706592853548,0.00206492739423836,-0.00361054373577252,-0.00182164862988743,0.00468767785684099
-0.0037651368678131,-0.00206871692211064,-0.0119376175828637,0.000368586885440836,-0.00886941527995944
-0.000663942798774353,-0.00392308362496274,0.000952295352798727,0.000374773163611453,-0.00144524839247417
-0.00705269075484227,-0.000453835752545539,-0.0117373652287504,0.00127506588935833,-0.00679760416257946
-0.00890421534819075,-0.0139756436774523,-0.00149108593457614,0.00242923483899449,-0.00236568279486582
-0.00716659742417947,-0.00268295918238437,-0.00579342454979903,-0.000109053176646001,0.007258192257384
0.01129825295533,0.0113003260196625,0.00595957037049133,-0.00145185003829862,-0.0106487409044833
0.00553429192096822,0.00547648967314229,0.00984633414821978,0.000874041423761795,0.00783404106531971
-0.00102875366493482,-0.00697984838169796,-0.00196390216957021,-0.00391047147442625,-0.000728008384900614
-0.00875341125585716,0.00671215030299077,-0.0103245955250771,-0.000129039048734181,-0.00337889853155293
0.00109085242325069,-0.00173211528660278,0.00453691783867671,0.000810014317591312,0.00241792069432356
-0.0103777501037775,-0.00159936936475857,0.010011701848784,0.000173957764167509,0.000629081138437293
0.0124265939597317,0.00560254033507079,0.00481522033459303,-0.000218926194822555,0.00143437986773587
0.00802734476151001,-0.00604223503327594,0.0102068749547308,0.00173712736784748,0.00141749419857429
-0.00179819153308669,-0.000292080551688279,0.00736389991464681,0.000306940877280448,0.00969944875709139
0.00818364300787477,0.00361703871416985,0.00991318246022987,-0.0011052537150279,0.00172438320448354
0.00398202981417195,0.00824622542799669,0.0100283407376469,0.000270808897588015,-0.00278872411108044
0.00701718702328891,0.00462774905914798,0.00624344884235306,-0.000945301563321177,-0.0123633946967242
-5.0494849525351e-05,0.00268016163436324,0.00423708936944367,-0.00157008372431644,-0.00592211998779635
-0.00252486996919654,-2.70061752074557e-05,-0.00403846134318187,0.00034180425553898,0.00863616136732959
0.0044043942692249,-0.00964514768787139,0.00188977614283803,0.00230373282166285,0.00413536805060022
-0.00887096774193563,-0.0101651751875892,0.0024520242302124,0.00110704806290585,-0.00417841610195202
0.00066110659072427,0.00102373211403806,0.00733503406367286,0.000464375394914507,0.0135354685218545
0.00635259439955282,0.0111363220551279,0.00332260900893644,0.000381715379499159,0.0055232241776042
-0.000858499141500935,-0.0162412045753375,0.00682610654290738,0.00166791840355662,-0.00130654858895751
-0.0133434420015163,-0.0088723257887594,-0.00604807232347238,0.000989825479728257,-0.000822476090114987
-0.000665949490292528,0.00913986254677068,-0.00364690968691883,-0.000898608777660903,0.00887311517212397
-0.00897067869591961,0.00552346206113064,-0.0113555144886693,0.00039247287345745,0.000642672885638795
0.0118450318108934,0.0102159358344942,0.00265687266472869,-0.000640787534922027,0.00175305751235588
0.00715673244044579,-0.000993375638963401,0.00674830758787004,-0.00243167198020844,0.0025361024253554
0,0,0.0026709331610586,0,0
-0.00228403207796168,0.00248157175090991,-0.00102636535787881,0.000328696269007223,-0.000865885813007616
0.013532075087755,0.00395864665022971,-0.00177871119524853,-0.00012810655237272,-0.00440042182211708
-0.00306178788335087,-0.000519541596876394,-0.00482268773223138,0.00104944815067864,-0.0004874217075167
0.00261806464605763,0,0.000725336406460331,6.75215703704879e-05,0.0060908877442134
-0.00612634327608719,-0.00849559484253215,-0.0110130673734331,0.000543159241894742,-0.00572332540194143
0.00252627324171373,0.00533396775269579,-0.000197826876882523,-0.00068487528471417,-0.00446393728975336
0.0100796290696503,0.00526674155276186,0.00732668141264026,0.000160501672291424,0.00622281597047492
0.00384193194291993,0.0027498767656926,-0.00446235016090724,0.00135812505684041,-0.0096047576287237
0.0017396490879269,-0.00132458368475763,0.000726867889460969,0.00120633968613526,-0.00597975162536868
-0.00124044854619432,-0.00277696795239668,0.00765415186021179,0.000293745974813131,0.00359529355805899
-0.000745193501912711,0.0011570864931385,-0.00229527774989791,4.97387709701425e-05,-0.00306943946303229
0.0014417818434922,-0.00783573361333612,0.00296816714408665,-0.000144185023044585,8.07064261587609e-05
0,0.00817179703012161,0.000577996616111021,0.000343682152294411,0.00441320122101785
0.0068510152410266,0.00196331740103362,0.00438436392043151,0.000412628491206268,-0.00225546538135446
-0.0104531334746808,0.00222322749821746,-0.00182623681800287,-0.00020058075534346,-0.00297489021190822
0.00792266679954157,0.00676138004984361,0.00888226566705619,-0.000973476347562952,0.00300646981696384
-0.000642673521850878,0.00147724001715543,0.00662269555872452,0.00147759714905926,0.00515741462232322
0.000395745733366315,-0.00568991122014562,0.00961732580562069,0.00200670776452361,0.00491273674630244
-0.00835682144093353,-0.00964825740407904,-0.00298562006777969,0.00125481136252992,-0.00486016322041538
0.00114690336092549,0.00270618143621171,0.0029105825759248,-0.000587596388070821,0.0012454861092428
0.000448274144543515,0.00124584870791988,0.00344049858414985,-0.000365430019775626,0.00145311721606545
-0.00199143682166691,-0.00833062911523408,-0.00527583258312581,0.000910904386838274,0.000360913827451625
0.00404070637533671,0.010030271302446,0.00172220999513439,-0.000787247737382035,0.00659185042260946
0.00158990410890847,0.000877848755609589,0.00948148629822532,-0.000470167167210267,-0.00178480216189414
0.00054566198720174,0.00382007022142861,0.00185633146154873,0.000672019108085564,0.00187518845307832
0.0072880515617253,0,-0.000918165403235416,0,0
-0.000295319190825261,0.00416857467023468,-0.00815212356944139,0.000680328469994329,-0.00449822571411052
-0.00157550096007097,-0.00232597493622266,0.00543354038854682,0.00211538860791838,-0.00397338311081219
0.00212042013906011,0.00434731370058539,0.000533377659249545,-0.000741082054681819,0.00218558983558403
0.00147623265426633,0.00110395455867129,-0.0104937782976782,-0.000447626791162947,-0.00707749797726187
9.82704402514578e-05,0.00158247783622434,0.00182561590463548,-0.00165411192632448,-0.00180253807441666
-0.00363564901247904,-0.00109101608129869,0.00645761686778212,-0.00188589319846888,-0.0013188781720852
0.000591715976331342,0.000908154959086138,-0.00448853696713003,-0.000204394353198301,-0.00249216345911729
0.00369603784742756,0.00588948527416955,0.00397647861000849,0.000637389237628794,0.000997867488185866
0.00844503363283744,0.00544698927259435,0.00966098356221567,-0.000514148999427477,0.00142929969941097
0.000438190759043833,0.00111184543015974,0.00392283045587916,-0.000721834231445895,0.00872528631476022
-0.000389332295113842,0.000166681203976005,0.00831051177495712,-0.000867680156579009,-0.00343434463991588
-0.00603700097370985,-0.00602162432733844,-0.00137119230444671,0.000462477987705823,0.000644724091023674
0.00166536050156751,-0.00608514637763735,-0.000362952706686404,0.00160298460466879,0.0183759630968707
-0.00391198044009788,0.00248318243984325,-0.00522774426557027,-0.00082076634105932,0.00289075198335209
-0.00132547864506616,0.000313926200503634,-0.00204222037151036,-6.24736400128834e-05,0.00130156148315508
0.000639040456176465,0.00163787300198637,-0.00259791151136035,-0.00164423831594673,0.000910532923138474
0.00142464138337584,0.00583800345518792,0.00111850800926439,0.0018648468576199,0.00222671054867574
0.0103507480990925,0.000960820027427145,0.00577670046381229,-0.000923663779360262,0.00699935171022892
-0.00432122742280061,0.00151443224634584,-0.00573966811567395,0.000543863494782304,0.00124296211562691
-0.00365728775540064,-0.000579962951620439,-0.00129748753505943,-0.000403786103283288,-0.00464514835025476
-0.00195771339075967,-0.00703348086221212,0.00575556041761782,0.001515123366441,0.00215786955865482
-0.00750294233032567,0.00293648700146565,-0.00580462334342258,0.000608391287596044,-0.000850307583978083
-0.00345866890656643,-0.00126766240293841,0.00492203104979239,0.001161428547092,-0.00373250142032033
0.0040656452972383,0.000339012874982281,-0.000480377890836881,2.32716892143436e-05,-0.00103951416308912
0.00345661942620135,-0.00149757488324676,0.00458824387489476,0.000426387479621981,-0.00733900074408833
0.00811967914964828,0.00784692867387737,0.000738055284427608,-0.00132639031492454,-0.00134581382562715
0.000536952064824625,0.0012611487729004,0.00978751516461873,-0.0018711339457409,-0.00475249039440306
0.00629360394204026,0.00542075658818852,0.0020550070038674,-0.000768073630684651,-0.0019243809907814
-0.00431494230582752,2.96303056313008e-07,0.000712245639276077,0,0
-0.00856989823245846,-0.00258109515947624,0.00198812345345112,0.000572040718852751,-0.00839771164282865
-0.012573056333186,-0.0065334546566127,0.000417198424969234,0.00163457909023745,-0.00533904094791327
0.00189007709524991,0.0047706191578305,-0.00335796980572611,0.000423450116198154,-0.00748671237675791
-0.0134041602541827,-0.00415305874041039,0.00151176067161507,0.000739346534876617,0.00119204849196786
0.00145926634126714,0.0016989324368788,-0.00344861109464489,0.000869441822854533,-0.0122584443009153
0.0106521957592201,0.006587300829618,0.00562481351744526,-0.000935950995476276,0.00289440116632678
-0.00795465844685295,0.000308537325606872,0.00290693410018728,-0.000601191671017576,-0.0069980201765063
0.010925127793926,0.00478574232783457,0.00120838024201575,0.000317806479144922,0.0037602184858978
-0.0106583382907,-0.00915434375734425,-0.00368061672244147,0.00246703711446283,0.00560226318619139
-0.000851831437590711,0.00726667664643021,0.00067214823020656,-0.000981739054208952,-0.00443845931591524
-0.0042627883650953,-0.00283346382827854,2.26892639128007e-05,0.000164242280612736,0.00375532161845271
0.00931755225384023,0.00362493185104418,0.0105649214922012,0.00060637190393531,-0.00289986138248388
0.000998003992015883,-0.00157239296007261,0.00300570129054312,8.7428505339826e-05,0.00406004666060245
0.00473579262213364,-0.000165293263959532,0.00298317029346262,-0.00168072852050671,-0.00489117307232478
-0.00957578764574551,-0.00721347856702825,-0.00194210418642715,0.00146163569093183,0.00516834257190624
-0.00130247470193368,0.00129851250462476,0.000631235782636796,-0.000503655751293963,-0.00359512169702891
0.000601926163723787,-0.00415020838806202,0.00132825062920805,0.000549151427318817,-0.0026317449529224
-0.007720072187688,-0.00177903144807767,-0.00162684333345275,-0.00255238994582696,-0.00480893118698988
-0.0128826917247651,-0.0187821050754002,-0.0119122131503306,3.35612660913309e-05,-0.00875633261148079
-0.00864936793080506,-0.00422251597778811,-0.00517412109931936,0.00263647456241567,-0.00675819893874174
-0.0028910686628808,0.00460246816774235,0.00867849351055416,0.000128142392425978,0.00442492618181967
-0.000880190535362924,-0.00835051936156994,-0.0057246108950787,0.000162093093885041,-0.00676052483731004
-0.00896512411255634,0.00174732075434569,-0.00587897669430959,0.000373328045976118,0.00360803008987731
-0.00711148295335706,-0.00456555694730443,-0.00508691230837943,0.00168746205706616,0.00152154643690694
-0.0015799452285653,0.0113424452765403,-0.00534504457387952,-0.000395486815112589,-0.00306131221522132
0.0116573478215001,0.00123780412329033,0.0153573260140099,-7.85303310315566e-05,0.00206672165704336
-0.00406694822462073,-0.000569721278100066,0.00294158541049305,-0.000594134844425387,-0.00974461010542615
0.00654415999162339,0.00607642882452586,0.00630585940852324,0.00140202385386412,0.00218036421129586
0.00306876105274112,0.00371002396934106,0.00169298612669788,0.00090206773056356,-0.0175419488214952
-0.00378532538242149,-0.00262039484839727,0.00200214060640547,0.00148392177477241,0.00814387317397647
0.0103060587133041,0.0105523760315889,0.00237582586676321,-0.0013835545148313,-0.0117211447751495
0.00231839258114386,0.00490842319786,0.00698622921072833,-0.000404666154155908,-0.00146684575523071
-0.00241583140580826,0.00384303634724192,0.000597109914013183,-0.00137657129924784,0.00312229584963952
0.00638911788952989,0.00355531736719561,-0.0028450955267979,0.000752934700117613,0.00398546637818176
-0.00619496211345472,-0.00198233932007297,0.00110559113895348,2.96462972522171e-05,-0.00123923752846999
0.0084488176806965,0.00444956815367803,0.00221614908672985,0.00016666205792526,0.000115683534163802
0.00776500638569599,0.00174681144966771,0.00231843828370892,7.12367800974611e-05,0.00294479594016939
0.00116591473614847,0.00110185244894234,0.00558401700742039,0.00111505016355884,0.00127097215564209
-0.00875949367088602,-0.0020853916403738,-0.00595135501851929,0.000938415138238335,0.00207819326794367
0.00255401746947959,0.00110529773626178,0.00084757603859198,9.0472657497731e-05,0.00672186296832256
-0.00015285066490045,0,0.00251062604388652,0,0
-0.00137586628618025,-0.00162991266600543,-0.00350487907110142,-0.00256705368395449,-0.0197491789924685
0.00780731744654806,0.000628139777319792,0.0131962117850861,0.000627655200767574,0.0141944562424119
-0.00172151898734174,-0.000509269560681314,-0.000392842348678202,-0.00152594618997781,-0.00668719405616591
-0.00441265976871574,0.00397096510050376,-0.00301555547561039,0.000345159450448218,-0.0048724814351494
-0.00499261297060472,-0.00130784643245452,-0.00144930515113095,-0.000598086571722445,-0.00543127066441962
-0.00614407864420663,-0.00570083175973513,-0.00677446033029727,-0.000905025686465,-0.00397925263800825
-0.00030910308587917,0.00336498475597136,-0.0112902527561296,-0.00105840106783905,-0.00943059387469314
0.000669930430301502,-0.000874903791534765,-0.00507073928174018,-0.000330678986687594,-0.00091823880445352
-0.0001544958286126,-0.00360653271001854,-0.007334472253681,-0.00141016357897517,-0.00524407528839466
-0.00103013134174612,0.0025687104126193,-0.00501255733336481,0.000769173759156638,0.00108321823545343
-0.00283578241814897,0.00592021633524897,-0.00156424273823996,-5.45413423373997e-05,0.0100741849257844
0.00589451913133399,0.00145247909437174,0.00791607460689048,-0.00124551197848244,-0.00220630180377335
0.00688804359000716,0.00644355890382675,-0.00563065556110853,-1.32773114297491e-05,-0.0119792564840883
-0.00413518480702468,0.000796137060252722,-0.0022699421666863,0.00143847800909835,-0.00139368128850814
-0.00640795611831646,-0.00619549831628563,-0.0129080960463378,0.00103765865383054,-0.00898164460414752
-0.010525229594469,-0.00680232459374963,-0.00719017530290944,0.000813922599634198,0.000926988326574785
0.00229429554698091,0.00904027042959288,0.00246204468887257,-0.00100402859920912,0.00553255908466022
-0.0124856934762252,-0.0153552103410435,-0.0092411633369095,0.00209105826394174,-0.000908217445376502
-0.00158044463175633,0.00987604046582469,-0.00161504474420249,-0.00092861163954705,0.00265856387122287
-0.00443224989447022,-0.00245030181299399,-0.0139980369232363,0.001269008919762,0.00762409728279301
0.00180199279202875,-0.00158746012567113,-0.00405572270649746,-0.000608142830534564,-0.0215757188330539
-0.0111628399111205,-0.0138781301337706,-0.00840766764960943,0.00381324766749214,-0.00211690241753326
-0.0195281151356268,-6.49373190283464e-05,-0.00432803559565931,-0.00129069427571016,-0.00537018995225147
-0.00185528756957332,0.0124187968936997,0.00478627068986204,-0.00027400171667924,-0.0073776081499507
0.00699759457686411,-0.00104582845102685,0.0133706199433881,0.000855587657034196,0.00781762242260009
-0.0105320304017372,-0.0160379307018412,0.000551325755326237,0.00258670498306324,-0.0051936304506699
-0.00416986722264889,0.0168256182209516,-0.0119671681922821,0.00182859711547567,-0.010129110767597
-0.00187327823691463,-0.0197108934879462,0.00965204575309997,-0.000790178118182605,-0.0102389383102938
-0.0221351291675866,-0.0069116888367281,-0.0182840601670778,0.00156153232887402,-0.00211535273489505
0.0041772509173017,-0.0134811996885426,0.00165209613169082,0,6.53398203571687e-05
-0.00101186126257791,-0.000359997363920006,0.000588953095533418,0.00321618037135285,-0.0260522035688966
-0.0247031680828317,-0.0106316023926728,-0.00950690100728302,0.00272787498538629,-0.0116282333753754
-0.0025386568197554,-0.00123927081056407,-0.012104912634706,-0.00122445023955242,0.00943739993626735
0.0268394261915781,0.0163284787999449,0.00664317854900687,-0.00140326854688577,0.00303524291361379
-0.00394321766561523,0.0011760876893927,0.00485319171795617,0.000823710633907071,-0.00554626766755562
0.017136070580251,0.0131184709823993,0.000299886562434404,-0.00104875064130017,0.00705611932321104
0.00233527939949973,-0.00898896181014353,0.00541160961283471,-0.000168479486204243,-0.0112105920274959
0.0054917623564652,0.0131566901279507,-0.00540728811920432,-0.00185037931542376,0.0130293464562203
-0.00165508109897372,0.00764547962485529,0.00272114245226551,0.000232838481527331,-0.00891013256550244
-0.00298408488063673,0.000745205931516502,-0.00668794626495328,0.000440362619589241,0.000351231557952358
0.0124709012304622,0.0111670769266614,0.0151988949231572,-0.00102459041701675,0.00607424421501968
0.00273717632889903,-0.0018486008324905,0.0125017115288584,-0.00155849011163611,0.0114662525369364
-0.00502265654856138,0.0130260239330806,0.00267828333324216,0.000438336244018123,-0.00936918536236819
0.0109739368998629,0.0113461212613424,0.00849535143175895,-0.000797323409326256,-0.00375751241676714
-0.0111261872455903,-0.00139607112712314,-0.00555636681166027,-0.000270776121658378,-0.0070635788736163
-0.00312843029637755,0.00101329900709413,-0.00319492608952332,0.000289186936184516,-0.016690651068656
0.00985520013213681,0.00624153308396869,-0.0085917504910421,-4.18667206393275e-05,0.00457694295213651
-0.00147203140333652,0.00440363030986535,-0.00712027928785197,-0.00135168279057085,0.000879577472819859
-0.00720720720720713,0.00136098729907208,-0.00369501442632802,0.00270727269750326,0.00761275001078809
0.00967937084089532,0.00226570510541735,0.0102334929671921,-0.00182834488769779,-0.00993594339613557
0.00228770630208608,6.55241533424888e-05,-0.00388091517907441,0,0.00148674601649046
-0.00717352317808806,0.000408502084955797,0.002394815337875,-6.7913953516574e-05,-0.00450894108312139
0.00235371394164985,0.00230450307817609,-0.00335325498375516,0.000732975182704765,-0.0264871008684083
-0.000218435998252442,-0.000633254287819018,-0.00192827016106301,0.000939760229862197,0.012703879768587
0.00300415119073616,0.000737701283003434,-0.0049653243842237,-0.000452116484211618,0.000912566668545667
0.0120895278549256,0.00238333382098421,0.00285799966364553,0.000526098574285427,-0.00783632349857122
0.000484261501210614,0.000192423828928145,0.00127541356231853,-0.00111053593751698,-0.00182143965933412
-0.00220501236958159,0.00188080064646501,0.000224994009408341,0.000815992057082715,0.0100159953627665
0.0101331321080149,0.00539312090036548,0.0143943600738581,0.00102720280547652,0.00692243182026964
0.00330825462888851,0.000439936811121866,0.00698168959672563,0.000340978100255018,-0.00771776461713081
0.00563739828750731,-0.000165887837328516,-0.00209795768830645,0.00128978771399346,-0.00869004922631123
0.00338463165688285,0.00113553597691807,0.00294846154531236,0.000728489981719926,-0.00325567143299155
-0.000210825910504364,0,0.00064577780211561,0,0
-0.00184511571511414,0.000243253780545682,-0.00780448074812579,0.00246509691163532,-0.0637374808925634
-0.00380268300411957,-0.002885478922103,-0.0194649220965847,-0.00144126577437942,0.0224673922917034
-0.000848266355635618,0.00595016305423868,-0.000572132534070735,-0.00232827952760173,-0.0222039024581435
-0.000902048179985182,0.00215662416505347,0.00144154467875812,-1.23503019910931e-06,-0.0040680377510055
-0.00355834085718831,-0.0006989824525232,0.00105314696007608,0.00139113973420635,-0.00413590363618221
0.00639590661976319,0.00327901666961616,-0.00121591431546908,-0.00278211425390162,-0.00549109757825894
-0.00709670585743039,-0.0057232168831417,-0.00887725735791955,0.001374531516521,-0.026653702085188
-0.0128547045018135,-0.00287233508875817,-0.0116856966072086,0.00143760888590494,0.00834052151848996
-0.00399848705895056,-0.015058202414439,-0.00697355333276817,0.000996741904524256,-0.0254000782848874
-0.00265827591819023,0.00429266238094805,-0.013169382435305,0.000342265754943671,-0.00537861300327147
-0.0195822454308093,-0.0179303545069535,-0.0080257533145206,0.00338453739359568,-0.0143595906209598
-0.0248002663115845,-0.00578597114652679,-0.0152958820620004,-0.00133476408652378,-0.0137549209328234
0.0244068953746372,-0.00651719745667778,-0.0151953850532716,0.00213301959565793,-0.0112800908125525
-0.00783072309230259,0.0168725017560569,0.00903524926319532,-0.00282317283023015,0.00864295451508523
0.0200391827595856,0.0243566251927483,0.0184804626800856,-0.00251579908046784,-0.0162609530915404
0.00241453108708778,0.00149913401178203,0.0103357132298516,0.0011674812812108,0.0174446607322392
0.00448896917939456,0.00868538747857595,0.0137403281854198,7.21742962450644e-05,-0.0169797443999067
-0.000435991062183283,0.00360435997278619,-0.00566256077170879,-0.003465594064893,0.0153396120851543
0.000545226541627919,0.000334788242969175,-0.00076451277375611,0.000336147746821558,-0.0187986749304151
0,0,-0.000468288037521636,0,0
-0.00152580240858813,0.0013037675888703,0.00202355338492688,0.000536914409962286,-0.00564228489163443
0.00196474376466749,-0.000857339152679937,0.00814907508730767,0.00159629651306514,-0.0115836748421847
-0.0107849011384061,-0.00305813872597493,-0.00428258184737884,0.000904868711439688,-0.000823555454461666
-0.00077088266064651,-0.00889730815005552,0.0018072967847329,0.000859463969393293,-0.0134828367939882
0,0,-2.75942068825863e-05,0,0
-0.00931283407725791,0.000769136045916996,-0.00251166277907366,0.00191139740231083,-0.00756558250778416
-0.0290911113583268,-0.0185801763056643,-0.013605690734392,0.00251279735833254,-0.0249368832480349
-0.00859352621025489,-0.00742854972353213,-0.00636115888345012,0.00329160245636406,-0.016451568150971
-0.00496966194741411,0.0127280260568325,0.00689396606219539,0.00016217177312372,-0.00319773223940711
0.0265985248853011,0.0183881313151402,0.0188112810563852,-0.00167835221123447,-0.000308441817798211
-0.00939073372178534,-0.00952116050582019,0.00264712600714345,0.00230638554968365,-0.0066710522839728
0.00434012906173264,-0.00544177985634486,-0.00603467335356456,0.00173026256063236,-0.0275706594598356
0.0113151759822596,-0.00153979522451086,0.00456846022574542,0.000550096547059953,-0.0115675032135705
-0.0140559991004161,-0.010593518405061,-0.00433715297331438,0.0019844207147226,0.0196867527498803
0.0085538321167884,-0.00584627504584023,0.00444406251790297,0.00409050283076495,-0.0160852600860761
0.00350559764785685,0.0110190549600311,-0.00262155952718601,-0.00336425075175917,0.0227887760911074
0.0139734054541358,0,-0.00515240696061015,0,0
0.00272282729495443,0.000209068793901146,0.00500089880312871,0.0012632118801168,-0.0260753601844507
0.00731504571903585,0.00246524137978255,0.0196269185212761,-0.00196979295104194,0.0128779628782705
0.00176046652362882,0.0147943292955766,0.00767578135955982,-0.00121089028502941,-0.0115719196272795
0.00247130539842932,-0.00793629213807545,0.0074867473842688,0.00274903404262239,-0.00507066739091777
0.00597129396296703,0.000345285817257901,-0.00211922831759193,-0.000992849638599802,-0.00549868555198407
0.00283178129935191,-0.0164883446943624,0.00117839524816277,0.000631469833471732,0.0120360494898948
-0.00390985609557426,-0.0112632451115684,-0.00523896887841324,0.00333496926439913,-0.0142999902148272
-0.00103581747805703,0.0131154750289526,-0.0116369752961935,-0.00125504449021441,-0.00438661573737298
-0.00938659681292298,-0.0144632269458813,-0.0118302405986815,0.00400287753752537,0.0389339855509252
0.00589466725429699,0.0114242193450116,0.00258336554777738,-0.000735092601885312,0.0170810298911335
0.0175256038118188,0.017589072869016,0.0131777604001331,-0.00406469420998368,0.0412759096402733
0.00279885892674536,0.000563335534289777,0.00443785550350628,0.00065573007483577,-0.0406981333558989
0.001771241479255,0.0119877994795823,0.00142828449641819,-0.0017439953409476,0.0206077322607614
-0.0053579082726104,-0.00274517598269697,-0.00366944690368587,-0.00569323647874542,0.0126351671670768
-0.00818789054083158,-0.00533387451188971,-0.00583173670562798,-0.000313871433281987,0.0131201932248377
0.00543124049532917,0.00787106415132577,-0.00610013320072911,-0.00124220781931739,-0.0235611722242726
-0.00415946413137425,0.000896585770114422,-0.00543584229575078,-8.31124132055772e-05,-0.0136931969271917
0.0140493626254408,0.00655614682354266,0.0103853767770417,0.000320009387593911,0.0286883747649886
0.00861238900181882,0.00261385846639595,0.0159946674202724,-0.00150959940994388,0.0216041391407209
-0.00111376292760546,0,-0.00257896375845412,0,0
0.000690241053413976,0.00167656897415824,-0.000969990906335316,-0.00305460323567652,0.000616524917700811
0.00562423727914263,-0.00098190404385512,0.00201215688654255,0.00216490550204673,-0.0133403939106864
0.00569830633672774,-0.00236325052886543,0.000111029297098719,-0.00114184922739602,-0.00524968650370949
0.00036724201248628,0.00884960898074727,-0.000656009373869448,-0.000326930915794166,-0.00523501262974857
0.00613593455003136,-0.00130097581420097,-0.000907907021837739,0.00215408266132733,-0.0134074049111312
0.00411780036486831,0.00509717949838384,0.00451485180541011,0.0031066689091479,-0.000975749970837048
0.000571013289036637,0.00084462923538231,0.00500323519733703,0.000723376557767219,0.0200282172977067
-0.00254215304798966,5.30009029275913e-05,0.00103081015971296,-0.00299555045038125,-0.0159610766532652
0.00416103193592021,-0.00448653452293102,-0.00354535620352314,0.00169368308068329,0.0231206962816901
-0.00424738423288096,0.00859913843965265,-0.00185853641888201,-0.00335648645586295,-0.0194133285088975
-0.00946733250104048,-0.00466150553596301,-0.00189568693509656,-0.00104917268005311,0.0100503397839322
-0.00283583657178865,-0.00584918250034361,-0.0100632004251985,0.0005101754243102,0.000377375124509971
0.00589846218664425,0.00214523888673046,-0.00161426579405388,0.000324335535039522,-0.0063879138425722
-0.0142408376963351,-0.0151859155215543,-0.00342490192720191,-0.00498574660722195,-0.00918261868300163
-0.00393031654981946,0.00778080680458437,-0.0122705411364905,0.00200660675335129,-0.00487954410362124
-0.021542071024848,-0.0182820041506407,-0.0160623562023491,0.0022144738443084,-0.0205671381384801
0.00250681198910097,-0.00124523322356584,-0.000760493894733982,0.000899382033550111,0.00445571082248453
0.00385953468145228,0.0150175373302659,0.00591161233643511,0.000404321486060288,-0.00759179170823221
-0.00584826988682507,-0.00815337183536713,-0.0094420533442241,-0.000428162616553651,-0.0248204773329328
0.0145977449752166,0.0128517900617566,0.00114281062697597,0.00156684464590762,-0.00919618436006331
-0.00472432490470831,-0.00713918352449305,0.00903542734408713,0.00089058371645967,-0.00725125602113219
0.00701224445762993,0.0127239778527926,0.00812567827358257,0.00568390849132228,0.023279871550751
0.00412448443944502,-0.00648142979202726,0.0086768042245764,-0.00233854362765706,-0.00983017928858576
0.0245385682278887,0.00938934129018332,0.00472123366478883,0.00197053072278619,0.0156754638819483
0.00562324273664472,-0.000640571776122423,0.00653615860094869,0.000378109433380569,0.00916785884196769
0.00129439784612195,-0.00579024400684214,0.00299549429217638,0.00162075933109396,-0.00408416520973942
-0.00387817363876108,-0.0162459456893487,-0.0021058537763321,-0.00175136363448847,0.0113540131733012
-0.0144829734219268,-0.00227469111557499,-0.0139464703223809,-0.00271831877502082,0.0214433386061681
0.000263365815117211,0.00194779340061602,-0.00440609036558282,0.00207293797030528,-0.0258373307860015
0.00531858873091107,0.0148844077851205,0.0113710628769339,-0.000129655495860637,-0.000771123659620732
-0.0146142161227804,-0.0109617686162857,0.00588530465949821,0.00116778064019196,-0.0142992209062364
0.00489049542844988,-0.00423412378325561,0.00862664889788411,0.0024893315231167,0.0253545440175846
0.0103152771900128,0.00367596786869395,0.0101935914316904,-0.00166577584503824,-0.014107839627972
0,0,0.00148028690488156,0.00303676090491445,0
0.0137703544688204,0.00662115485272063,0.0117694185678752,-0.00230958790038338,0.0303727708264572
0.00092965602727002,-0.000304034910099893,0.0004324041820436,0.000468033596514372,0.0114346046035454
-0.00552115583075341,0.00172079383360901,0.0147077087456728,-0.000354801878437061,-0.0351287801476069
0.000674518756810238,0.00314011867234187,0.00751220910042427,-0.00221617602284352,0.00325523812176276
0.0046147464482007,0.00550864502050263,0.00586343306102743,-3.81732286528491e-05,0.012354752997475
-0.0034064516129032,-0.00446377229478745,0.00679544414330868,0.00084835337018041,-0.00135574341617317
0.0070951369827541,0.00331834500064954,-0.00446274712908501,0.00140640723081353,0.0103736020039809
-0.00210840275635094,0.00420837835850119,0.000307457052840077,0.000346923095398299,0.0308129330328761
0.00118526153053322,-0.00011986872043579,0.0148432689991165,0.000115439247549531,0.00890435057718197
-0.0104488367304921,-0.0154350165065573,-0.00900358164974435,0.000968025806908468,-0.0068024015283471
0.00691807542262679,0.0117034099629028,-0.0084365964821056,-0.00118996600893106,-0.00207198738828407
0.0045975823948754,-0.00473208578344497,0.00823850685871141,-0.000716479538736658,-0.0108105155977516
-0.00190260708592582,0.00494054001701816,0.00522876189878518,-0.00295389568355009,0.000943351324594666
0.00350334878928393,0.00137734333545625,0.00622551273101513,0.00133355632303611,0.0199438707143407
0.00944655508779135,0.00118791265872198,0.00633787491298587,0.00166970924255061,0.000817115349709185
0.0115451123995522,-0.00233263232600489,0.00497662085809014,-0.00040945021781924,-0.0032148619041038
-0.00588264870028654,0.0040008721367184,0.00134593380199322,-0.00248320250811462,0.00148643499549639
-0.00692899049160434,-0.00411928628285629,-0.00694340659493675,-0.00175135611435051,0.014348581909768
0.00188439011968433,-0.0108128705979789,-0.0109908291355122,9.82675168554881e-05,0.0106214003797476
-0.00137250915006104,0.0102878172826202,-0.00168329642557052,-0.0027858419930693,-0.00394237833661437
0.000712649529142295,0.00257104183673551,0.00223287404072092,-0.00105182679723148,0.000465232762623558
-0.0119538125031792,-0.00778073250564926,-0.000227654763912066,-0.000851990772751443,0.0147961708470943
0.00921540362438211,-0.00369958525760428,-0.00709811556251805,-0.00250891421482891,0.000821944446278255
-0.00652961281436515,0.00479468448290787,-0.0148496431993773,0.00172617793409735,-0.0213356137377173
0.0251091142490372,0.0148991649064272,0.00987962467472014,0.00215467840278727,0.00450255443982317
-0.00195351632939289,-0.00445696088696523,0.00109900620761549,-0.00464306158294636,-0.00572984800621967
-0.00431618569636139,-0.00203993955207304,-0.00670192874525022,0.000498176384424065,0.0183352838410533
0.00816573415998789,3.31996293714276e-05,0.00478538164500764,-0.000478767790743406,0.000463609375211727
0.00949952502374884,0.0106169438697958,0.00192561838293059,0.0015972305168106,0.000697350069735148
0.00143628349264513,0.00150430196153795,0.0074153625367972,0.00311231954914049,-0.00238937733566835
-0.00178041543026697,0.00144077883922833,-0.00231891590444377,-0.00306132358275879,-0.00448587385564658
-0.00421125644074516,0.000851584011225981,5.37109514253675e-05,-0.00236800303072981,-0.0252756581590393
0.00199014876362003,-0.00110076220345001,-0.00444921426999567,0.00106937272730634,0.00731065951349308
0.00575996822086511,0.000292145272282607,-0.00324356943501558,0.00251874378268035,0.0170025981720225
-0.00868921254011368,-0.00293765210327823,0.00506367431550347,-0.00104765674108909,-0.0137315483362214
-0.00283878679217087,0,-0.00217167115265837,0,0
-0.0184796723604035,-0.0104476769155343,-0.00837366219845304,0.00264310912454069,-0.0211266652392309
0.0110930185222877,0.00673148594459039,-0.00706643664143902,0.000185219892959054,-0.0124538406177421
-0.000603925515852977,-0.00137560952745841,-0.00930044401932062,0.000378444005576517,0.00459061134850058
-0.0129922449390675,-0.00636877496522148,-0.00523538420561986,0.000705737701309994,0.0231364446759093
-0.00418367346938775,0.0016486056059184,-0.00114876055429913,-0.00240895904036531,-0.00140506535659335
0.0108105338661748,-0.0013574566345933,-0.00293975473792774,-0.00265360822620997,0.0114299711181149
0.0109990369506818,0.00357135895314831,-0.00383354213461617,-0.00345619205345993,-0.0164441647310342
-0.00651759751328596,-0.00944295149069085,-0.00716525987523919,0.00220655232422429,-0.0170391908558307
-0.0244751715785224,-0.00313438845868952,-0.00587731198672836,-0.00322716772074849,0.0086090942932211
-0.000413843050023344,-0.0044167357214514,-0.00507315180299694,0.000688576270492458,-0.0026090026467277
-0.000465766185374972,-0.000141087643811266,-0.00607406284732759,-0.00162052936799606,0.0229199302782253
0.0234027130578855,0.0133053010795423,0.00709116757998096,-0.00175799090704576,0.00976789388800992
-5.05919255285869e-05,0.00263952252383404,-0.000977627126856229,0.00339353699173017,-0.0105632363002307
-0.0061219327093347,-0.00779033645443528,0.0028478456252452,-5.64580627537836e-05,-0.0112749467217286
-0.0177153329260843,-0.00601521487406631,-0.00897015054699479,0.000960087813270727,-0.00808521416459651
0.00481965174129351,0.00636854392609298,-0.00510364361520965,0.00160575480451741,0.00307994007419032
-0.00459023157460414,0.00174600751892751,0.00428933027178879,0.000279615925270482,0.00162176939335845
0.0165803108808289,0.0101271570422949,0.00855016109773366,-0.000370996027220238,0.00238254793031012
-0.00295616717635061,-0.00551414882692058,-0.00299588929081818,0.00240732724697001,-0.0135265733669611
0.0287291687966467,0.00576331963700372,0.0131974394417449,-0.00395342355242334,0.00370284553771971
-0.00735440270323995,0.00134060466833685,0.00453926237236124,-0.00122820133535495,0.0130241036428258
-0.00370444533440117,-0.00981040426284041,0.00283751686453404,0.00133872341328112,-0.0082734883512422
-0.00150738619234259,-0.0042138180558019,-0.00447820530742182,-0.000876839299740362,-0.00228998383983992
-0.00352254428341381,0.00314784340825525,-0.00748994668106029,-0.00193912106490424,0.00363305485261534
-0.025956974043026,-0.0195205303126043,-0.0198685563777751,0.00546384920655485,-0.0094822224395773
-0.013376192451265,0.0014259746991987,0.0137629776515411,-0.00104698614401533,0.0210468547295448
0.0115606936416184,0.00835158129871649,-0.000170156043695302,-0.00276357627131152,-0.0182820399880104
-0.00379220779220779,-0.00156510102799434,3.73700003735156e-05,0.00195130636175689,0.00271191299902718
-0.00557960056317475,0,-0.0072757681773008,0,0
-0.0146303093864708,-0.00262456737670813,-0.0215070828907798,0.00348375457927297,-0.049096804951057
-0.0279921238890958,0.00527802779370345,-0.01393336605004,0.00153582027322008,-0.00780513198190091
0.0122091431699971,-0.0145030964366464,-0.027600430624078,0.00197229771459329,0.000269003997679818
0.02022933794894,0.00189566112062467,0.0170057958285215,-0.00362888403994899,0.0151035486966491
0.0320220549252466,0.0120687617815041,0.0142275599265591,-0.00349075542194222,0.000221870881008224
0.0049316757423199,0.0122331393674406,0.0111811715630723,-0.0013390647272874,-0.0044078429568335
0.00362948573765465,0.00422168399931788,-0.002000253670424,0.0014971295978381,0.00270269199741757
0.000407477206743723,-0.000188701278492243,-0.00189019473849783,0.00185987742086158,-0.016738978721163
0.00870627768443577,0.00416780296305963,0.00423581326101252,0.000185716166739791,-0.00416785100058226
-0.00398748233393897,-0.00186564318246196,1.55893069830881e-06,9.60337803121991e-05,-0.00348903431948366
0.00369938681396631,0.000772049883865034,-0.00658699157503195,-0.00119502686108985,-0.0114149936371574
-0.00378673129354745,-0.0100065446810831,0.00471877986507452,0.00134472286636189,0.00187936247056131
-0.00978156200902136,-0.00356158610402979,-0.00919279195978218,0.000441254685722203,-0.0137453521341692
0.00261029788105227,-0.00667288647468189,-0.00793447698397387,0.00215228476231966,-0.0109808548240089
-0.00985246822196117,-0.00921427887623083,-0.0141521101575381,0.000650739987127391,-0.0111726146970484
-0.00995050525881624,-0.00728268373974006,-0.0194351377662969,0.00179430653393386,-0.015475973958324
0.00484299328229976,0.0108757099712586,-0.00143280291316505,-0.00140458222657436,0.00756871116327495
0.00969112769485903,0.00687036489681847,0.01008022589012,-0.000882248672284147,0.00317812034847886
-0.00405481701996624,-0.000304674473671995,-0.00660890349566778,0.000579134931582459,-0.0028688844567788
0.0116470830756545,-0.00316251717792138,0.00862915626756733,0.00283697524401361,-0.0137269124216652
0.000967906265919583,-0.00518186025324041,-0.0119514395510023,0.00163069712912378,-0.0256512869848695
-0.00290091098783662,-0.00269920367042353,0.00266349140154287,-0.00295859285688527,0.00719866759651455
0.00433850551245407,0.000148455931784364,-0.00127293443676202,-0.00164118183664286,-0.00539948226157561
-0.00315088682217823,-0.00618952478382195,-0.00760240839739001,0.00171608708646298,-0.00513857402075391
-0.0065765995411674,-0.00266157716763393,0.000177242895651908,0.00183507849053433,-0.00619561141713831
0.0107256491840295,0.0139169013473304,0.00324390870020075,-0.00194171773604634,0.025587965291398
-0.00954556994160949,-0.0117763890365282,-0.0104965082257957,0.00363928106848044,-0.0220750109199204
-0.014456349002922,0.000418379010621361,-0.018802733406147,-0.000374490888402912,0.00173815846919778
0.00556566970091033,0.000330205763179992,0.00403086627918525,-0.00155795907361367,-0.00678276216674722
-0.00258638526794952,0.00397219267128612,-0.00112616617470995,-0.000254453857366665,-0.00178109239084212
-0.000726065760813133,0.0042869579671887,-0.0104837406230679,0.00107176009753207,-0.007162983879626
-0.0013493875856343,-0.00181058894356878,-0.00768268215386958,-0.00106159337975253,-0.000355798821288889
-0.0156948342168173,-0.00889539792228067,-0.00894561665934779,0.00296976380250791,-0.0206561586073442
-0.00765575501583959,-0.0206375704278571,-0.0120781251088878,0.00137148646311003,0.00116947274468071
-0.022559191274275,-0.0309540223927766,-0.0215335671348574,0.00163541456094785,-0.019960427878864
-0.0315170649393066,-0.035747910614238,-0.0497324763926789,0.00108016796575483,-0.0322351580622141
0.0272032374100719,-0.0129104387888284,0.0217557191582713,-0.00297022505670042,0.00850364069870846
-0.0181111840665353,0.0395154029581617,-0.00153202937585883,-0.00333681515696638,-0.0124831568932621
0.0177765394260239,0.022674012673916,0.032811317726366,-4.5842790440842e-05,0.0539887092314673
0.0032851511169516,-0.000104238952295166,0.00883280492107419,-0.000248245213598119,0.0340239225680357
-0.00283780833879066,-0.00690854396669682,-0.00182532002576496,-0.00133153940981023,0.0415648947930523
-0.0226576182136602,-0.0281785134820074,-0.0214344447887123,0.00188896435953634,-0.0438792603476635
0.000279986560645096,0.0182478423769288,-0.00548557608291267,-0.00120696014496191,0.00688615307504348
0.0115322174326822,0.00154436511087175,0.00651197760604605,0.00125064374958805,0.00824910017800251
-0.0235209474791078,-0.0166344607407762,-0.0160413982556477,0.00147018171163182,-0.0129624001067505
0.00878485604171386,0,-0.0125886905177728,0,0
0.0141580987695937,0.0244922469290101,0.0159635612321563,-0.00271648842754024,0.00436590210179921
0.0116337045039057,-0.0142955428809699,0.0240593283897117,0.000597009825278105,-0.0207781913491503
-0.00695471222824606,0.00472692376490835,-0.00629040197672559,-0.000998650821276925,0.0172606485849551
-0.0043564574831807,0.00660712932410612,-0.00204083486496887,0.00155343617787307,-0.0100492911858412
-0.00537247299916921,-0.00378081039303113,0.00670969073040784,0.000328636288613904,-0.0120577312082566
0.00629246018487573,0.0139813603853758,-0.00105426734146208,-0.00438468326872032,0.0022939107167117
0.0170992197443418,0.00844007273303737,0.0197698197526828,-0.000424218805842425,0.0220189303679663
0.000108813928182627,-0.00380359501171523,0.00582726720813076,0.00457140981965365,-0.00709009675636685
-0.0125122402350124,-0.017401006859599,0.00299205687143567,0.00239073252902799,-0.0223266523303766
-0.00727192595857218,0.00766600131711659,-0.0171145860216315,-0.0027846028244386,0.0195489586573738
-0.0365704772475026,-0.0108852336181829,-0.00887965383672051,0.00261727562873038,-0.00632866109713193
0.00190081216519777,-0.00309718325567077,-0.0202545547158974,-0.000279725110485352,-0.0138499722848169
-0.00850868115442105,-0.00482620825578639,-0.0076209685101164,0.00115254661220154,0.00294372160583478
0.0179751826510495,0.00699610909797177,0.00444321967773487,-0.0013998365885205,0.0103359551340818
-0.0188539530644793,-0.0191713065603643,-0.00951235977916076,0.00301021706952964,-0.0174421486122454
-0.00592162554426712,0.00295186062014841,-0.00652820985879199,0.00136653422704791,0.00834877930579858
0.0199731355486774,0.0146782407400328,0.0202446246361394,-9.40148635560911e-05,0.00186318195460933
-0.00057257371886632,-0.000693345809538504,0.00703209918999725,0.00050404459437603,-0.0073247959957321
0.0111715840733313,0.012494011972435,0.00815871782691135,0.0026732391971418,0.00432531608004649
0.0242492917847026,0.0184586598894936,0.0217248763020046,-0.00267674073902291,0.0150762983823434
0.0103993804624405,0.000820286228406353,0.00903183639446437,0.000797596311631787,0.0302611444082124
-0.000821197853936306,0.00761212034761671,0.0266740280404978,-0.00125195186386662,-0.00722280057673363
0.00558873486384304,0.00818730754112429,-0.00274194147515083,-0.00136377679907429,0.012803382274746
0.0102435569116766,0.00197848412896628,0.0129394054177026,5.168464022276e-05,0.00230885115786927
-0.00129442856372364,0.0027726214899273,0.00689112074481368,0,-0.0262548623838456
-0.00896473510827889,-0.00291702069836097,-0.0126406183104115,0.00232981345963457,-0.00654699564935035
-0.00190725301073513,-0.00919915455895104,-0.00572462613525138,0.00267831076635416,-0.00107952718447446
0.0101550556890151,0.0128216797731051,0.0180585602600645,-0.00162070445719087,-0.00437384062773294
0.00508053183439627,0.00433007482966907,0.000803906874977667,-0.000399244265186227,0.00715775828432652
-0.00279630027963007,0.000846094571087974,0.00230137121730012,-0.00014514974857649,-0.0205786682429575
-0.00140207075064702,-0.000779605430814678,-0.00319445845522703,-0.00173551715410991,0.003115857519423
0.00091802570471966,-0.00255977340177993,-0.00619124724508624,0.0017189022777877,-0.00988601973671588
0.00339897491232799,0.0189705946212795,-0.00108563566542275,0.000613116779389911,0.00225536677242899
0.00811915259705365,0.00900772839994213,0.0121294052417471,-0.00251020731396212,-0.00796539751152425
-0.0024001280068271,-0.00134015293248424,-0.00103630074208538,0.00113353893473511,-0.00683433133109757
-0.01053250641574,-0.00236170082525966,-0.00569604441671134,0.00107341499972158,-0.00961340598890059
0.011995461176852,0.0112669472758855,-0.00277392041597535,-0.00269868026625431,0.0294318237690943
-0.00955737092209941,-0.00133400258692262,-0.0164429513140182,-0.00263904269762982,-0.00313767482349137
0.00722371967654989,-0.00519622114096496,0.00205964824010918,0.00085355666850262,0.00832752457067976
0.00235495611218162,0.00935380593996538,0.00283149725447918,-0.00139878490128698,-0.00800123850588375
-0.00315036309269545,0.00501406501480206,0.0124336991312302,-0.00148784975418237,0.0211827021581357
-0.003321013444748,-0.00228941851342124,0.00860979792859018,-0.000953009167261043,-0.0220124287322513
-0.00349330896974265,-3.75771050653562e-05,-0.00461265920558829,-0.000506837674380978,-0.0129173450052043
-0.0081436738215942,0.00311188523465988,-0.0134556255074889,-0.00356454866376399,-0.00801578391553182
-0.0103311402316351,-0.00976963641409934,-0.0103389410265983,-0.000887284065842708,-0.0106513545873231
-0.00379100049447834,0.0020009294960921,-0.0119760685965988,0.0010880904710826,-0.00166657017542104
0.00976174718729328,-0.00315276322885927,-4.66335801418971e-06,0,-0.0128100989813112
-0.0132721612321809,-0.0143567138855937,0.000423784635795954,0.000291621358436522,-0.0160662566476835
-0.0102955828628362,-0.0116251770941994,-0.0151052807301624,0.00182216332203566,-0.012224727465574
0.00173378076062636,0.0142024952415709,-0.00941254702575944,0.00029344945559151,-0.000556066417840229
0.0185360951370666,0.000508423403369873,0.013174373666303,0,-0.010010593662154
-0.00153483527928522,0.0145522022815687,-0.00151021606346435,-0.000237915004742462,0.00337327449868519
0.01306615426846,-0.00024864629733401,0.0174197288598275,0.00111729386685555,0.00131210728628917
-0.00401018804530429,0.00541808747853789,0.00758098423398978,-0.000650152849372865,0.000764847219252074
-0.00848794820175203,-0.00174693278916072,-0.00276828206415825,0.000410273041593356,0.00302981546240821
-0.0103715085331723,0.00109669696960535,-0.00210088765101935,0.000425483716154584,0.0137302122735601
0.0101474991682378,6.75079918759369e-05,-0.00372624942781041,0.000236441980090651,0.000981162584945183
0.0110336498874679,0,0.00232578132079286,0,0
-0.00407210337713104,-0.000378952209488914,-0.0139918496780206,0.000459111061454021,-0.0186950360916458
0.00136291773428554,-0.00417032906399828,-0.0145224728346476,0.000250663966908427,-0.00338174303451533
0.00136106271777003,0.00972741301204127,0.0138096751818875,0.00267055992292797,0.00461268864014919
-0.00342521611482627,-0.00850046983680464,-0.00445561387346616,-0.00099487222626482,-0.0277966914147826
-0.00589198036006555,-0.0142140189661596,-0.00308159763257676,-0.00510026894628113,0.0156311416060408
-0.00060366589836458,0.0211677290798817,-0.00850518259558319,0.00168956189784741,-0.00623846810619777
0.00181209159299311,-0.00644228841419259,-0.005478436577113,0.0016842700605062,-0.0369103858686902
-0.0163889497917123,-0.00893612733678628,-0.0152665102165456,0.00017309279773059,-0.0060970040392484
0.00417943716912794,-0.00430862786688613,-0.000250277900034179,0.000498713484959001,-0.00264317888097854
-0.0049389567147613,0.00498427245273025,-0.00771781612669431,-0.000701895092386495,-0.0015180968415176
-0.0150577212648485,-0.0174375496378606,-0.0195867528054695,0.004175564354572,-0.0207055503292568
-0.0148915689938284,0.00598244114676394,-0.00291973001911761,-0.0034516932889973,-0.00483193882746236
0.0188527416944477,0.00900497093268182,0.0106688337112233,-0.00169028592338749,0.00592732942437557
0.00440031592011736,0.0127923793491584,0.0140253301735493,-0.00127144712890892,-0.0206972090708737
0.00241518759829251,-0.0141816197106458,0.0106509740718401,0.00204496878789717,-0.00729358219826559
-0.00918921947666262,-0.0209928798052812,-0.0110881184839451,0.00189033888567547,0.00621202677714461
-0.00424136175988232,0.00718459988091658,0.00221176123548883,9.56529273690165e-05,-0.00469612304748646
0.00357791912766925,0.00960264039391023,0.00408386267183958,-0.00159187266381544,-0.00300988102686084
0.0185614849187936,0.0106406781493096,0.0108679920047341,-0.00125973319396977,0.0220267427912906
0.00705594755264172,-0.00286532792501892,0.0011696012420972,0.000802482032017382,0.00731359274370735
0,0,0.000283007311726147,0,0
-0.00375151715767397,-0.00136189203233406,-0.00492438181302668,0.000396529658272415,-0.0144391340452071
0.00825119060804069,0.0109943070909677,0.00137192506609551,-0.00327507031589358,0.0186356872994213
-0.00461361014994233,-0.00660835388409386,-0.010283514048566,0.000196391723959799,-0.0193847122263654
-0.0097665949346134,-0.0101591180488021,0.0033716992581283,0.00152656636272264,0.00821251371384335
0,0,9.32758477738549e-05,0,0
-0.0302574389836175,-0.0155891936495604,-0.0332110294193846,0.00158259178336495,-0.0064350426031331
-0.00160891800264318,0.000567259488374772,0.000907332304308728,-0.000485581851134453,-0.00799899102634771
-0.00984172661870508,-0.0143541852804169,-0.0112567224410627,0.00310635579858354,-0.0299678039970162
-0.0145896303185306,-0.0232107491855739,-0.0275284829038864,0.00116750627273254,-0.00752764803643635
-0.00825812540553295,-0.0101517493636893,0.0016470870342018,0.00153308456225365,-0.0040268762675022
-0.00797002319633622,0.00318831452311263,-0.0225529729959545,-0.00163791128122004,-0.0302705464209965
0.00641525271299259,0.00717468821599754,-0.000192723999826061,0.00236459901879815,-0.0133611760288065
0.00619563922316213,-0.0220879047907153,0.00877197092251603,0.00228051607700852,-0.00379427847059044
-0.0159857904085259,0.0140939265136033,-0.0087839366553365,-0.00117102472883202,0.00486332914800958
-0.0181107099879663,-0.0235484128250119,-0.0193019283185983,0.00338165560746861,-0.0273555875188445
-0.0106011397757215,0,-0.00814479205628527,0,0
0.0151740369131672,0.00174791233434823,0.0155879367591654,-0.000891048890458546,-0.00452954908066794
-0.0320907815264474,-0.0152808574439758,-0.0302637097708607,0.00265380197209941,-0.0219149883486276
0.0126063662149385,0.00735347051366464,-0.0060866581933714,-0.00115170477831061,0.022947758887836
0.0300031123560536,0.0132739657836065,0.0321592573949769,-0.00130080799076038,0.043737939085585
-0.00537861848069132,-0.0129426739253158,0.00768084936830693,0.0012542257099375,-0.0242881333408503
0.0102078016769958,0.0177531450798509,-0.010832228210837,0.000535439927425108,0.0200669948827796
0.0054733549861663,-0.0137794694312183,0.0108504026108205,0.000384799619874698,0.0158755526604069
-0.00945145660106472,0.00785170515424927,0.00880738335743203,0.000708606778394572,0.00973940628603187
0.0108702216317409,0.0246833190551803,0.0278881178485562,0.00255851674384333,0.0148757005571916
0.00501822092120197,-0.00103988852631653,0.000597141413647639,-0.0011633989783888,-0.0257416276310766
-0.0199726564821969,-0.0179728162930476,-0.0188117592715052,0.004231426967926,-0.0251910848352841
-0.00200157700006076,0.011573697808211,-0.00969178966771289,-0.000668479275467204,0.0341960658333988
0.00905554880272286,0.00511008855678252,0.0248273291042569,0.00114122251396109,-0.00540875283112474
-0.0109618743600554,-0.0128901617862273,0.000196931660788158,0.000162435839039743,-0.012655237648126
-0.0350770355033191,-0.0104299033631636,-0.00739623875715456,0.00445848644431179,-0.0151515533099855
-0.00145156200694219,-0.000478545028779531,-0.00575309912794086,0.000132637016776904,-0.0342501764471221
0.00840601693844012,-0.00511887330105054,0.000963735316126924,0.00161833795715594,-0.000301330514560272
-0.023816985271075,-0.0159947357010465,-0.0239351012172826,0.0017241194879225,-0.00883180424246566
0.0200963081861958,0.0200288036433722,-0.00251963845833947,-0.00377096741889837,0.0471269890558836
0.0208962739174219,0,0.0219586793778443,0,0
-0.00437731196054236,0.0145464689941017,0.00626450409392287,-0.00181627751481783,-0.0135369645595103
0.0252647222738249,0.0162237354593151,0.00601981738167701,-0.00146688169158882,0.0324529442139674
-0.00193271727970035,-0.0024553175580434,0.0142994448783387,0.00271318894697536,-0.00413044219084835
-0.00701966717095304,-0.000993004303906031,-0.00682045475315629,-0.000327237609301645,-0.0181754501088474
0.00944603571210911,0.0139496336266947,0.0114315659228785,-0.000440592176866317,0.0237495566530741
-0.0124969814054576,-0.011364017982686,-0.00617671482392212,0.00107501311267932,-0.0207419126316396
-0.0231705080393715,0.00323852677160463,-0.0108908769834055,-9.81650287561475e-05,0.0115231534145375
0.0219677055951932,0.0129735306292975,-0.0014617608737747,0.00146308847014809,0.00957385189086346
0.00557290709780145,-0.00306785199205473,0.00634598015615828,-0.00280364581028303,-0.00231294206230315
0.00158343483556656,-0.00715284683828943,0.000458544207058154,0.000680989720968528,0.0121199135302654
0.0138027483886658,0.0211048299641543,0.0170386658953772,-0.00411320199541565,0.00361727307387394
0.00371858693696403,0.00203059845282261,0.0217149174022986,-0.000138630735367684,0.00545921152406903
0.00627427547057069,0.00270293462703775,0.0144644521057053,0.000535442664531205,0.00252931211357721
0.0139548693586697,0.00371030909510872,0.0138339553740978,-0.00168564604065846,0.0245123215864473
-0.00462664714494876,0.00395039041936918,0.00541751124371825,-0.000924199572446938,0.0267797049606768
-0.00382442927747706,-0.00591235288353231,-0.00884685821086872,0.00309791276028104,-0.0144669142653753
0.00106313862146368,0.00254130259616314,-0.00045548674551954,-0.00184965810510029,0.0224271082346812
-0.00418903770133938,-0.000308093598892278,0.0039957583017014,-0.00180107849011391,-0.00680206059160171
0.0273136627562507,0.0131645832341438,0.0128589353412414,-0.00196015111699077,0.00939826698358881
0.00242228502220443,0.000919024280981562,0.00331897102851308,0.000492924761494429,-0.0128761441298019
-0.0105862723663771,0.00129967796212305,-0.0157867496379723,-1.53887955141041e-05,-0.0100788112300746
-0.00290748386346451,0.00430305211786175,0.000685891582711484,0.00294940422804046,0.0212038749175263
0.021461480142299,0.00898857808701425,0.0326493767120279,0.000657864453071033,0.0217202625398261
0.00119897230944899,0.00691051819604449,0.0121100466280237,0.0012868320021775,-0.00760816072488324
-0.00490419708029199,0.00122534552790166,0.00282470698847814,-0.00176780794924947,0.00254015106902394
-0.00446991404011465,-0.00234297917015935,0.00179708332095885,-0.00076945221953395,0.00411404763820755
-0.00500805894542944,-0.00454930502850548,-0.0105788888417399,0.00264190113249341,-0.0241425962131426
-0.0154469192941856,0.000751074238181326,-0.00933016237455309,-0.000672312818301823,-0.00444539302591551
0,0,-0.00158993448710831,0,0
0.00464214361264537,0.00112217089462563,0.000952747524282094,0.00068689080040385,-0.000176167599702515
0.00239808153477217,0.00557307576825217,0.00220691734177736,0.00370197487308177,-0.0110720801601264
0.02835803477652,0.00473816482023182,0.0236080230922953,-0.000578289036774482,-0.0027781535507243
-0.00692237857467093,-0.00178199999562567,0.0034394873509469,0.0017962138074008,0.00036726145375976
-0.0169694892012341,0.00608736377654284,-0.0125722606664468,-1.78561267586419e-05,-0.0216779529359735
0.00732345248474275,-0.00286356276317612,0.00098955970723047,0.000509742000550428,-0.0158942815359739
-0.0193295251283826,-0.00753669861150119,-0.0165982533311404,0.00232777011663843,-0.00308346003182103
0.00776653330195343,0.00673622406692642,-0.00474996130166372,-0.00145652262168383,0.0231598192937452
-0.00601354507239604,-0.00982660333644914,0.000343839200052543,0.00302357230895645,-0.0067772993669678
0.013920704845815,0.00199514542209345,0.00930608267056332,-0.00106763531341281,0.0380148842986296
0.00718340864326272,-0.00116909105029828,0.00888031640037323,-0.000168004812341138,0.00649944605137764
-0.000575175428505825,0.00938931796543541,0.0083902992649274,-0.00203775664495931,0.0265536867240841
0.0169774401473297,0.0105538792526512,0.0159883088501054,0.000272303240693939,-0.00105781677818462
0.00130156754003719,0.00126937101801095,0.00164510499892634,-0.00127602938267468,-0.00674654059499402
-0.000282581666101622,-0.00161601828859725,0.00150273325287587,0.00204825492441763,-0.0100713287152593
0.00701000621855385,0.00596158110205547,-0.0033544459073539,-0.000767357058366391,-0.00116342861031893
0.0189749059675517,0.00274633779067801,0.0107568765420816,-0.000945073291325427,0.0229747840431069
0.000661120599416032,0.00236325756397893,-0.00384581915495952,-0.00247331777266702,0.0259561292180848
-0.00693717998128063,-0.00599450158587533,0.00507343548273664,-0.00124175295915341,-0.0117662592656604
-0.0072628485890115,0.00118057115645143,-0.00986933445908578,-0.000490391620585395,-0.000996080043287773
-0.00251312409248294,-0.00147209271765569,-0.0070749245453483,-0.000852930541724417,-0.0078854983166613
0.00587873019427798,0.000727712133873126,0.00412525481456738,-0.0012432943904892,0.0186686014224036
0.00350662362239773,0.00284714716499512,0.000686051823211242,0.00274497500975901,0.0125692232748478
0.0032170392145987,-0.0116836853179071,0.00117120169292928,0.00172243647858705,0.00974290015296697
-0.00879084425277821,-0.00320311319267486,-0.00452125641053447,0.000390529632568359,0.00236201985593087
0.00541053101294064,0.00661191309403786,-0.00526464832217999,-0.00186346713086116,-0.0146213393563831
-0.0160887656033287,-0.00783918277148332,-0.0172657815847799,0.00307082671640746,-0.0191178608962621
-0.0131378629828023,-0.00551325943254433,-0.00907922907182868,0.00124066171163695,-0.00178868724115644
-0.00359958861844378,0.000756698536072076,-0.00496497297374066,0.00147092527309711,0.000297018388906611
-0.00108951201330354,0.00506831975628685,-0.0050587350902318,-0.00112667817717427,0.00653868738184471
0.00252583237657866,-0.00195721377553693,-0.00540783840683057,0.00119520766644077,-0.0234411192030373
0.00939074667888229,0.012562690597161,0.00764050616174705,-8.45070556270144e-05,0.024252515582343
-0.00102110279101431,-0.0109095958445283,0.00131515536130111,0.000736650436458763,0.0253975037826493
-0.0064735945485519,0.00052993376100563,-0.001543352356695,-0.00138207098568977,0.00359100285859326
-0.00405807041609518,-0.0104500225729205,-0.0131032762963378,0.00188141972122202,-0.00329327431524906
0.00350071736011492,0.0100017290882199,0.00172584929315733,-0.00216194069150322,0.0164557806584635
0.000743451904380521,-0.00965134239366594,0.00533940654620402,-0.000550091733440117,0.00843791977856867
0.00354305960340584,0.00049987695759901,-0.00914247092218845,-0.00435156395251235,-0.00211776059100766
-0.0165708103183192,-0.00520454176536778,-0.0155367625232472,0.000952535370248198,-0.00816035040143148
0.0130862767805444,0.0040732420246401,0.00452223055683931,0.000319197663988469,0.000961875041103344
-0.00400091449474171,-0.000457785535464494,0.00475180589451818,0.000167179493539171,-0.00653929724702651
0.0185929071502353,0.0121831683181959,-0.00104865963617606,-0.00113977803895704,0.00336349226328503
0.0116619718309858,0.00821519873021748,0.0149041574787194,-0.000450702181107321,0.012484382827191
0.0049005958679067,-0.0013004810645797,0.00408505919517177,0.0019626804129127,0.0024775970458677
-0.00238293155998881,0.00276928393109621,0.00672463379254262,-0.000975842534196802,0.000767962594816929
0.00211087656927011,0,-0.000524715778953078,0,0
-0.00809312638580939,-0.00454799037175302,-0.000172616170682871,0.00063489336726108,-0.00247711276745033
-0.00603554263999095,0.000138685585691967,-0.000245276346668377,8.03544944629753e-05,0.00195110609543336
0.000168671989204894,0.00315276373961471,0.00293986992400508,0.00173809257572199,0.00775948730836906
0.00652088369216952,-0.00176594922673223,0.00860673184651106,0.00502101251849618,-0.00139281149661774
0.00664618821558216,0.00636092882164174,0.00887177051011934,-0.00143488467756769,0.0127346753939732
0.0101531291611183,0.00100136121700589,0.0155417981946868,0.000871796574475114,0.00812643588405249
-0.00142802218926785,0.00397808015279777,0.00809955494677883,0.000679816579847392,0.0180729841663667
-0.014905670755184,-0.00110309513787754,-0.00623631069388786,0.00118632529228946,-0.00680381615961401
-0.0268006700167503,-0.00666362723951386,-0.015533765652054,0.00166929390854365,-0.0183648324143526
-0.0181870338496846,-0.00712606678090233,-0.0173226777649872,0.00148729939816206,-0.00166137245382869
-0.0269970198095015,-0.00325188157179335,-0.00786577669802191,-0.000268773346737472,-0.00561528027649771
0.0119512341601105,-0.00171839039923594,0.00643548708032671,0.0018526763815836,-0.00786168205739246
-0.0148961424332343,0.00535745803497312,-0.0097541831843796,0.000527045756704814,-0.0222319245983592
0.023435146695584,-0.00326697183729163,0.00806355875803577,-0.00129351101190067,0.0245849726513769
0.0449140569813986,0.00733830066996433,0.0187405989212066,-0.00268719365061865,0.016053730274687
0.00123936679623693,0.00139610830081782,0.00530174588050669,-0.0011059297392112,-0.00711980686105373
0.00472627018511229,-0.00274244545604685,0.00591899823045638,0.000724545149283662,-0.00822881069898063
0.0210001680013441,0.0129489160525966,0.00755612390703786,-0.00262906422705145,0.00979524591084702
-0.0895677928916191,-0.0338859887687878,-0.0352969556948716,0.00733392121584586,-0.0301756086024855
-0.0530754864750889,-0.0149711030611399,-0.0124067990304071,0.00527170792847098,-0.013939313094169
0.0328286041481105,0.0157219215307567,0.0135586288608023,0.000131019681729683,0.022060173038198
0.0357274855242082,0.01648183996082,0.021988442064051,-0.00207615597440491,0.0221248487760874
0.0111811585583443,0.0132984465160946,0.0152232037879469,0.00123328235484976,-0.0165523134513941
0.0092930243500764,0.00126411869782084,0.00623211348543129,0.00159888066646796,0.00644913469881048
-0.00687645687645688,0,0.00505450372594174,0,0
-0.0193639244220161,-0.0059596646636747,-0.0136412424490221,0.00492339540835296,-0.0321898801686639
-0.0199258018190522,0.00458915447619135,-0.0149266823835909,-0.00104768453344073,0.00453550762167643
0.0107454667562124,-0.000997530461311458,0.00984950735002688,0.000336942601001367,-0.0292004776031385
0.0127453941407429,0.0140175178677686,0.00226617792839523,0.000826360287964567,0.00690230903979527
0.0176547775259455,0.00441920011444719,0.0218911657883902,-0.00283521537519382,-0.00675985249158317
0.0128355409682335,0.00662403273138357,0.008975955513564,-0.0035999288131221,0.0263489775099421
0.00173601064753193,0.00133238655717594,0.0028716721173967,0.00218358551389519,-0.0209036889723073
0.00814511004563578,0.00730987074599421,0.0113347877660814,-0.00292371229475086,0.010955027676391
-0.00481320192528079,0.000547606429959213,0.00267298960772866,-0.00280367438770357,-0.00310980834507957
0.00184246890833717,0.0011761382577784,0.0026954783966866,0.000476188686301837,-0.00742893930141664
-0.00896551724137928,0.0014003720840492,-0.00179233719786098,0.00122266124065251,-0.00861837664844123
0.0102064486198097,0.00218825860710736,0.00305578659793482,-0.00120686218177979,-0.000974042800300001
-0.00172215843857626,-0.0041837555245936,0.000735262386521773,0.000734243698465642,-0.0115429533182998
-0.00258769407705584,0.00289560086118112,-0.00214303064708499,-0.000129988026554173,-0.00528131739578208
0.00144133756125675,-0.00418920261551559,-0.000170672828393337,-0.000236073926338842,-0.0110994167552763
0.0018998272884283,-0.00104423649787122,0.00198058046326977,0.00032884460062288,-0.00230553858220328
0.0049416767224042,-8.53116711047042e-05,0.00383211011228224,0.0025923489102655,-0.0143533321998387
-0.000972039567728178,-0.000856310923062709,0.00175262526619835,0.000164528344278603,-0.00801615565818992
0.0161973443223444,-0.00130613422279935,-0.00221871441626798,0.00272913004095221,0.00807064962068171
-0.00698394818361026,-0.0015046574779678,0.0105109002835886,-0.0018351595473336,-0.0204957296505724
-0.00828086892405422,-0.00493040132187483,-0.00643245091782518,-0.00184087146116185,-0.00473749218268815
-0.00417500714898478,0.00246049253928704,-0.00974637526011024,-0.0001079764878269,0.0180060619552376
0.00419251091201467,5.23449216265348e-05,0.00920023427536121,0.00206231595458117,0.0114814596761155
0.00446096654275085,0.0104336288049494,0.0109881229125062,-0.00403736414425115,0.0023781388615054
0.000797130330809193,-0.000251238254935227,0.0113252470389924,0.000182841531080724,0.0127943384522362
0.0126301416623997,0.000203372775561705,0.00483744251591567,0.00184873204156766,-0.00647152293290776
0.0025844148547669,-0.00115290212221009,0.00365905292243829,0.00180667140294255,-0.0123444746419127
0.0105351639114599,0.00651307840977777,0.00517900603691368,-0.0035443979153077,0.0219188639863701
-0.00149725503244058,-0.00199054093710016,0.00278547742182944,0.00269256787910832,0.00976122193382123
0.00155503720981898,0.00320732666585966,0.00672752681461097,-0.00172844463852206,0.0185158304913062
-0.00238438505046024,-0.00437667505992589,-0.000289239362678217,-0.0012738465289206,0.00975541743347375
-0.00694791840364628,0.00228118190345072,-0.00646206653393078,0.000914471130080807,0.0053112395091548
0.0122579200716444,0.00127956743297153,0.0075770662104806,0.0013397331602365,0.0155878781135117
-0.00840475532209006,-0.00213220494818867,-0.00661419508819616,-0.00208735607418742,-0.000879069709714408
0.00133831483856572,-0.00124762682485413,-0.00669473170497714,0.0022053084169702,-0.0162633909429272
0.00863173135824469,0.000964668779824596,0.00257416200633465,-0.000280764757302432,0.00722478162801443
-0.0025397526501767,-0.00354825343265897,-0.0105801601055503,-0.000184105985084115,-0.015021624360391
-0.00542455441160183,-0.00179003039346737,0.00150546465147827,-0.00107766345694749,0.00452118496215514
0.0048419412288514,-0.0028729740069694,0.00373977545496285,-0.00302212015589509,-0.000193123914770332
-0.0115203544724454,0.00584866256973071,-0.0059919829657763,0.00370312170666343,-0.0108082879273365
0.00308175043424663,-0.00180632378949119,0.00332888140899712,-0.000555457901212919,-0.00951309292815783
-0.00480393252150602,-0.00289457023733664,-0.00570566576304965,0.00022160314043318,-0.0211112592936864
0.00550067355186346,0.0010605667050696,-0.00256980844018306,3.70428982550131e-05,-0.0182010964856324
0.0169141453611701,0.00394505544739188,0.010074206062193,-0.00143078755676673,0.0155608452765881
-0.000988088049623914,0,0.0111434511872683,0,0
0.00511017088851018,0.00249603849611613,0.015236824758277,0.0029025351107439,0.00294758508238613
0.00317078504264168,-0.000168259236903223,0.0029379836008776,3.65190508886393e-05,0.0114604302582333
-0.000326975476839242,-0.00249514689154562,0.00150921264545167,-0.00400664903360315,0.0266118998087244
-0.0164631487134759,-0.021345507256277,-0.0192861537455263,-0.00276230303637104,-0.0210732508727864
-0.00875734397516892,0.0132495681701545,-0.0218361134760937,0.000509070169195214,0.00473982510968751
-0.00827555356743448,-0.013793902469892,-0.00380014254529648,-0.0024378178597424,-0.0183630476234666
-0.000338294993234123,-0.00177011708967356,-0.000798860420797243,0.0010557657300474,-0.012655558474352
0.00535815002820073,0.00994136592660833,0.00442935349740714,-0.000134927554282349,0.00871089441792039
-0.014586255259467,-0.00486952614634228,-0.00396281834276613,0.000854735133553941,-0.00397375895327867
0.0121263877028182,-0.000200175489816878,0.0138758358478082,-0.000781404137269792,0.00250519089481305
-0.00185622679716513,0.000540502897190542,0.00127726925004623,0.000755594180580133,0.00353497223207344
0.00163426317272486,0.00903146168312219,0.00770284176321789,0.00143815158509009,0.0134716474692729
0.0250365702711826,0.00539817554208422,0.0168947288613273,0.00167335475026564,0.0112372627056154
-0.00905647949942368,-0.0071228851011168,-0.00365847199790625,0.000199273357222474,-0.0205077981800171
-0.0112994350282486,-0.00912400591445406,-0.0130784864007893,0.00192843141792576,0.0140615494470147
-0.00549019607843126,0.00737634829550737,0.00628391126282724,0.0013624051680412,-0.0170061803646481
0.00647814330779628,0.00608621340241355,0.00129393601304528,-0.000472094994130368,0.0280504493942768
0.00397380645883483,-0.0106762317140016,0.00139657918541691,0.000740105395319102,0.00862622325830942
0.00122644664957083,0.00907770066007418,-0.0108631996608521,-0.00211308987304137,0.00315834010705718
-0.000723830734966513,-0.00286900932108203,0.00920998375232718,-0.00121714209031254,0.00644423715702769
0.00289742018164607,-0.0044982618328766,0.00441863833671041,-0.00289153388943486,0.00165497490150357
-0.00166675926440363,0.00653511913106342,-0.000267229036476579,-0.00126809622548785,0.011776607712018
-0.00662251655629142,-0.000685668893000035,0.00197037152696811,-0.00155723596983925,0.00299149093694928
-0.00857142857142856,-0.0015330926267213,-0.00242316162735734,0.000523746852380658,-0.00429893600050979
0.00508560773012379,0.00485460920749414,0.00425859218690827,0,0.0161085748180676
-0.0139989880249621,-0.0109325848260475,-0.0142590706880913,-0.00200652723451056,-0.00861011833681724
-0.00878093283156567,0.000857439034608998,-0.00307343910102176,0.000187144520048754,-0.00920550403012599
-0.00696042337781877,-0.00249481606918511,-0.0133841037561553,0.00133791574205944,0.00668489585350551
0.0103689972774141,0.0021795819256758,0.00716904333247093,-0.00251445326350952,-0.000468520228446345
-0.00848526545120964,-0.00286563966102193,-0.00258875232476075,0.00187401583381153,-0.00265334122549821
0.0134150572452874,0.0041762442696156,0.0154638902667708,0.000877695610529194,0.00252489300937397
0.0027958461714026,0.00249237964654814,0.0052873929554198,0.000315296559441292,0.0104757839193659
-0.00153627311522053,-0.00192262030479096,3.21180119364772e-05,-0.000233977830895737,-0.0142328071220336
-0.00501481650330515,-0.000916107910940323,-0.00227201735560179,0.00039320308904145,0.00454409602462458
0.00120274914089347,0.00426084787557501,0.00787359875642313,-0.00102924422785211,-0.00218225995781673
-0.00572049653909956,-0.00295007972551153,-0.000163814339627311,0.000258521399380651,-0.00489544013335552
0.00143835222369249,0.00165467289400367,-0.00835435446575405,-0.00141252280968007,-0.00707383288860874
0.000172354360565397,-0.0016293784462954,-0.0057271590371224,-0.00238450504663856,0.00883341896629108
-0.00166580504336833,-0.0004674601489566,-0.00195697681831619,3.08291085593382e-06,-0.0099569008496051
-0.00224395857307258,-0.00103315208918875,0.00176865954141547,0.00132920477508214,-0.0226488467203605
-0.00334467447090703,-0.00580558284383292,-0.00269011795856267,0.000235884134470954,-0.00280804552569358
-0.00462882601400227,-0.00429418232659284,-0.0136954498383777,0.00150470899330579,-0.0158022080419907
-0.001918270069174,-0.00129649552766209,-0.00589898401663325,-0.000960337494086416,-0.00735249858684128
-0.00576587070471746,-0.00236397872445759,-0.00536849042474885,0.00200984404717697,-0.00904600876379114
0.00720520180422923,0.0207573745551202,0.0166566982271223,-0.00245383182726155,0.00762732217407658
0.00436198673956034,0.00533311655485313,0.00858463244548124,-0.00196008148105353,0.00137940166569273
0.00550118709826841,0.014015939696125,-0.0246400888837645,-0.00957223596112,0.00188500210432618
-0.00840820087537419,0.0118770942157338,-0.00510237526959956,-0.00352248876872874,-0.00435319845169047
-0.00627250551748182,0.00211562636756168,-0.0302938326785835,0,-0.0178303857528787
-0.00999415546464055,0.00111538226180596,-0.0118946970937441,-0.00417693594900181,-0.00404437550234726
0.00354212173091706,0.00302340753942376,0.00303300342868607,0.000270571129553643,0.0274372620589138
-0.00688275780928305,-0.00181134648794445,0.0068130349024742,0.00130833169852185,-0.0049966161638213
0.00633811159815179,0.00189082127992579,5.74887785254052e-05,-0.00297930105110544,0.00116149274444122
-0.0128318323621165,-0.00160850847601868,-0.00313267926398508,-0.00191358161956168,0.00489352094721895
0.00709558165881585,0.00470416971732357,0.00338998423419401,0.000553840058643562,0.0301554639087198
-0.000769686204854958,0.00354399049112053,0.0119077178371374,0.000264059920060733,0.00119920682105668
-0.00622148486105356,0.00311749345821655,-0.0017358315780186,-0.00193988040348159,0.000699984273480947
0.00649892678273312,0,-0.00454597678292878,0,0
0.00568686689177178,0.00361376141893244,0.00442635012834569,0.000397118635191873,-0.0164013664136923
-0.00948341874300529,-0.00283199965811276,0.0086435351097347,0.00195426951179622,0.0144491855018523
0.00660085632730745,0.00218372818514356,-0.00542834999739839,0.000704573852545964,-0.0280751429301259
0.00206770248715071,0.000327690818988424,0.0052156702502486,-0.00359966712807569,0.0478568153860819
-0.00294776559368004,0.00363846317121697,-0.00509930999345332,-0.00240440477640147,0.0200224392018922
0.000236518448438972,-0.00112059288154831,-0.00616947782451571,0.00232995714065476,0.00422222797907668
0.011764010404351,0.00238997440446487,0.00107045915051418,-0.000196986781507591,0.00984300668647808
0.0105170902716913,0.0018495452562306,0.00883070017406795,0.000270546226765811,-0.00781775435969212
0.0120844174616941,0.0158866488554632,0.00713933023174151,0.00200465407709616,-0.0114345166995183
-0.00217093235831811,0.00360803259307141,0.0135221189573866,-0.00221029464704392,0.00763660909963071
0.00269094240238177,0.00724145679533694,-0.00166993092387435,-0.00305419744702284,0.00828042075825475
0.00216981670758853,0.00200325116629951,-0.00635387566495771,0.000319059380820441,0.012641795755278
0.0136744345051565,0.00596055105587223,0.00570369090080614,0.000229668945838979,-0.000356898452845034
-0.00387836546568487,-0.00596053103866878,-0.0050437081868403,-0.00467113315599688,-0.0144931747861685
-0.013824624760185,0.00301709028693664,-0.0161342897923555,-0.000637096151421157,-0.0048304925526923
0.00291812095897459,-0.000444923068974257,-0.00256079338915749,0.000429158626565229,0.0108541655114203
0.00148334094020997,0.00199825876278337,-0.00615715844847775,0.00282463227961216,-0.00346390972059663
-0.000854506095476881,0.00460521979045558,0.000222073802897294,-0.00106636884711264,0.000627788859563161
0.00342094760248601,-0.00163541570084647,-0.000143760861854747,0.0011663278703804,-0.00413685945554387
0.000227285641229535,-0.00107491776783841,-0.00981933489661058,-0.000373131327360499,0.0032322351464773
0.000965744475373453,0.000749485622582036,-0.000875168754513211,0.000375708689963838,-0.000150898095867769
0,0,0.00102239218447941,0,0
0.00102156640181605,0.000563360688286219,0.00280562380424665,-0.00085325251034396,0.0162069675835426
-0.00323165891824462,-0.00558305831892603,0.0101278870738915,0.00215556458619837,0.00242296926879026
0.00580171776349481,-0.000700992474146678,0.00855321409598031,0.00177925592052897,-0.00174112999708231
0.0087654809704234,-0.00288499755750282,0.00446749951714565,0.001177422736796,-0.000665172887073573
0.00487722838883276,0,-0.000439191145382045,0,0
-0.00864714086471419,0.00602960380493345,0.00762637485148931,0.000261854116436533,-0.0188813106795114
0.00754079909960614,0.00340310384852383,0.00349768872685541,0.000717423467147205,0.0140495996701058
0.0130697050938338,-0.002149806167554,0.0118233438076616,0.00406046475204813,0.00429398874839415
-0.00259124490020946,0.0034408508788899,-0.000686389824551381,-0.00296880353716222,0.000865310847396161
-0.00696478912166265,-0.00382841475341,-0.00303288007615876,0.00242546567003399,-0.0212173622397884
0.00462009462844404,-0.00160120383802109,0.00826633711407365,-0.000142300813289031,-0.00553523157782632
-0.00941932624113473,0.004973365676463,0.00119857086111508,0.000612294703675076,0.0127083546711693
0.0109631949882538,-0.00317097910787811,0.0111730923765168,0.000165657908209216,0.0137096388383673
0.0068053557596548,-0.000265068968034798,-0.000727993175983155,-0.00150467797428622,-0.00365666207565774
-0.00989174039676877,0,-0.00766789418852676,0,0
0.00677138258311594,-0.00296521616485501,0.00648501766522402,0.00329753128870425,0.00269657356493691
0.00176415458404544,-0.000614913115098648,0.00336818527966187,-0.00426062656131199,-0.0142915274352242
-0.00814484618347922,-0.00365175125746753,-0.00374344425194839,-0.00169116274881831,-0.000525484086450145
0.00560395050768481,0.00480695959865485,-0.00137938586792852,0.000380653123174035,0.0112870235191538
0.00209666740233949,-0.00138181586777253,0.00995531364800062,0.0031916646873773,-0.00156716343418417
0.00330360092500825,0.00570021160783862,0.00722153577437301,-0.00233231841002279,0.00352582046975392
0.0116891669410601,0.00782415540641135,0.00390050650611329,-0.0028973925888256,-0.00558811808853321
-0.00439381611065903,0.00161408844656341,0.00504899538930692,0.00105716665735711,0.00694279209443405
0.000435872289419326,-0.00035443754867015,-0.000880933265324235,0.000729021585103906,-0.00801008204095
-0.0116545038666813,-0.00610405840331363,-0.00309189731651693,-0.000285093120722335,-0.00992733466840079
0.00407758430681082,-0.0053596621650509,-0.0042092343236706,0.00182817174096073,0.00591946505324947
0.00406102513445283,0.00146187449465995,0.00417005885314059,-0.00126424147568915,0.0148492105220093
0.00142107564494975,-0.000303059494083713,0.00243790485621154,0.000118513621068628,-0.0033441594016238
0.00420259796965405,0.00947091619212315,0.00401968012339449,0.000116560933864029,7.59192136594589e-05
-0.011304962226208,-0.000948649361947718,0.00449449141685876,0.00268567737270775,-0.00899097335147514
-0.00170413940959813,0.00188869427512306,-0.00333729367010982,0.001121995707273,-0.00611101204454134
0.0051211453744493,-0.000572669005812654,0.00203866554675702,0.00291710568081283,0.00545197941177578
0.00394455705911367,0.00608189466016729,0.00424117541293101,-0.00320008471945099,0.00478194722767711
-0.00218281036834933,0.00480722729778282,0.00497809019768414,-0.000390187932472474,0.0123782271270441
0.00574241181296142,0.00717272122996993,0.00571717206481215,-0.000914014518917705,-0.0127655018489388
-0.00369766177270259,0.00501252086327253,-0.00145790494479892,-0.00231154534821143,0.0032860324849211
0.00436633555288735,0.00590848564068125,0.00825924389716559,-0.00143991481675254,0.000940424013989194
0.00635800456472113,0.000383661261984081,0.0041532768599648,0.0024131874969513,-0.00434340161823588
-0.00356390733840917,0.000207583900021957,-0.00691971419156168,0.00161597429935112,-0.00167535562718835
0.0013547932585487,0,0.00485063386060225,0,0
-0.00156943392142006,0.00576780012236888,0.00243530868360642,-0.000351194375089126,0.00374871452646719
0.000596238278497419,0.00157145694260419,0.00564353518886751,0.000862457285152773,-0.00723879273522954
0.0041711809317444,0.00175043157506294,0.00123163130035819,0.00135067101123254,0.00539655382086424
-0.00976425527323732,0.000812668169587694,-0.00898395066487556,0.0029008338932428,-0.00471024663206732
0.00283286118980186,0.00106246832350276,-0.00335725770094675,-0.00214142806935413,-0.00186275849179007
0.00320512820512797,-0.000995786620393235,-0.00415866890570626,-1.75982615809867e-05,0.0028944483607154
0.00812259706503493,0.0145736384824888,0.00242090479935086,-0.00478632923696443,0.00253318234433442
-0.00204114518988019,-0.00527351136991783,-0.00209776223657043,-0.00137904806199296,-0.017631514991569
0.00236826524570755,0.000130489384688515,-0.00568917589830809,0.000599876240655828,0.00618399905123135
-0.00182569940396282,-0.00244523197760549,0.00366916026091801,-0.000468607196623561,0.000594405491005645
-0.00435741567593728,-0.00112097915533527,0.00220713884841217,-0.00113216964984952,-0.00440789401463726
-0.00151285930408473,-0.00270840458782995,-0.00161165575153677,-0.00179026313444408,-0.0256115465484441
0.00346320346320339,0.000118391469656753,-0.0126891998686058,-0.00187617854077915,-0.0140583075279253
0.0080888697152719,0.00214709089102461,0.00348756754773816,0.00104354955020391,-0.00759663874449079
0.00502835134267676,-0.000753462914198533,0.0133696803959928,-0.00144123615214298,-0.000671667849128421
-0.00548222269533749,-0.0021120102273372,0.00164690662635669,0.000907192566921067,-0.00773738385355804
0.00299705646240311,0.0054096637346861,0.00388265012630362,0.00456644028113318,0.0124441402055049
0.0181954004588869,-0.000742099144806052,0.0209784983098413,-0.00143084619239975,0.000979183272536766
0.00241064877895414,-0.000951872926091668,0.00245581533361894,0.00149457339945869,0.00226983706128681
-0.000365955667084861,-0.00041906967885319,0.00705144870173324,0.00161842232554799,-0.00244223323459869
-5.2298519952032e-05,-0.0113767435539049,0.000754158750416956,0.00220500200674789,-0.00717596271633825
-0.00517782426778235,-0.000324960407582009,-0.00601761276079804,0.000955274552669305,-0.00310401135833593
0.00725513905683184,-0.000228665570777609,0.00109883540942435,-0.00045293024391635,-0.00204596396258583
5.21947909597476e-05,-0.00289747384424921,0.00130152328226596,0.000474862810033949,0.00184756304999389
0.00339248434238004,-0.00222118339371524,-0.00349708495448642,0.00146469199481869,-0.00368696953116299
0.00452535760728212,0.00732442744322315,0.00480207379527298,-0.00202251121970864,0.00885435002837998
-0.00740472245236123,-0.00203757835283325,0.00192036536331019,0.0018737813540286,0.0125894333152619
0.00459074547446403,0.00334806741918037,-0.00227672750505259,-0.00182208006307993,0.00611667172176733
-0.00150594588980624,-0.00314859009059365,-0.0114241455625538,0.00116245607292154,0.00277082982901855
-0.00868525067609727,-0.000629742627819785,0.00716986900889882,0.00306662290714499,-0.0067001076600729
0.0029903992445306,0.00215234792657371,0.000139623017851864,-0.0012015509094091,0.00991442704191425
0.000366147086515278,-0.00188020039962244,0.0043778109194279,0.00124872852574454,0.00334084429719783
0.00183006535947716,0.000907824819286196,-0.0061027052210797,-0.000417807142338633,0.00548633308283963
-0.00229645093945718,-0.000331250707703123,-0.00170059657317601,-0.00203435435042543,0.00455230762474934
-0.000889307386482407,9.27169891551394e-05,-0.00372962580250913,0.00122131753364219,0.00776436645649703
0.00261793811194311,-0.000324936068885617,-0.00358680900891184,0.00301515036639355,0.00294028966573645
0.0010966630111231,-0.00287832065602234,0.004012746777043,0.00177288796442321,-0.00300756916921463
-0.00266040688575897,-0.00673126857976958,0.00494042401061745,0.00134024816748912,0.00221793143338345
0,0,-0.0025029020213273,0,0
0.0036089753648203,0.00898011146436217,0.0024329687788549,-0.000707144044715613,-0.00556714286623627
-0.00771315405461737,-0.00550715772785004,-0.00514557021865991,0.00373524234548217,-0.00691093998171888
0.00425420168067236,-0.00555765097538141,-0.00492822235198687,-0.00167762105035196,-0.019439745169176
0.00716489723340841,0.00879678840950326,0.00581614025690658,-0.00118519530757266,-0.00288262105540393
-0.00701007373559048,-0.00150413356064505,0.00358580128415342,0.000284392133938383,-0.0120098990363339
0.0380693405846364,0.0105186373613666,0.010319042676884,-0.001506682391065,-0.0046151190856415
0.00841267442446236,0.0111841395667265,0.0116391557593329,-0.00319512612749617,0.00612958741477199
0.000249775202317837,-0.00100130940460608,-7.5394161151654e-05,0.00153733681562507,-0.000687131976865873
-0.00249712830245219,0.000296940011823565,-0.00283035750502869,0.000408751504032745,-0.00758453934502024
0.000700946277474745,-0.00194515498880787,-0.00170322612755569,0.000451265269167056,0.0063015725715434
0.00140091059188463,-0.00129194224761475,0.00184323623385363,-0.0017654201033559,-0.00286802032716083
0.0068448663502374,0.00174202713161598,0.00882838481230719,0.00146482170999751,-0.00915907055965848
0.000297737197300529,0.000471714673837109,-0.00236636152350234,-0.000947468936948082,0.00177126531950789
0.0110129973211628,-0.000307279786568637,-0.00563920409297547,-0.00134240073757641,-0.0289695990761817
0.0108439646712462,0.00264778377775077,-0.00177771402615401,0.000181422046070523,0.00867559418373043
-0.00582495995340027,0.000743066267103076,0.00706173014544009,-0.00142060128937649,-0.00108671449067443
0.000976514818612273,-0.00173709379230047,0.0056557152879344,-0.000389518933290756,-0.00668043045228373
-9.75562167698785e-05,-0.000571277608568566,0.0045488813195067,-0.000321315878780815,0.017436423728602
-0.00424410946875464,-0.00080109996149591,0.00528817542881677,0.000431448035430604,0.00675608381800585
0.00852439741328626,-0.00109013548858916,0.00207332653932912,0.00283304458194666,0.00320991903830725
0.0067521616632662,0.00408334877838468,0.00791720861844714,-0.000581230851119274,0.00834087917837567
0.00993968636911946,2.287711066562e-05,0.0048581482836505,0.000821928268209371,-0.00223364099110779
-0.00625865940471071,-0.0167651742982887,-0.00627762959954958,0.00475165666191613,0.00678753181515668
-0.00610576923076933,0.00272174264522729,-0.0200473099984398,-0.000306603069612499,-0.000605897072179062
0.0121898127993034,0.0068639146402274,0.00753547506616403,5.18327659992934e-05,0.0180807350255361
0.00449223416965361,0.00432529059134068,0.00811546679572395,-0.000525943940394846,0.00680212666399571
0.000666064037299741,0.00206154721773233,0.000883158956482166,-0.00190390569513221,-0.00157350334922735
-0.00290020444064099,0.00355852871641282,0.000600372436006413,0.00167600881963725,-0.00282338296564744
0.00209803547587262,0.00363069379135705,0.00950050381459611,0.000101587416928339,-0.0224696965074163
-0.00452036543585832,-0.000126603439244866,0.00253435944434233,0.000284176869389086,0.00628116168718762
-0.000716982935806132,0,-0.00172519423394801,0,0
-0.00143499473835274,-0.0018776686502231,-0.00334476689685947,0.0015755508155757,-0.0067439876818095
0.00498179727917236,-0.000990070484174099,-0.0061970652882456,0.000503841192691201,-0.0130607310386978
0.00300285986653948,0.00681619109748066,0.0032782275784502,-0.0002520321733257,-0.00128371561540608
0.00679560899111342,0.0029377053257289,0.00682596232102206,0.00290208192418917,-0.007972887836458
-0.0031152647975079,-0.00104964969242227,0.00256191053360477,-0.00142829284997448,-0.00690596896169104
-0.00549242424242424,-0.00225642530458747,-0.00158176061310333,0.00176922487040998,0.0076182906968465
-0.000809369643877345,0.00200563194066028,-5.06449636116235e-05,-0.00143422839677132,-0.0213056200696844
-0.00324010101491401,0.000417216082460703,0.00353888095666743,-0.000812539728264561,0.00132256399458108
-0.000191213729145767,0.00422227412473242,-0.000839160582484899,-0.000719085574757417,0.00408015717677324
-0.00784126225197235,-0.00170639050193866,-0.00901351407199236,7.15311163923538e-06,-0.00501251739299069
0.00597561563298155,0.00464074817834881,0.00129929044099431,3.07581600325069e-05,0.00319040094925027
0.00349700598802394,0.00216081231229581,0.00391595188127192,0.00361146915051447,-0.021104988789498
-0.0151804468206987,-0.000368396821776029,-0.0098337441290478,-0.000970948747827771,-0.000555775536866365
0.0109549200193892,0.00114139681757397,-0.000475783902861848,0.000656568370859256,0.00643387978608767
0.00589758342922897,0.00676686286166817,0.00987232488686596,-0.00130609637593904,-0.00756852523132445
-0.0106296772963439,-0.00287237352796843,-0.00404896578188074,0.00197931546333652,-0.0118132211359181
-0.00024089419926776,-0.00266058923255719,-0.00211676327399513,0.000243660261599832,-0.0122991148579172
0.00149390390824533,-0.000594888690081397,0.00333850304753258,0.000628233914801823,-0.000480861423330481
0.00144355692426146,-0.000118390831813975,0.00285654554099524,5.742144947396e-05,0.00365688931652697
0.00394003459542569,0.000691352762253628,0.00890819600152759,0.000798159771940865,0.00489576783648871
-0.000430745668613008,-0.00461898116406645,-0.00231858299471144,-0.00295017210522652,0.0116948194310802
0.00641608810150829,0.00675501799921951,-0.00434507491737579,-0.000228741813028566,0.00826778755436686
-0.00770731243160949,-0.00781084811834043,0.00228027030061839,-0.00203964512648247,0.00752979330341108
-0.00522606319221364,0.00294050172544846,-0.00309833636601142,-0.00123305649538841,0.0193060041828033
0.00737420474262573,0.00623247090092649,0.00434783609947509,-0.00185306126149909,0.0144436409957907
-0.00425816946557578,0,-0.00729191267681217,0,0
-4.80492023832157e-05,0.000143469579208411,0.00334498372548309,0.000668397903295981,-0.0206064730620723
9.61030224400083e-05,-0.00692943815808866,-0.00269155952531686,-0.00153753058159312,0.0037925684028397
-0.00192187575073277,0.00442320275233232,-0.00344116162980124,-0.000988396450577578,-0.0156027968951525
0.00361045588022924,-0.000271867255230762,0.00697974451920746,0.000771189878923106,0.00440004187386478
-0.00383729854182646,2.5617648063303e-05,0.00909721576893663,0.000817980053539502,0.00967900242103603
0.0152157164869029,0.00574827780467202,0.0117523593389064,0.00197512962684887,0.000518912052970499
0.00189717321191418,0.000973106768534571,0.0111841773247012,-0.001311611869801,0.000887846359552524
0.00563340276462787,0.00392735545089651,0.00618773441848175,0.000760137718506693,0.00896950949208364
0.00211834486654428,-0.000370228915853144,0.0044229347790945,0.000788213992099829,-0.00409211754254879
-0.00159714393085308,-0.00229566262146341,0.00181835016909249,0.00224205189382642,0.00453491372945369
0.00230544838618618,0.00327905814398277,0.00694639441506895,-0.000117362872909865,0.0116135348971609
0.00619631037881985,-0.00133864287203522,-0.000637703532982425,0.000459268874426932,-0.00265819352391261
-0.00816421740144624,-0.00146726172280986,0.00086641317192937,0.0012351017340686,-0.0151279056731121
-0.00357478833490121,-0.00310036722416818,0.00391361896575759,-0.000881568655040965,0.000180199445299012
0.00566465256797577,0.00466044054981829,-0.00233788563033899,-0.00343874864281823,0.0152077518801186
0.00244085617724377,0.00451504164837613,0.000667101802614756,0.00166336087220453,0.0119121483034095
0.00206031091964776,0.00405968855723304,0.00634784849400472,-0.00101714053388446,0.00688866980225677
-0.00355140186915881,0.0015490047102038,-0.00560419601991602,0.00130349450559408,0.00705135743864993
0.00239167135621821,0.00278569883464597,0.00313921879853973,0.000194173693252697,0.00382589924556931
0.00804678362573097,0.00332537745141992,0.00271026015891507,0.00178438374803003,-0.0131142108514806
-0.000185640692439759,0.00248187438251746,0.00100623667483624,-0.000330988907829344,0.0073546550309127
0.00311005895186356,0.000532762783540974,-0.00538875125761329,0.00251749030193005,-0.00670787520417737
-0.00115687181860247,0.00302836854698718,0.00308248262323829,-0.0021989332279263,0.00351381069512247
0.00231642344220528,0.00115926715150372,0.00768057350132745,0.000454642405438799,8.4046842106611e-05
-0.0032817194360989,-0.00103107825288884,0.00303968768091467,-0.00064006046467957,-0.000447767498838347
-0.00690966425524009,-0.00106033613630652,-0.0087996234004929,0.00122742954230981,0.00448190511439872
-0.00807844968480043,-0.00884905047778506,-0.0116944126839265,0.00225944521498578,-0.013379078770046
-0.00682609923735988,0.000655152258669744,-0.0126177879971562,0.000752714547938682,0.00227265280032762
0.0100488221074087,0.00619419607037641,0.0104285482951456,-0.00144722255706287,-0.0129117148620423
-0.00450513867379987,0.000361070708617017,-0.000983090751263127,-0.00170356175559594,-0.00359070174308274
0.00565690849950506,0.0017821697151037,0.0074742712080138,0.00125223405349661,-0.00624877055450723
-0.002203159424366,-0.0124466289619548,0.00298698499920169,0.00217247496054163,0.0016656059025224
-0.00629521751385886,-0.00350443393615607,-0.00354004240743766,-0.000185145549972288,0.0154527123215482
0.00170196671709522,0.00134913279891258,0.00392014617287062,0.00074592900366155,-0.0108933040935146
0.00372852558051728,0.00903693779418013,0.00836620699340451,-0.00132013841695067,0.00253777629401775
-0.000705318098462304,-0.00364147051046948,0.00297428994109628,0.00213505862940644,0.00675723868171607
0.000846979107848478,-0.00131549779340356,0.00641329053220696,-0.00127438110946343,-0.00260867328589498
0.00451339915373761,0.00165372276349074,0.00271932166465549,0.000909066374628953,0.000217166269735003
0.00224655995506873,-0.000241728765337679,-0.000244526795919464,0.000507101070636118,-0.00544561889804818
-0.00457644531614831,0.00312760004240387,-0.00352434808508728,0.00129098663908023,0.00139444197079319
-0.00220491649465193,0.00153159725268948,0.00629750280730001,-0.000518231477828479,-0.00427151483221655
0.00554798062908457,0.00259956305171438,0.000554121854965395,0.000917709887455764,0.0270367042360165
0.00523682610931875,0.0017974353697181,0.00339763787720693,-0.00206100703546086,0.0010050340525789
-0.00246523094097395,0,-0.00723658953761097,0,0
-0.000373029935652358,-0.0106534160246291,0.00149947985060628,0.00477756262480744,0.0094120131610238
0.00195913797928915,0.00249741238302081,-0.00142018061325744,-0.00177606515659545,0.0063393845307238
0.00875232774674117,-0.000584173769656138,0.00657554523010773,0.00300200039045806,-0.000214014452527111
0.00258445634114834,0.000597361716650369,0.00101055235199077,-0.000525869883288399,-0.0134320631696209
0.00731909408948628,0.011908646666497,0.00749448586422274,-0.0034428848731568,0.00212280944132104
0.00269615683407198,0.00278770474816969,0.00283262444229426,-0.00158861315322589,0.000851478621126001
-0.00319022878497854,0.00177745893593273,-0.00232628357040776,-0.00114341826509623,0.00936933373185322
-0.00251463057790791,0.00230560738535313,0.000492785767473913,0.00036114402665155,0.00418847984337822
0.00481276069120407,0.00299566632259074,0.00210694309491588,-0.000448783022043764,0.00426291473255835
0.0026001277255725,0.00282925887530272,0.00985066378628208,-0.00112660322028646,-0.00233861922577472
0.00250238864370544,0.00176663873647231,-0.00295012766888925,-0.000635969225155519,-0.00359701283604086
0.00113461014795324,0.00186836333955975,0.00226529667777275,-0.000871576229963256,0.0132266244554897
-0.00367197062423497,-0.00238102866263368,-0.00348070531784561,-0.000392978592633542,-0.00353918966809819
0.00477750477750494,-0.000431046977030336,-0.00532422219271034,0.000998263662205678,0.00195111284735439
-0.00643028574016213,-0.00239379091444314,-0.0126612847870379,0.00192457332695506,0.0156962518853143
-0.00820381933366754,-0.000528048250016733,-0.00747858945375612,-0.000718878842522197,-0.00659370896978828
0.0011488442626717,0.00253053051377483,-0.00136245659038192,-0.00330040977383683,0.00175383552673192
0.00651794730560895,0.00181223205503112,-0.00551457144457901,-0.000144022906771957,-0.00510337535368399
0.00779824881430136,0.00106749733125655,0.00880498005612229,-0.00054670033073001,-0.00220064702711065
-0.00226254581655283,0.00680709141218894,0.00117958059451384,-0.000420951693295923,-0.0132622323396618
0.00308404009252117,0.00372686599095262,0.0130056597442809,0.00070592635525002,-0.000301445982361037
-0.000226070443550164,0.000970165006306756,0.00450135767908333,9.39144617571053e-05,-0.000274956316369646
-0.0021707670043416,0.00529586350287792,0.000830205764657643,-0.00115682242324111,0.0126658527580996
-0.00244742567077594,0.000102735653999542,0.000335737009632631,-0.000905156368559257,-0.017687912821983
0.00236256247160394,-0.000553119415473646,-0.0024007797518637,0,0.00111381653925546
0.00661771371589159,0.0030582749093695,0.0110494668201768,0.00124854651889938,0.0149690233435531
0.00229646974063402,0.00184872086764343,0.00433493495111237,0.000363080732880716,0.00243339114595775
0.000853587312996895,-0.00139381270221584,0.00387061476799833,0.000876928433887203,-0.00423680509879198
0.00201992997576084,0.00134454700497577,0.00384048348004362,0.00195739918039717,0.0118408660866258
-0.00327016978004746,0.00372687209051414,0.00525145442686625,-0.00102362884489315,0.00470243861618336
-0.00629213483146074,0.00176364551699515,-0.00541870978174053,-4.13099920798521e-05,-0.0034697389048034
0.00497512437810932,0.0069639429623769,0.00114583235219556,-0.00164487039285521,0.000228994157024154
0.000405040504050325,0.000440109844333625,-0.0088829222179817,0.00089513464356572,-0.0056531980431237
-0.00301408070538478,0.0073808167959093,0.00251632806776803,-0.00294388932686873,0.00340648668811894
-0.00203050266221472,-0.00234340649356823,-0.003385655097914,0.000882676473335842,0.00147675899259037
-0.00221549034679203,0.00720965151016006,-0.00229506354797993,-0.00175665328264163,0.00950669791049763
-0.00145006344027543,-0.00479057622834522,0.000707160873302248,-0.000927574753366245,-0.000745563075523648
0.00163369032492278,0.0030605366481693,-0.00531857674803471,-0.000947773389053941,0.00519745727261234
-0.00480246466110912,0.0014240783501871,0.00186344833610286,0.00180199985901353,0.00858944650604809
0.00514431393972492,-0.00364637189574368,0.0047936063106544,0.00256134050324208,0.00437809301382508
0.00525386113501525,0.0012209695535681,0.00328819740423314,-0.000455380990199039,0.00326240286313872
0.00117143500788464,0.00247124157870915,0.00884343459511405,0.000572936998352924,8.3220096038561e-05
0.000360019801088907,0.00346695204785119,-0.00144349980119218,0.001140697888246,0.00133513669936813
-0.00197939628413335,0.000974967385538372,-0.000977079113973156,0.000633975879451354,0.0117943133276113
-0.00135226504394859,0.000471573404764003,0.00430990033048584,0.000908566312754822,0.0211307863772789
-0.00568720379146925,0.000374232620385939,0.00312768925861207,0.000476647363516269,-0.00603654259173969
0.000272368241863052,0.000260203959568717,0.000130387946791988,-0.000840671920965042,-0.00208344908050451
-0.00739732244157021,-0.00335745787561581,-0.000735113445062385,-0.000302374374602343,0.00248397639556752
-0.000320043891733679,-0.00128245253477743,-0.00464396976908177,-0.00351539370652654,-0.00325895710153234
-0.00640292705236678,0.000746707931547519,-0.0045709031024892,9.64920034336458e-05,-0.00198970746293725
0.00202531645569626,-0.00117796569135231,-0.0043941709140507,0.00115969815448858,-0.015571534797465
-0.00101061141990899,-0.00577975308249512,-0.00641351295784254,0.00251659007755367,-0.00284712952795507
0.0056559525451787,0.00862340980090792,0.0128169348748932,-0.0022760027799088,-0.00442012858555885
-0.00205761316872421,-0.00426780776023405,0.00987428374900956,0.00136719433024735,0.0158001386775952
0.00403207331042377,0.00308628648960241,-0.000307720750108875,-0.000747639838583947,-0.00583859684584542
0.00241865559257071,0.00685022807645352,0.0131326490015464,0.00013694399489883,0.00438324651283284
0.00250386961668037,-0.00239783633245105,0.00496848661706983,0.00186108981559063,0.0102987132934376
0.00517687661777377,0,-0.00367806825337957,0,0
0.00664106618477533,0.00135218532858161,0.00161154716923795,-0.00081029701241242,0.00522371147305734
-0.00601382281662333,0.00121289765786514,-0.00856525664636609,0.000274275846461558,-0.00362043647779631
0.00126422250316049,0.0108534128398008,0.00190547507040351,0.000177340154084105,-0.0019150064633483
0.000992063492063489,0.00483558146137653,-0.00437027952751479,-0.00230714948121191,-0.00619368572995349
0.00292819172898451,0.0144664103979275,-0.0180066447328062,-0.0015856698271417,-0.00432116586494469
-0.0118133225531151,-0.00162258373520374,-0.00432610425393398,0.00279940504302756,0.0123569474443808
0.00772727272727258,0.00241236531087985,0.00545032010930346,-0.00037805754934106,-0.0136954747650287
-0.0032927379341452,-0.00450425326353499,-0.00378641390516676,0.000713850530681182,-0.00188591193924181
-0.00466126623523555,-0.00164303614967343,-0.0147107608987259,0.00123759847934535,-0.0191406185972561
0.00036373556424496,0.00306892197581066,-0.000578026462067949,-0.00142563089327197,0.00484281327679481
0.00409053722388864,0.00530398164587065,0.0093014808044487,-0.000294609104799393,0.00866815064762694
0.00321383306174194,0.00233762421904471,0.00828862836676292,-0.000562774153361034,0.00753970069548093
0.00112800613635344,0.00487065617426752,-0.00676062454353454,-0.000316500921800023,-0.0114601517029042
4.50694068865332e-05,0.00329027789867276,0.00579972243475724,0.00271144721205485,-0.00614599585328413
-0.00306458154941625,-0.00298827924605738,0.00217182261856941,6.90321526146676e-05,0.00708718107164685
-0.00275756068893818,0.00583783751062206,-0.00236263293917782,8.20738009517097e-05,0.00227740797233356
0.0156844968268359,0.00569788138717153,0.0106483806951523,-0.00162473814439246,0.00345785374623508
-0.00415067392662682,-0.00151083899344728,0.00176153091865627,-0.00298297972020434,0.00411522802926623
-0.000717070765921202,-0.00113479698858321,0.000601462297585842,-0.00224273695878952,0.0075105253396297
0.00408126653809937,0.00225004696973041,0.00160578032144865,0.000736522286963748,0.00429944452639663
-0.00321600857602289,-0.00113914819627692,0.00604641141161255,0.000143186813449159,0.00363159924300893
0,0,1.53266718776468e-05,0,0
0.00259903208460299,-0.000283753935329978,-0.00194565084117937,0.000738738179831167,0.0185990780288814
0.00308393671225526,0.00113515054842805,0.00667999702572408,0.00304862201617251,0.000788056062411169
0.00142583433587307,0.00255142666744268,0.00804108415539906,-0.000606635143191592,0.00534040271928271
0.00489432703003345,-0.00476265051627578,0.00423318265645567,0.00100231669782547,0.00580023949985131
0,0,-0.000784774657845655,0,0
0.000974097852556977,0.00423947202781205,0.0177949204766796,-0.00252989563437966,0.000792425259356966
0.00300791790153498,0.00397467503361715,0.00532285113914321,0.000767063530726642,0.0100381673124288
0.0132745314222711,0.00644829809501379,0.00704468993357521,-0.000538675239767583,0.00157520897346752
0.00604979108635106,0.00880331867869444,0.00710825726375997,-0.00077903507301158,-0.0090527682162187
-0.00233614536015569,-0.000508979978838253,0.00490616561492674,-9.1526352081428e-05,4.60028763495934e-05
0.000390269285807099,0.0042266117978873,-0.00143052751034933,-0.0030225530609429,0.0105988870155056
0.000520156046813991,-0.00065623098162304,-0.00626347447334041,1.26720014996806e-05,0.00478019474896074
0.00212286630274683,0.00810424905003226,-0.00043221343903832,0.000592468335938623,0.00214761081176551
0.0114132549392589,0.00893291516783679,0.00932864381684806,-0.000224373832132918,0.00485912037049441
0.00880530027783721,0,0.00204508694470462,0,0
-0.00216092538451762,-0.000400120107867163,0.00596948114146989,0.000732067396089109,-0.00497401290795807
4.24628450106379e-05,0.0125146871238391,0.00390412438895527,-0.00105514455814804,0.00410078828009031
0.00178336376374677,-0.00356473787554401,0.0040196621996238,-0.00206159391357608,0.000890605485809326
0.0041537744246174,0.00227862473351337,0.00414461635735464,-0.00152441398225189,-0.00603082778915776
0.00540289561436835,0.00548000307010943,0.00481642121311809,0.000125488878758073,0.00450674362267001
0.00507997816868899,-0.000144540639951063,0.0112126279724274,0.00162875162869169,0.00737966378943655
0.00229741019214691,0.00157621556280918,0.00508817212660007,-0.00134370871269351,0.0125358140395204
0.00412585955407385,0.00535835687877828,0.00374172058584765,0.00162133562558853,-0.00105714180898508
-0.000539553415788152,0.00848401051848824,0.00765327355909573,-0.00191635286179026,0.00565667240016032
-0.00805614384784681,-0.00665875755749479,-0.00399848933934566,-0.00122236219875493,-0.0060425730122502
-0.00468874283082854,-0.0137139082895414,-0.0160447658491996,-0.00136053637417055,-0.00859860636295373
0.00201892744479482,0.00278049260530722,0.0055945929731176,0.000505123394429097,-0.000130838923294019
-0.00356798052302398,0.00151667841404546,-0.00451482719027685,-0.00338862844091836,0.00813122818987133
-0.0163872272306007,-0.0254232866325315,-0.0142283880940107,-0.00178728013306306,-0.00798573843977413
-0.0170456978885606,-0.0460487236515789,-0.0174605270421279,0.00456283669679713,-0.0106941618702587
-0.0300204784105267,0.0233748908933316,-0.0273902036357038,-0.00269336812227061,-0.00929909508990812
0.0155421794986974,-0.000779299485610285,-0.00233752649183683,-0.002258495045808,-0.0167559633820447
-0.018975583864119,-0.0406046662715037,-0.00872298298867702,0.000569105180017626,-0.00620176454406773
-0.0151494657108074,0.0142525870955881,-0.0173836067540603,-0.000997663018475592,-0.0228667053898851
0.0140090646889164,0.0169640236738433,0.00936790724631154,0.000316600891561603,0.00345147666707213
0.000180595060724986,0.00159241326940873,0.00964147481537747,0.000927499339918425,0.00149770411101446
0.0147609804541147,0.010386600245784,0.0179006995933917,-0.00391792811438929,0.0172684111204
0.0119661921708185,0.0132656482947922,0.0146100030548821,0.000424642455175483,0.00548976854664618
0.00839597344938237,0.000754100386474166,-0.00200077466575843,0.00139774363549083,0.00471048891667003
-0.0103748910200523,0,0.00109894227761709,0,0
0.00154171438639761,-0.0100963780990911,-0.00541725423930794,-0.000850886446964405,0.00156593171176045
-0.00013194352816992,-0.00668827737713951,0.0126900346514291,-0.00254659572411287,0.000863002208488783
-0.00127562241576484,0.00664164111102439,-0.00720104877668637,0.00109303952430917,0.00965268447599765
0.000396388460691455,0.0139543372166435,0.0131096857586821,0.00216331105967305,0.00602836070574297
0.00413841683543192,0.0160045008437257,0.0038830317282037,0.000583481988080559,0.00489316731996015
-0.005655910206945,-0.0115376917214152,-0.00712421805988717,-0.00136179323100682,-0.00785450334673976
-0.0105383835266104,-0.0145106590116008,-0.0140503298672777,0.00148722195757967,-0.0148670556592406
-0.0137254901960785,-0.0167891648964691,-0.00242586308433346,0.00262187852019302,-0.00522610525063749
-0.0102566419663834,-0.00282590323757637,-0.00850982165795189,-0.00242994131703789,0.00122833501018293
0.011778132846382,0.0137214447756904,-0.00491767986982383,-0.000489107205187689,0.013681313047786
0.00803140369083599,0.00037653851428554,0.0152976162864806,7.26033454170327e-05,0.00154509970485361
0.00384942482431416,-0.00304104116285642,-0.00378444228331987,-0.00010986508615829,-0.01498527899867
0.00472644580193515,0.00433646341452065,0.00511339417917855,0.00127036387974799,-0.00880984414742658
0.00363910708738291,0.0176954145437702,0.0100432435002467,-0.00152061716124385,0.0153060658326094
0.00243201414990035,-0.0062016988496838,0.0124427960511955,0.00160160935595499,-0.0065397567166785
-0.00348478164975741,-0.00681468672060248,0.00139145524246032,0.00120605366431237,-0.00227337468051525
-0.00447080695852331,-0.00971403297536744,-0.00407832694238175,0.00157418880754423,0.00239748374472137
0.0027567807914628,0.00466672390803868,-0.00198848715190669,-0.000213064826660614,-0.000612473319695606
-0.000665129478538473,0.00292873757469447,-0.0024998851017245,-0.00105687246750796,0.00755270144795817
-0.00638949283400625,-0.0134526669563807,-0.00788062628073871,-0.000516204825441235,-0.00736928473694254
0.00031259768677705,0.00472817623927968,0.00539432718225497,-0.00140599024764787,0.0110613112342941
-0.00191964285714286,-0.00181840627720331,-0.000188172755462457,0.0007374734690897,0.0164567074533741
-0.011763653441875,-0.0293496457914109,-0.01057563298725,0.00255340205547894,-0.00694163708662365
-0.00452611568751693,-0.017726745964182,-0.0205487211637015,0.00043428384136357,0.0108746096197698
-0.00050013640083657,0.0284451327820319,0.0087172054611877,-0.00133095263446714,-0.00369598090174927
0.00837010417140505,-0.0142502572587355,0.00266019985395416,0.00325137005483134,-0.000773983744811746
0.00112780258943479,-0.000389654593237032,-0.0188799235932204,6.2753719780817e-05,-0.00662184493179907
0.000315428983417521,0.0106796535130826,0.00622630824931703,0.00141223072589969,0.00650610718048772
0,0,0.00137132283733887,0,0
0.000945988558042954,-0.019039492790361,-0.00112439866948111,0.000753375967018632,-0.017169466620072
-0.00769576957695761,0.016459061025722,0.000656539730435224,-0.0022433127042607,0.00416902606410452
-0.00249444419248046,0.00970374742128799,-0.0122369405771725,-0.000461404776777696,-0.00260970637021984
0.0184141129398927,0.01018721404874,0.009405012892852,-0.00176588642278463,0.00619468200684192
0.000401803651948862,-0.0233605946025358,-0.00386005298111947,0.00316739835239366,-0.0110633071744936
0.00531060335594424,0.00210597195401618,0.00094759228100072,0.000218836672894795,0.0181635583864947
0.0115417055089448,0.0178862066765124,0.0105682177076445,-0.000991394227386144,0.0202471228237433
-0.0029841576337386,-0.0089537273680842,0.000421888542807114,0.00073538868741907,0.0119100464213433
0.0018486729169418,0.012137235239861,0.00115542487540266,-0.00236837831786774,0.000213389245776963
0.0020210008347612,-0.00501997391277664,-0.00567292272289421,0.000425726088123968,0.00313325359580796
0.000306923313017959,0.00873955068118293,-0.00583972356375151,-0.000170410523283149,-0.00796465554420955
0.00639957920575096,0.00869196626595059,0.00109988124584537,0.00052768860594643,0.000786202280696147
0.0054878048780489,-0.00155558299219349,0.0101652760484219,-0.00253407173983078,0.0213970120912861
-0.000259897773542406,-0.0031614535087926,0.00679196936014459,-0.00172133273028796,-0.00152400536818209
-0.00693240901213177,-0.00796998751659439,-0.0133606427625508,-0.00206138037336823,-0.000494749507446102
-0.000959860383944133,-0.000582669261748214,-0.00852760652170947,-0.000265862267848638,-0.000375639245733916
-0.000393047427722948,-0.0173651499702938,-0.00339467642430558,-0.000737976099940529,-0.00650949816102009
-0.0103543186683559,0.0024848531917363,-0.0120693588143229,-0.00128241391454231,0.00340713241623636
0.00520925304608855,0.00990329879778185,0.00357893622855165,0.0016580423548278,0.00330922294801184
0.00175669740887141,-0.000458563980661131,0.0104848205968868,0.00144911243377721,-0.000748134059178285
0.000613765892152562,-0.00608913525297217,0.00714767688642426,0.000672096503187003,0.00566229751267167
-0.00836838415702768,-0.00265301752860025,-0.00163863328172131,-0.00110538566040141,-0.0101297207712844
0.00379976141033,-0.0072228246074979,-0.00932900364825762,0.000163619337191445,0.00344389126212441
-0.0070865795149434,0.00021585616623665,-0.0117280104763982,0.0012743764424763,0.00377839713635719
0.00492064899370503,0.0139750661963647,-0.00136082775590718,0.000185378405180181,0.0109708931608905
0.00586704309850461,0.00390773774602771,0.00305829456853157,-0.000130006645321035,0.00677494283416036
-0.00359617577405502,0.000118769158146126,0.0028922321819056,-0.000650117746232692,-0.0112973393205653
0.00642605633802829,0.00792841263826083,0.0010020672883988,-0.00152744048278342,0.0183794019948034
0.00214291961864777,0.00874745291994206,0.0111826093553777,0.00146995208668277,0.00337094800601578
0.0071568841370282,0.00413577128777454,0.006876643736623,0.000270631412833788,-0.00536110792202071
0.00168984791368776,0.0027481091353283,0.00382625147367177,-0.00108223276515318,0.00486147442329843
-0.00839172938835542,-0.00775127072888615,-0.0159100765380874,-0.00317034006241923,0.00169527570367989
-0.00405688361542489,0.00264768726202358,0.00424053155724113,-0.00113274344878489,0.00352788849642782
0.00740221628487592,-0.00127606695851767,-0.00936639270929984,-0.000588284627660807,0.00212514098030314
-0.00399999999999989,4.46162334679645e-05,-0.00538954583747875,0.00243065648156815,-0.00215982035152329
0.00222629649030903,0.0120657361127015,-0.00100952063017201,0.000222749141760792,0.00819911375275284
0.00509604076832604,-0.00715144401862122,0.00497679290661424,-0.000216877325548426,0.00364038319823146
-0.016857340960305,0.00210991930321791,-0.00778211671816231,0.00268195198934684,0.000619564388893323
-0.00334993608674572,-0.00301578876925135,0.00199180319614922,0.00179778598143177,-0.00726244528881015
-0.00442262615541111,-0.00211462332392487,0.00177237680996289,0.00237382401864461,-0.0191146831712931
-0.00550841810670344,0,0.000349514391686512,0,0
-0.0184035377674543,-0.0158220278864495,-0.00929158811023312,0.00737909383667334,-0.0101469235196766
0.00759954493742887,0.0131992081908019,-0.0119162485722165,-0.00281447143078251,0.013911289518608
-0.000812934694246148,-0.0102132398081137,0.00732571762487289,-0.000538333985859341,-0.00462484084791015
0.00922075574037251,0.00932594462226866,0.00862506630911275,-0.0022022614524797,-0.00891118201038965
0.00618058043711933,0.00724462883594379,0.0147411496233341,-0.00218186349424832,-0.0137000699500927
-0.0054304282026173,-0.000552203989257705,-0.00191181409694607,0.00147808772912339,0.00365853210402345
0.00966702470461867,0.0139679700157427,0.00506386579720242,-0.00244146807772072,-0.00188740313100233
0.00168439716312063,0.00398947065881372,5.86407780840403e-05,0.00267114487841935,0.0128776854647519
-0.00712452429418531,0.0029761239393673,-0.012343159974152,-0.000870761266286046,-0.0026966370263547
0.0111423095779293,0.000228336940513385,0.00361676565035385,-0.00055981559809104,-0.00159345130731658
-0.00277692070348656,-6.25065563941707e-05,0.00107640303119561,-0.000264157300852275,0.0023674402584144
0.000839816124469595,-0.00472071774333238,-0.00411492072009911,-0.000674550566822529,0.00321892149619796
0.00194320540564408,-0.00078954717457902,-0.00857536450009966,0.00188461259173067,-0.00804481252100075
-0.0127385727509147,-0.00309053990163399,-0.0105295551810887,0.000385267282789314,-0.0221537045659814
-0.00830431288507893,-0.00410547173266473,-0.00688814951379579,0.00028619148930531,0.0082926760147426
-0.0113001980911219,-0.0114960605645761,-0.0188225552962459,0.0016560187691752,-0.0100850479825652
0.0040526387687263,-0.00171722007873965,0.007773614756027,-0.00214431638444124,0.00246830744792259
-0.00625850340136047,-0.0079527828045084,-0.0118838682128376,0.00163275879419489,-0.00648110191030582
0.0136911281489596,0.00487234464527586,0.00725213008682069,8.62879546821294e-05,0.0233140243868131
-0.0163425175580767,-0.0133474113856871,-0.0139143445078797,0.000987058644549954,-0.0108350014643877
-0.00151036660716741,0.00124975420870332,-0.00280771895840015,0.000344061423007247,0.0146078774331639
0.00123762376237635,-0.00681597159933145,-0.0144548996160357,0.00261449548493697,0.0173344134546694
-0.00933937645927763,0.00408228452787363,-0.00442928462630487,-0.000391403018231928,0.000707611944317232
0.0166366283099959,0.00228610879779789,0.021853146474289,-0.000674865799175972,0.012287453953439
-0.0142279194508841,0.00147380579883349,-0.00941177069380739,-0.00045748361961806,-0.0159779079303358
0.0119431891542929,-0.00544530174121383,-0.00138171934355713,0.00171449067087881,0.00302172254752464
0.000136705399863324,0,-0.00114995311432764,0,0
0.00920357207946054,0.00787305091866797,-0.000276443850347641,8.13773061181244e-06,-0.00484712124302333
0.00663656884875841,0.00432893915207599,0.00546256391848132,0.000934874032545441,0.0044785172254409
0.00618917343140324,0.0132525844441644,0.0159770932221304,-0.0014844540028488,0.00329685527135837
0.000936037441497728,0.005774266371533,0.000903291106890913,-0.000384117921328198,0.000290364308748403
-0.0125133594584966,-0.00879674321364943,-0.0104022002102278,0.00116453535853722,-0.041254124231259
0.00468996617812856,0.00908628998103955,0.00553415572616012,-0.000260585040935069,0.00621108969027073
0.000314197226087387,0.00379216968801188,0.0051133193613162,0.00108282277824467,0.00576647733238644
0.000852553172395298,0.00179680154307738,-0.0048782044445489,-0.0010653932953385,-0.0271110660235542
0.000358663976686824,0.00221569417131651,0.000699579239796133,-0.00056725203726049,0.00193684181788623
0.00192712768341319,0.00316078121348973,-0.00165917962738238,-0.00071293999258093,0.0060683676261386
-0.00487564859545542,-0.00492479612300489,-0.00741726530893227,0.00184677030884162,0.00200569810858009
0.00674248213242246,-0.00025436583691385,0.00888323631144639,-0.00241556063109805,0.00532668508175305
-0.00209849533419659,-0.000551997325554776,-0.00035680635537072,-0.00307987582661962,0.000800986726025466
0.00868008948545862,0.00789206917822738,0.0101949718756487,0.000590024567920677,0.00602777815089928
-0.00532292405961665,0.00682032415954859,0.00807734201153387,-0.00058438806444483,0.0102442394928952
0.00758116303960032,0.00444495466827477,0.000481834467695119,-0.000712932558119439,0.0037197103530715
0.00336372488271208,-0.00297752172944932,0.00295214412459543,0.000738714920067718,-0.00497439648866127
0.00229378032642269,-0.00566671801486884,-0.00190835282148838,-0.000438716647974013,0.0103874430230848
0.000792183786638478,0.00428154415029081,-0.00240179170517285,0.000965167116364185,-0.00968945572712199
-0.00690413368513632,-0.00320147774373769,-0.000415914040561405,-0.0017236538191554,-0.0156736253340805
-0.0131072045343843,-0.00021134520590782,-0.017671048925288,0.000703174253804617,0.00990497361124554
0.00457665903890159,0.00538673498652642,0.0057876920010338,0.00160437278818182,0.000310802320854453
-0.00393050158560004,0.00163493472401699,-0.0021652955647341,0.000389458901995043,0.00525835312650913
0.00762297654813704,0.0049693433855067,0.00826087395602948,-0.00142994174080169,0.00500556050884726
-0.00102354145342898,-0.00176195663846335,-4.59072439962238e-06,0.000370383553815801,-0.0175452004941137
-0.000490021382751227,-0.0019055774386505,-0.000858469403724693,0.00207025449873433,-0.00254372137429437
-0.0227303115389758,-0.00727514081496217,-0.0149268943070958,0.00259596742132873,0.00240691310222751
-0.00387649929310907,-0.00495560961025521,-0.0179330136723752,-9.93102603292773e-05,-0.00649906876958839
-0.00370845160699562,0.00445524628852034,-0.000624773319977234,-0.000845537343409197,-0.000147633388077661
-0.0187950921373099,-0.00532258213193559,-0.0182718948860555,0.00175334590856013,-0.021635232476346
0.0121768452603972,0.0162975938566707,-0.00173612562772263,-0.000321123237916887,0.00959723409666857
0.000601517675365537,0.00444367441971893,0.00137764971635845,0.000398961742726245,0.00509010309583435
0.00781502890173402,0.00348146685851103,0.0106666091417889,0.00219174086435925,0.00177794957493416
0.0100486372396071,0.00246908762254305,0.0104059310627214,-0.00101820579637746,0.00328694878230662
0.00654158906100943,-0.00343447720352252,0.0061394232365164,0.00127047233630084,0.0143963385503831
-0.00356546463871454,-0.00261922666138714,-0.00225636718883904,-0.000111621543816609,-0.00218336003447761
0.00516351118760761,0.00519844530879476,0.00191877088724679,0.000318920222476038,0.00984272274512765
0.00887707281903394,0.0102903441992794,0.018061397951687,-0.00143313347361029,0.00291198422053607
0.00343918888740014,0.000551682693571864,0.0014436800579325,-0.00149560678938132,-0.00366595748500509
0.00115730437104955,0.00279929279179925,0,-5.5962987897451e-05,0.0101164545083143
-0.0061355148497243,-0.00517027198440112,-0.0115550727336861,0.00106574799317216,0.00284024926627513
-0.00997584324953027,-0.000534783025618046,-0.00172981093298352,0,-0.00123205640887147
-4.51854864217394e-05,0,-0.00823882845623258,0,0
-0.0130591956619973,-0.000475324173722202,-0.0065884212877837,-0.0014000526094855,-0.00101550148109109
-0.00489904308410782,0.000867417655096014,-0.0175879092745842,-0.000208388311401464,-0.00982188465506983
-0.00501518358332564,0.00103898029222127,-0.00306816791198183,0.00110533436903082,-0.00789289966048878
-0.00328323699421973,-0.00285085252720785,0.00467999915222195,-0.00292438409014573,0.00274991953939119
0.00644891899415434,-0.00229448770401652,-0.01141454277443,0.00065904122328031,0.00332778825072833
-0.00221269533951052,0.00440798481615734,-0.00771993592875531,-0.00213154893674117,0.0104391142471563
0.0081774081774082,0.00107310249542425,0.00150716440726417,0.00056685817237323,0.00893630012619906
0.00279534414810745,0.0057584758948459,0.013139659206306,3.16742428896344e-05,-0.0150559633653631
0.00278755198098968,0.000456428915512896,0.0107129200588851,-0.00134275340271373,0.000528282933821789
0.00323550856726218,-0.0035387174812016,-0.0116828105149662,0.000400051898624687,-0.00217467295630225
0.00190779014308418,0.00709224697163724,0.0034125136699461,-0.00267963613437816,0.00952772297115434
0.000952078705172887,0.00605020516810639,0.0113472265418844,-0.0011915805251238,0.00891909774523603
0.0140864208714557,0.00951370903421611,0.00570709226654609,0.000656778026386862,-0.00137506998832249
0.00504712135423646,0.00324574474926909,0.014007021701788,0.000162400090211401,0.00550785363752659
-0.00293307261576747,-0.00678470351553173,-0.0085559345663857,-0.000555780673094364,0.0139520070776149
0.00436798003209127,-0.0026292548155944,-0.000523447203564009,-0.000379645139059859,0.00450464008736606
-0.000133132155853422,-0.00403628873474082,0.00416132169163297,0.00194862065340162,-0.00575880830458508
-0.00257423105942933,0.00207125275366371,0.00544773973102552,3.65814007161624e-05,0.00329000319817108
-0.0135718417656743,0.000694968736753676,-0.00294670024646915,4.09119120803325e-06,0.0105320780975395
-0.000541320822807667,0.00729089764825996,-0.00143873863728339,-0.00156523522087282,0.0202493982219614
-0.00771799963892406,0.00460500653532159,-0.0125071879774564,0.00168651907957562,0.00389189485645347
0.00341141687514224,0.0020336926780764,0.00179386256693892,-0.00456641221778153,0.00933008137743063
-0.0120580235720762,-0.00710449779309008,-0.0238176874298598,-0.0017204110808301,-0.0146467011093279
-0.00945214279159401,-0.00677619588183664,-0.00948475068782206,-0.00172749253272342,-0.00147593596106466
-0.014313507504169,0.00150242269537193,-0.00516300888161247,0,-0.00114322887029394
0.00164481413600259,-0.0019678745681293,-0.00149290789889323,0.0015682037650957,0.00622525045574962
-0.0106033592943605,-0.0314725573327862,-0.00835527378707734,0.000270766691143898,-0.0158939432243347
-0.0172135811836115,-0.0213254525425769,-0.0312474400773302,0.00256795542226973,-0.019488112883804
-0.00173703256936075,0.0114621363331022,0.0267082137164456,-0.00078415935315912,0.00422134346994629
0.00319010101986583,-0.00352947967959538,-0.00859153228241838,0.000302115314757101,0.00701270540953414
0.0151770657672849,0.021697295796925,0.0133735041516154,9.95471330305087e-05,0.00159968476078531
-0.00830564784053156,-0.00355614216160538,-0.000937276269695086,-0.00165371917698176,-0.0137612880644031
-0.0083752093802345,-0.0125400212974195,-0.013013375782822,0.000708804518538164,-0.0107836790782786
-0.000675675675675613,0.002786554452886,0.00058287789262379,-0.000863069824984852,0.00412442296287563
-0.00637496377861491,-0.00498868389045015,0.0117315467593189,3.94513598618307e-05,0.00145383995612391
-0.0167687372411782,-0.00497609201623039,-0.0227055802638565,0.00140688164308678,-0.023681491502977
-0.00766226704236483,-0.0241356782493017,-0.00775152542214641,0.0030565688799864,-0.000190755450051316
0.00368636046627469,0.0163173234119738,-0.00417845646002257,-0.0015271210972333,0.00262905313881823
-0.0084375620408973,-0.0118569097757972,-0.0098840327042421,0.00254273996701215,0.006456789416873
0.0106116728401242,-0.0099395391290823,-0.00506149716671633,-0.000233241513041826,-0.00551202863154432
-0.00222882615156028,0.0176623248834606,0.0016316405901533,-0.00145659479916216,-0.0120448578170657
0.0142467113427649,0.00969331453746314,0.020965610365731,-0.00154455496153927,-0.0074563644527611
0.0100822239624119,0.0105504336737516,0.0162976824461063,0.000678569074105795,-0.011984670675052
0.00111444907452274,-0.00433049604989633,0.0260185375330821,-0.00353968035248142,-0.000559003852878659
0.000435603310585009,0.00755297192555537,-0.00432503229381431,0.000890969674821385,0.00185247735463978
-0.00116110304789541,0.00688665412444278,-3.70417216268848e-05,-0.00060829134493845,-0.00950769412136621
0.0154024992734669,0.02127130319647,0.00574303476900928,-8.15906743554251e-05,-0.000488590150189316
-0.00181263117725627,0.00165765926264094,-0.00434522678589311,-0.000705320557660816,-0.00985545982917924
-0.00989200038229954,-0.00749731823019872,-0.0174648809907804,0.00251361480779355,-0.00736060692643137
-0.0190646266711714,-0.0231677880490221,-0.00999787416039666,0,0.00110313353201819
0.00925014760873832,-0.00396625414446605,-0.000384938604611418,0.00237148150887334,-0.0353897201344193
-0.00341263650546031,-0.0080229120193851,0.00222376050753503,0.00112072644678118,0.0151042095362452
-0.00934350846296839,0.00889322526874858,0.0131601911162693,0.000199905683053503,-0.00651276811144674
0.00469112636413027,0.00490120313205411,0.00556799640314543,0.00202057027712477,0.00563311756488294
-0.00206428782070189,-0.0155738753070556,0.0020379277205882,0.00126959210358413,0.00683037719346635
-0.015021670606777,-0.0220566153767894,-0.01590567962816,-0.000202569950236042,-0.0386964563889592
0.00995049752487609,0.000338105952745416,0.00257675191021556,-0.000242220962171857,0.00903867273776737
-0.00554510347559156,0,0.00104009346593337,0,0
-0.00154336353679185,-0.00730582006808866,-0.00698291896021574,0.000643757913407983,-0.0438683578128914
0.0118673647469458,0.0148392788726324,0.00769134740755106,-0.000749887816782646,0.0109432954436619
-0.00684965258956294,0.0044027997706797,0.0036889956434063,0.000414488859110884,-0.0040900410005742
-0.00124044854619432,0.0252414650771737,0.0118345413360945,-0.00038263123062976,-0.00441401286697529
0.0118734164638086,-0.000668260490910844,0.00645030706389282,0.00125447344413709,0.00935459443851161
-0.0072172034564022,0.00848808722824468,-0.00333713403302105,0.000997956359975127,-0.00388747912283594
0.0124622916769694,0.0112758970307272,0.0223220518992211,0.00130196790268156,0.0204782400645056
-0.00708249890099144,-0.0309510673729734,-0.00255971267775901,0.00348470824930436,0.00560932543687365
-0.0124950806768989,0,-0.0121268953381131,0,0
-0.0273488094052008,-0.00303168496867179,-0.0229257851815388,0.00160861143640223,-0.0223574292158887
0.00701664532650459,-0.0219471966995483,0.00250589521459132,0.00155246195325454,0.0209174693229646
-0.0199369341877734,0.00140679055271731,-0.0189238895104492,0.00077063028619806,-0.0185776268165924
0.0106901920083031,-0.00217107660414362,0.00210490465116919,-0.000996867598311524,0.00302278877878148
0.0205894434175395,0.00644387407815428,0.0146968831687397,-0.00132620350352641,-0.00404301364584581
-0.00316949237812558,0.00285852544817766,0.00679861849582974,9.92759521505349e-05,0.012110738905577
-0.0107499747653175,-0.0200488536100267,-0.0138076500407672,0.00123904085621174,-0.0164643871639569
-0.00785674200295894,-0.0210586403150754,-0.00414439051006921,0.00208105733784891,-0.0136114594248676
-0.00545071219211191,0.00350326762224884,-0.00497101245390852,0.00184137375355542,-0.0314148218787921
0.00822087792771842,-0.014866681383373,0.0049321314528139,0.0025145948572769,0.0123351420257529
-0.0149230769230769,-0.0198964558709179,-0.00795449444208163,-0.000894602079247186,-0.0275662579649207
5.20589307095864e-05,-0.018120336787385,-0.00249486495400497,0.000492980058542924,-0.00376766999824096
-0.0041124414367516,-0.0291004206450294,-0.00467016328735359,0.00274987504327684,-0.0340533625600298
0,0,-0.0027068946641613,0,0
-0.00052271182896868,0.0498454005493403,0.000258185128159782,-0.00363012805964313,0.0353473491223433
-0.0170493175043147,0.0113807182209775,0.00448127604735826,0.00122123198014612,-0.0158467810778994
0.0230912476722533,-0.00330247134873962,0.010841379180988,0.00308632860847546,0.00222800492286468
0.00390035883301265,0.0114927776305846,0.00327458957456761,0.00156856279844808,-0.0015438112517423
