,GaussianCopula,tCopula,ClaytonCopula,HS
501,-0.07957770018527426,-0.07887423839542797,-0.08645687062830072,-0.04044099660683874
502,-0.07635581450322831,-0.06257771792896516,-0.08519357987399565,-0.04044099660683874
503,-0.058492408666489824,-0.07130099926371518,-0.07853230521103449,-0.04044099660683874
504,-0.06012385637025784,-0.0789567232800444,-0.0908836630808076,-0.04044099660683874
505,-0.053519486994233215,-0.07144374931830344,-0.09191230945975039,-0.04044099660683874
506,-0.05719954523818897,-0.05803364733940016,-0.057297970836181156,-0.04044099660683874
507,-0.06653797421181636,-0.07588282988402943,-0.08002407028607242,-0.04044099660683874
508,-0.06002292697987055,-0.053275802684429135,-0.07783621686595865,-0.04044099660683874
509,-0.0658747754524023,-0.07733213775049795,-0.07580785951608277,-0.04044099660683874
510,-0.058151086983459395,-0.07372235063628421,-0.06322356875335515,-0.04044099660683874
511,-0.05715678292336742,-0.05724522081761637,-0.07428099488939906,-0.04044099660683874
512,-0.05372135720168434,-0.06035911228670231,-0.09631063949169781,-0.04044099660683874
513,-0.05930072041502219,-0.05573740177540079,-0.07155332656512885,-0.04044099660683874
514,-0.05972008809301612,-0.11248829499706027,-0.07075523929824988,-0.04044099660683874
515,-0.05604797530832017,-0.05753826825969277,-0.06388645452655593,-0.04044099660683874
516,-0.056860689651435876,-0.07641255541812784,-0.08315239109711678,-0.04044099660683874
517,-0.05559421063375496,-0.0591101335240129,-0.05580417568801798,-0.04044099660683874
518,-0.06196224786317037,-0.05787742562938323,-0.05391741370960172,-0.04044099660683874
519,-0.050640500005944535,-0.05725615600261137,-0.05250275544523054,-0.04044099660683874
520,-0.048771154821430754,-0.07723945309952336,-0.07414750435245532,-0.04044099660683874
521,-0.040573697121767,-0.057991887221064756,-0.05967050333580713,-0.04044099660683874
522,-0.04696599354578788,-0.045376413412925594,-0.050361988655462514,-0.04044099660683874
523,-0.05129501832657726,-0.08612080361409932,-0.06265723886273449,-0.04044099660683874
524,-0.06535873767547434,-0.05403300731340535,-0.06991860593967568,-0.04044099660683874
525,-0.044412785568016304,-0.054661093946769705,-0.08234075492016646,-0.04044099660683874
526,-0.04224830520793301,-0.058805850864557294,-0.05320370090339672,-0.04044099660683874
527,-0.044359794630203175,-0.04692986008840049,-0.05700441315395793,-0.04044099660683874
528,-0.04274100290936875,-0.057890365504314964,-0.06794654761883415,-0.04044099660683874
529,-0.046430498184730634,-0.04814278357959736,-0.06095414725007094,-0.04044099660683874
530,-0.04408826330628633,-0.039995235899053884,-0.055130584696795104,-0.04044099660683874
531,-0.04279989290141226,-0.051658441363688655,-0.047049904988811155,-0.04044099660683874
532,-0.04120252695626153,-0.047070595930425535,-0.05135328555522084,-0.04044099660683874
533,-0.0508106099771567,-0.04621216148842623,-0.050863767652771695,-0.04044099660683874
534,-0.04173363048897566,-0.04538652294590864,-0.05153531123851187,-0.04044099660683874
535,-0.04659561086905813,-0.0494462502681152,-0.05727172098094348,-0.04044099660683874
536,-0.04283297865770318,-0.04327685010411788,-0.04315524297086214,-0.04044099660683874
537,-0.03846580530958349,-0.04456798736881613,-0.0548563384123182,-0.04044099660683874
538,-0.04027761926912388,-0.04277147990771442,-0.051191363086358556,-0.04044099660683874
539,-0.04725024475622642,-0.04484998762054609,-0.058160500788125034,-0.04044099660683874
540,-0.037357777197829324,-0.0363825040531553,-0.04324168812828469,-0.04044099660683874
541,-0.04457507670744859,-0.0393703012139943,-0.046712682040130175,-0.04044099660683874
542,-0.048364187390109274,-0.03837363839617185,-0.054711196194380605,-0.04044099660683874
543,-0.037413515794786446,-0.04206598439927581,-0.05479318901479207,-0.04044099660683874
544,-0.04518530145301112,-0.049895419687178526,-0.05015002681928251,-0.04044099660683874
545,-0.038520113595030575,-0.05202990997122372,-0.05995136344472791,-0.04044099660683874
546,-0.041314227228694454,-0.044360966056782164,-0.04585266208983607,-0.04044099660683874
547,-0.03357681195669968,-0.040383404509872475,-0.061987460168681716,-0.04044099660683874
548,-0.04004424258240053,-0.07165815258973743,-0.06705769616809944,-0.04044099660683874
549,-0.03583478333215203,-0.05171935247826342,-0.06264494354731956,-0.04044099660683874
550,-0.04286416410791468,-0.04219653454671576,-0.04530234424397927,-0.04044099660683874
551,-0.04412520366335278,-0.05428475984969304,-0.056806309989498295,-0.04044099660683874
552,-0.04605712632576561,-0.059212055169133825,-0.047417362000714,-0.04044099660683874
553,-0.039214079935345085,-0.039859099938037885,-0.05167875764573311,-0.04044099660683874
554,-0.04407768216722764,-0.044880074510261436,-0.06150057270648457,-0.04044099660683874
555,-0.038134986998893325,-0.0556340189707623,-0.05128014548677796,-0.04044099660683874
556,-0.044169646899106074,-0.034010527332695606,-0.04689516248571935,-0.04044099660683874
557,-0.04100784381401561,-0.0492655163085992,-0.06829444539325219,-0.04044099660683874
558,-0.040600929158907395,-0.04419192245543269,-0.054948657482416806,-0.04044099660683874
559,-0.03619834010330589,-0.04972627218402205,-0.0542808012708409,-0.04044099660683874
560,-0.05273801757936999,-0.046774558171130305,-0.05067097151150663,-0.04044099660683874
561,-0.04143215947863344,-0.03501152565823899,-0.043369419840542774,-0.04044099660683874
562,-0.03590575792612091,-0.046528539616284656,-0.046247504558230665,-0.04044099660683874
563,-0.03300114143720383,-0.04776872427439245,-0.0423185755585966,-0.04044099660683874
564,-0.0421009437410516,-0.041030376314719105,-0.06652889339845867,-0.04044099660683874
565,-0.04112554300417026,-0.037218454192360674,-0.047990640357672906,-0.04044099660683874
566,-0.029671663764066793,-0.04410262947966399,-0.04111319133102531,-0.04044099660683874
567,-0.045906327488819294,-0.044415237326065594,-0.04698126466231364,-0.04044099660683874
568,-0.04885438887228266,-0.05717372552273838,-0.05360214437614807,-0.04044099660683874
569,-0.04408087155610268,-0.044459122701243095,-0.047688577962755725,-0.04044099660683874
570,-0.0428961145968465,-0.056471256960932074,-0.05216565836299624,-0.04044099660683874
571,-0.05095786956314538,-0.047008570971095356,-0.05163773426854506,-0.04044099660683874
572,-0.03719677428455078,-0.03831060329732195,-0.04285466236337814,-0.04044099660683874
573,-0.04641922816368314,-0.048989036235611516,-0.05624167646402758,-0.04044099660683874
574,-0.04640660098913508,-0.05476540865317104,-0.05513708088342743,-0.04044099660683874
575,-0.04477659464669318,-0.039233452550664856,-0.054846293823561154,-0.04044099660683874
576,-0.03911727148275788,-0.03867282842973922,-0.05119511296995737,-0.04044099660683874
577,-0.04587283894680093,-0.04439810826543907,-0.049749306915641896,-0.04044099660683874
578,-0.044108226304299926,-0.037611930147953616,-0.06177675158194817,-0.04044099660683874
579,-0.05810756676900676,-0.04400354090644512,-0.047555630308988794,-0.04044099660683874
580,-0.03929411333647399,-0.05902456296418511,-0.045681239628204036,-0.04044099660683874
581,-0.038143844317212655,-0.04388188991898374,-0.051641698878204946,-0.04044099660683874
582,-0.03931333135441643,-0.0395722110814498,-0.052959741398739005,-0.04044099660683874
583,-0.03618764608177233,-0.04004269303846486,-0.05989545812048151,-0.04044099660683874
584,-0.04045888194560335,-0.0500895542198289,-0.046911491356449474,-0.04044099660683874
585,-0.039472068499386254,-0.0371424994786248,-0.046953716794915355,-0.04044099660683874
586,-0.03487207337979611,-0.041893296408044116,-0.05241789224326238,-0.04044099660683874
587,-0.03241584998949934,-0.043638099855570725,-0.04116419353314186,-0.04044099660683874
588,-0.05006559195108378,-0.041746988345356756,-0.0537514474724356,-0.04044099660683874
589,-0.04823288347739707,-0.05062745129600015,-0.0499120562947542,-0.04044099660683874
590,-0.047150148994182926,-0.05369217131361427,-0.042862594972129804,-0.04044099660683874
591,-0.04070731258259732,-0.04229824907458824,-0.0665034076878387,-0.04044099660683874
592,-0.0633737721408147,-0.03816757223802647,-0.05051403758238687,-0.04044099660683874
593,-0.04984341355768871,-0.04586505152502548,-0.04661291850401959,-0.04044099660683874
594,-0.038630715966877276,-0.0495498722290022,-0.059927475236313456,-0.04044099660683874
595,-0.04974287454777918,-0.057814336835403296,-0.04854276811463583,-0.04044099660683874
596,-0.052322191799757146,-0.04728753327284997,-0.0645096655500442,-0.04044099660683874
597,-0.0479637637440063,-0.043315820514495916,-0.05418496252553552,-0.04044099660683874
598,-0.042145479410946936,-0.05401106778233223,-0.049244178876539216,-0.04044099660683874
599,-0.06432712502146787,-0.04807186473830762,-0.06119454880363208,-0.04044099660683874
600,-0.043585655794943126,-0.054850826792552834,-0.07809965111026897,-0.04044099660683874
601,-0.04248171077277012,-0.04939057068520668,-0.060757196808624035,-0.04044099660683874
602,-0.04906316179905538,-0.05868953668761228,-0.05718111924054327,-0.04044099660683874
603,-0.04039021167638078,-0.05101556554968065,-0.05789592150396718,-0.04044099660683874
604,-0.05183254527491751,-0.0627823911878151,-0.0589819515450394,-0.04044099660683874
605,-0.04107883279917255,-0.038910403614864815,-0.04837083016421919,-0.04044099660683874
606,-0.03838602164956692,-0.04878326255911003,-0.05228325950488754,-0.04044099660683874
607,-0.04119655159867092,-0.05456745607904422,-0.041723508535199606,-0.04044099660683874
608,-0.04817163472174089,-0.053315636676716696,-0.05066821831789137,-0.04044099660683874
609,-0.03999534639459096,-0.04394708837897283,-0.048040377319943685,-0.04044099660683874
610,-0.03274691763735758,-0.037278194230304824,-0.054459967598659925,-0.04044099660683874
611,-0.04275937902005153,-0.06433445424752382,-0.06053344588366161,-0.04044099660683874
612,-0.03911908531634369,-0.04562770139794599,-0.08012268826505484,-0.04044099660683874
613,-0.04270780455889527,-0.07591130293988317,-0.0495302212635234,-0.04044099660683874
614,-0.04017508248423716,-0.04083153640863544,-0.05147721959576652,-0.04044099660683874
615,-0.03967908876929706,-0.039835526682720175,-0.06252101601743079,-0.04044099660683874
616,-0.041719707101035175,-0.034442601570875114,-0.055443536047855166,-0.04044099660683874
617,-0.04270290595544206,-0.04804841163152672,-0.05186431463169925,-0.04044099660683874
618,-0.04597315666880813,-0.052841708046930926,-0.05229257573822634,-0.04044099660683874
619,-0.04065764977002045,-0.05189487380940262,-0.0523761345158182,-0.04044099660683874
620,-0.04610180475135923,-0.058802825595698674,-0.05688510831507671,-0.04044099660683874
621,-0.03962904975867671,-0.04763107026060145,-0.06136531913262372,-0.04044099660683874
622,-0.04167611259571652,-0.05073281790068686,-0.051155178816733406,-0.04044099660683874
623,-0.0369172264135592,-0.04729610933309002,-0.04849742202239665,-0.04044099660683874
624,-0.05079128203288701,-0.05656888089294544,-0.05500192639894977,-0.04044099660683874
625,-0.046611250313157174,-0.06479753735037443,-0.04492195858119098,-0.04044099660683874
626,-0.04057783364633263,-0.06176191028581118,-0.053374684902777754,-0.04044099660683874
627,-0.05181177427536939,-0.045706859472201426,-0.055368444334291896,-0.04044099660683874
628,-0.0442119590473779,-0.06456776644028318,-0.045583769233591684,-0.04044099660683874
629,-0.05193393821631032,-0.05805680241598089,-0.06186173258339094,-0.04044099660683874
630,-0.06275773539838429,-0.05590183674552305,-0.07759777764965288,-0.04044099660683874
631,-0.05664651395025156,-0.048825339049104556,-0.0680910770508913,-0.04044099660683874
632,-0.049723454201086474,-0.046625914872347615,-0.05639491804599194,-0.04044099660683874
633,-0.05641508611401568,-0.04523113303617335,-0.06430069480653167,-0.04044099660683874
634,-0.057326633751036936,-0.05893988344203744,-0.07864294437180883,-0.04044099660683874
635,-0.05337812849690795,-0.048564443991043565,-0.06127970515292972,-0.04044099660683874
636,-0.059704419590709,-0.049076813748394385,-0.08012647311210465,-0.04044099660683874
637,-0.04210624674181041,-0.0727203346069472,-0.06888053607599934,-0.04044099660683874
638,-0.044386351788177,-0.04370720128130637,-0.06140652540508683,-0.04044099660683874
639,-0.05651084148872874,-0.05286095134155835,-0.07468586965270328,-0.04044099660683874
640,-0.040974450749378034,-0.043296096745254836,-0.05447179648004199,-0.04044099660683874
641,-0.03937197388595746,-0.0622159319755501,-0.054517313092890984,-0.04044099660683874
642,-0.040491039470483395,-0.05892150478604463,-0.05580538563026513,-0.04044099660683874
643,-0.04021359543203378,-0.03824720003607139,-0.07336907151993037,-0.04044099660683874
644,-0.04603221002003082,-0.061642201587282106,-0.05302965247094931,-0.04044099660683874
645,-0.06079693757362489,-0.06249025262641693,-0.06443763722459947,-0.04044099660683874
646,-0.054737540786066984,-0.06237762590323524,-0.07693471961242443,-0.04044099660683874
647,-0.041200056396275136,-0.06286550333862471,-0.06841256396312609,-0.04044099660683874
648,-0.05270613119507428,-0.0580801130981036,-0.050077576647067336,-0.04044099660683874
649,-0.05000315321243955,-0.04899792352702352,-0.053448575440486285,-0.04044099660683874
650,-0.040794433792918534,-0.03892495316539322,-0.055992091766292953,-0.04044099660683874
651,-0.0703529422727833,-0.09270154743201266,-0.07507757117127081,-0.04044099660683874
652,-0.0545495328874889,-0.07836860242508223,-0.06812238851802403,-0.04044099660683874
653,-0.07542123495457405,-0.07374819788813201,-0.06112098048389439,-0.04044099660683874
654,-0.05720420579176164,-0.059461561470149964,-0.07117513583072253,-0.04044099660683874
655,-0.04876122806025086,-0.05844787009696957,-0.06681626930565966,-0.04044099660683874
656,-0.06736985324956905,-0.056083951930812115,-0.059654800416773526,-0.04044099660683874
657,-0.04776380789889531,-0.05747322169864044,-0.07330088769529487,-0.04044099660683874
658,-0.05252808192267411,-0.07560555257991747,-0.05630827842171267,-0.04044099660683874
659,-0.060185109336388105,-0.08920867354342195,-0.06482156411410674,-0.04044099660683874
660,-0.05922877257972913,-0.05669285357217735,-0.07570306679901898,-0.04044099660683874
661,-0.042941792870014844,-0.06465725625394368,-0.09334242477101745,-0.04044099660683874
662,-0.04906444798368754,-0.050985243433999954,-0.04911928132863692,-0.04044099660683874
663,-0.045418780576416955,-0.05467529683233332,-0.05298324166814562,-0.04044099660683874
664,-0.04493334333522589,-0.04614638543700908,-0.05691950630615999,-0.04044099660683874
665,-0.04516396355051285,-0.05020436070376054,-0.09164566303580422,-0.04044099660683874
666,-0.04397270618064291,-0.05171040397705088,-0.08208187039819108,-0.04044099660683874
667,-0.052662311173060354,-0.05462466245764593,-0.061708165864036595,-0.04044099660683874
668,-0.0539841309551303,-0.04461564072458498,-0.0756883688177766,-0.04044099660683874
669,-0.050988998524251525,-0.05346404137187066,-0.06486886298727833,-0.04044099660683874
670,-0.06353859333708421,-0.05617470266084137,-0.05853145355017669,-0.04044099660683874
671,-0.045742998015877376,-0.07273533812095904,-0.06324753455184566,-0.04044099660683874
672,-0.046500278872749476,-0.05128358304536101,-0.08282657367323772,-0.04044099660683874
673,-0.05505938342759265,-0.061569914709330306,-0.06592511978469251,-0.04044099660683874
674,-0.043062962208113814,-0.04757399917121827,-0.06183498409700371,-0.04044099660683874
675,-0.04490303657466249,-0.04447184536421748,-0.0661507882729966,-0.04044099660683874
676,-0.06471437883367097,-0.05783306097168965,-0.08466109769222976,-0.04044099660683874
677,-0.051721023264918384,-0.05002561587020972,-0.061355765291185346,-0.04044099660683874
678,-0.05003014522092444,-0.05470170341403191,-0.06389332171931546,-0.04044099660683874
679,-0.04598100718779662,-0.046639751592505836,-0.061947131110492146,-0.04044099660683874
680,-0.05108523756577706,-0.05518532087727182,-0.0677165995976223,-0.04044099660683874
681,-0.040748715303033964,-0.048840505363202495,-0.052036436667945614,-0.04044099660683874
682,-0.038017494953646806,-0.053298870540159374,-0.055573182379925354,-0.04044099660683874
683,-0.047198901562935665,-0.04146350763077444,-0.050438897490383855,-0.04044099660683874
684,-0.03764112130786714,-0.038449158537466104,-0.08190695861434882,-0.04044099660683874
685,-0.040786664913377145,-0.05204768958001332,-0.05802725956191912,-0.04044099660683874
686,-0.04066636477360425,-0.05812309507495093,-0.043185420237559925,-0.04044099660683874
687,-0.0449153367625569,-0.06415549782221737,-0.05058969602023542,-0.04044099660683874
688,-0.04676779247558379,-0.039780742657527735,-0.050912117192592754,-0.04044099660683874
689,-0.03925496536122202,-0.04817417317247139,-0.047340545473321345,-0.04044099660683874
690,-0.039059908316977275,-0.04453032272518787,-0.05568248386092905,-0.04044099660683874
691,-0.04062842788430275,-0.04534049721009662,-0.04752470835901991,-0.04044099660683874
692,-0.042675890745700266,-0.04241776978364884,-0.04470750185001318,-0.04044099660683874
693,-0.036386757396561366,-0.04991531300847046,-0.05591812746347354,-0.04044099660683874
694,-0.037200310850312356,-0.03536215688576058,-0.04644809457310836,-0.04044099660683874
695,-0.04636937313013677,-0.03604442544507344,-0.0434840979427713,-0.04044099660683874
696,-0.046737018365687784,-0.03962028268857963,-0.041978603472028246,-0.04044099660683874
697,-0.032764036531311845,-0.04194845676324524,-0.06167824544266863,-0.04044099660683874
698,-0.03819951635064173,-0.04419672680854434,-0.050794650554546676,-0.04044099660683874
699,-0.039398048473204945,-0.04813411237576827,-0.04645655357335611,-0.04044099660683874
700,-0.03721021553800479,-0.047296605196149484,-0.04665359944737629,-0.04044099660683874
701,-0.04042914695912863,-0.0513558248328551,-0.05423925544842669,-0.04044099660683874
702,-0.04629812079278507,-0.04803126821409274,-0.05433890834175728,-0.04044099660683874
703,-0.03488490401006111,-0.03367638563417023,-0.058074118497104255,-0.04044099660683874
704,-0.04874338189219064,-0.0640756203040032,-0.06448183271040402,-0.04044099660683874
705,-0.04872859224806331,-0.04119551068036657,-0.05120101543749012,-0.04044099660683874
706,-0.04552535721277147,-0.0512936402738033,-0.05596349465996251,-0.04044099660683874
707,-0.04498204616962521,-0.06151142914107133,-0.0602214004175547,-0.04044099660683874
708,-0.0431816547870013,-0.06606961768370592,-0.057221380392362506,-0.04044099660683874
709,-0.05196885944008058,-0.06659040346686755,-0.0533522589055331,-0.04044099660683874
710,-0.04840000082732494,-0.04964447058591054,-0.058660942942946125,-0.04044099660683874
711,-0.04257343788595679,-0.05372293496932752,-0.053882022417378904,-0.04044099660683874
712,-0.04156670521672874,-0.0586708115721519,-0.06825490018682481,-0.04044099660683874
713,-0.041062053034198485,-0.04068975524164973,-0.07731043256640488,-0.04044099660683874
714,-0.04707372730569561,-0.053341329307043765,-0.05707875345786445,-0.04044099660683874
715,-0.04135628111154917,-0.05161191615228849,-0.05034704482970985,-0.04044099660683874
716,-0.04061806562473069,-0.053787931537104636,-0.0493384799876545,-0.04044099660683874
717,-0.04274241624446053,-0.05439878610261701,-0.05070140846711915,-0.04044099660683874
718,-0.05748680928427368,-0.07175395685405829,-0.05065538233305107,-0.04044099660683874
719,-0.04536410362744287,-0.04296047870747502,-0.050235907874197336,-0.04044099660683874
720,-0.05372558532608526,-0.04289997635101063,-0.05165839031298665,-0.04044099660683874
721,-0.04797749705621934,-0.0549506728950252,-0.05699925190519431,-0.04044099660683874
722,-0.04743476920757826,-0.04054078783995471,-0.050801965257030034,-0.04044099660683874
723,-0.04139901907051225,-0.06437275742427015,-0.04705895002837022,-0.04044099660683874
724,-0.04271580384752857,-0.052054985939442584,-0.058169105593546114,-0.04044099660683874
725,-0.04083355940219831,-0.034825888713761056,-0.04380656327956768,-0.04044099660683874
726,-0.04456098991672588,-0.050280164676684454,-0.05625699420286428,-0.04044099660683874
727,-0.036924481796520664,-0.04177619206730262,-0.045118252549269613,-0.04044099660683874
728,-0.034967968629351996,-0.04088694776543817,-0.05398063040586929,-0.04044099660683874
729,-0.040941016683457426,-0.05031914727744107,-0.051663261340487286,-0.04044099660683874
730,-0.03258430134268742,-0.044295739062965335,-0.039211429484772485,-0.04044099660683874
731,-0.03475861547592541,-0.048059281863198446,-0.0643390557730092,-0.04044099660683874
732,-0.04767830993649522,-0.04513075596560191,-0.06639315079951637,-0.04044099660683874
733,-0.05115541033223553,-0.04675246795240942,-0.04578726742461604,-0.04044099660683874
734,-0.038950188946267734,-0.0508322376768052,-0.06250874602983306,-0.04044099660683874
735,-0.035675867132883184,-0.049284332566217,-0.048627570743186604,-0.04044099660683874
736,-0.04568573040173194,-0.042104363927672736,-0.05061181074171512,-0.04044099660683874
737,-0.04179785247824473,-0.03630551705227877,-0.049991993420052686,-0.04044099660683874
738,-0.051688100191585394,-0.04347050146270558,-0.0500295019874582,-0.04044099660683874
739,-0.05610103380679822,-0.033560565763493796,-0.04863756189822572,-0.04044099660683874
740,-0.038828796923374854,-0.03547006587822657,-0.05252523448370315,-0.04044099660683874
741,-0.03800903440039486,-0.04283741386082602,-0.05604276616361748,-0.04044099660683874
742,-0.03637170175998293,-0.05127698914614158,-0.054840324091121696,-0.04044099660683874
743,-0.05017579915976655,-0.05650669135690645,-0.04470422503118499,-0.04044099660683874
744,-0.05212300863221753,-0.05060973105051671,-0.05008067121716708,-0.04044099660683874
745,-0.062467734124847865,-0.07738866487665673,-0.04782507535575239,-0.04044099660683874
746,-0.05052979409477774,-0.047625119978955945,-0.06724387274152999,-0.04044099660683874
747,-0.03924099062194773,-0.05917062481978598,-0.047132418685072126,-0.04044099660683874
748,-0.05068904074746847,-0.05075925533906468,-0.047411766102138236,-0.04044099660683874
749,-0.03656755401260137,-0.036645403056508735,-0.04752961529597512,-0.04044099660683874
750,-0.042003035670235826,-0.043077623411196114,-0.05081597430643609,-0.04044099660683874
751,-0.04432492248138888,-0.039888226849364335,-0.051115708341687015,-0.04044099660683874
752,-0.040974531847559024,-0.05449082877064095,-0.06787810666256967,-0.04044099660683874
753,-0.03753379882025723,-0.05252274388392916,-0.05647988069939783,-0.04044099660683874
754,-0.0356288176502071,-0.05321868386769458,-0.053335264200668996,-0.04044099660683874
755,-0.03948429449706152,-0.04286757111535738,-0.040909904775579056,-0.04044099660683874
756,-0.03965799215637495,-0.044622680821989974,-0.05159974663379876,-0.04044099660683874
757,-0.04642813876584271,-0.050755115272504474,-0.06680756632302122,-0.04044099660683874
758,-0.036282185478969615,-0.052726667602891596,-0.08038954148148493,-0.04044099660683874
759,-0.040542565164213534,-0.0356115207865007,-0.06392663555093471,-0.04044099660683874
760,-0.037287492111004385,-0.042781660232644146,-0.04015283555794,-0.04044099660683874
761,-0.03482642534317584,-0.03847366045119885,-0.06125465210140697,-0.04044099660683874
762,-0.034486232615799486,-0.046141449885728894,-0.04977776152911578,-0.04044099660683874
763,-0.03782308225022834,-0.04641108135028602,-0.03981069000008771,-0.04044099660683874
764,-0.0354664325842772,-0.04198569435496943,-0.04445054153750305,-0.04044099660683874
765,-0.036882271726045385,-0.03645167148586197,-0.057594259405394525,-0.04044099660683874
766,-0.0425395519940609,-0.034207994610052646,-0.055082484982062564,-0.04044099660683874
767,-0.04501806567497081,-0.050797322297146286,-0.042093065361102355,-0.04044099660683874
768,-0.03472280149631538,-0.06530555417084487,-0.053418455583199353,-0.04044099660683874
769,-0.037786583378445635,-0.04135476279565327,-0.05936552254643924,-0.04044099660683874
770,-0.031092979317263163,-0.04186904580596937,-0.04945341796755766,-0.04044099660683874
771,-0.03578436373833864,-0.0362486330668875,-0.03828600589426194,-0.04044099660683874
772,-0.027355377534924393,-0.03550941437015198,-0.05340462101379808,-0.04044099660683874
773,-0.03758548205802968,-0.03477743583773572,-0.038828622439721225,-0.04044099660683874
774,-0.03293887844715059,-0.03675402947304852,-0.06492067096481059,-0.04044099660683874
775,-0.029168274029891993,-0.03991558808650093,-0.04334898310733086,-0.04044099660683874
776,-0.039502466271092475,-0.03947308483690697,-0.05208341677319824,-0.04044099660683874
777,-0.031330679135431756,-0.03787009039540195,-0.04205063196349955,-0.04044099660683874
778,-0.030983803331619396,-0.03791338344188432,-0.03306757640774425,-0.04044099660683874
779,-0.043718572822681614,-0.043432190330770205,-0.03770720292543303,-0.04044099660683874
780,-0.03180917259819026,-0.03437316356390735,-0.045304638866426813,-0.04044099660683874
781,-0.03130366837695596,-0.033869693678488536,-0.03593024015872522,-0.04044099660683874
782,-0.030358126760880427,-0.048684678510034315,-0.03936932323259678,-0.04044099660683874
783,-0.03137264248330035,-0.03366873667685132,-0.04816800514066986,-0.04044099660683874
784,-0.05024058644787437,-0.04168197278737713,-0.04801439442653551,-0.04044099660683874
785,-0.04499905799815587,-0.05706555123585902,-0.057722517250092774,-0.04044099660683874
786,-0.04387046966079917,-0.04221848096385721,-0.058637050389210084,-0.04044099660683874
787,-0.03589504716961702,-0.03984657393042868,-0.05962466710572011,-0.04044099660683874
788,-0.03687066769092095,-0.03678046414950583,-0.04487124769267228,-0.04044099660683874
789,-0.031171275059095106,-0.04357207428576537,-0.046235508479633376,-0.04044099660683874
790,-0.043298864600693945,-0.03918092873571055,-0.04669519545762352,-0.04044099660683874
791,-0.032524473699066185,-0.04504333752568928,-0.04270963109071082,-0.04044099660683874
792,-0.03848012287253699,-0.03614055731220342,-0.04072690585315635,-0.04044099660683874
793,-0.040499762395254255,-0.03795143671178741,-0.04488372321865533,-0.04044099660683874
794,-0.049190461234082744,-0.03489093561805797,-0.04642173887577558,-0.04044099660683874
795,-0.03363521937435898,-0.05226708394218586,-0.03694017516066673,-0.04044099660683874
796,-0.0294322821573797,-0.05519687740934153,-0.03924319206611445,-0.04044099660683874
797,-0.04555502565096439,-0.04271936784073713,-0.039943677295405856,-0.04044099660683874
798,-0.0317710887528184,-0.03623852518618999,-0.04844899480649707,-0.04044099660683874
799,-0.03008848810567564,-0.03726594674289688,-0.04107040047122972,-0.04044099660683874
800,-0.02922073703248644,-0.04196325371106641,-0.06083602066943258,-0.04044099660683874
801,-0.030457698435839477,-0.028524096232190856,-0.03571624664156264,-0.04044099660683874
802,-0.02887542683010867,-0.031194695506502636,-0.03501686703467768,-0.04044099660683874
803,-0.026510190611509266,-0.029115214210037918,-0.027746655758592236,-0.04044099660683874
804,-0.035327756367059954,-0.034743794679049464,-0.0358386337236843,-0.04044099660683874
805,-0.03767986259009776,-0.03317886881746691,-0.03102559430360324,-0.04044099660683874
806,-0.0258796587933696,-0.02637663363898741,-0.05110599512397584,-0.04044099660683874
807,-0.030398279085060098,-0.03153181132922877,-0.04340010263683714,-0.04044099660683874
808,-0.032728574630333775,-0.04043441009261485,-0.04483341016243748,-0.04044099660683874
809,-0.03214017935709476,-0.03637063159317319,-0.049251006183779394,-0.04044099660683874
810,-0.027545911609574664,-0.038238570717772896,-0.04348781999752067,-0.04044099660683874
811,-0.03650707314390178,-0.04239147715168342,-0.051071186593701814,-0.04044099660683874
812,-0.029620035954203688,-0.04521933919101867,-0.040378683047714074,-0.04044099660683874
813,-0.03727252548855935,-0.02890028152123742,-0.06437284880021421,-0.04044099660683874
814,-0.023506630959714107,-0.028641626478896787,-0.043153457044096157,-0.04044099660683874
815,-0.03034437506287467,-0.026562217246920778,-0.03763342762111494,-0.04044099660683874
816,-0.03417905400210988,-0.03230285976362864,-0.03681035271097526,-0.04044099660683874
817,-0.02666888587743635,-0.03835991223381646,-0.029292988191747752,-0.04044099660683874
818,-0.02356118357296566,-0.026380937193877237,-0.03993630350744271,-0.04044099660683874
819,-0.030283361043704826,-0.030428966013174345,-0.03958875827964581,-0.04044099660683874
820,-0.04078975914209136,-0.03322988025284761,-0.048009843392317585,-0.04044099660683874
821,-0.03662828735447045,-0.04270295179240122,-0.05117339685144483,-0.04044099660683874
822,-0.030617363745343736,-0.035845804026925124,-0.07090904050327083,-0.04044099660683874
823,-0.033186414094039676,-0.03866998356203802,-0.04559134150968006,-0.04044099660683874
824,-0.038547011680991186,-0.034886772098792,-0.05170175283201505,-0.04044099660683874
825,-0.038661577461019406,-0.04196370325141128,-0.04790368497084117,-0.04044099660683874
826,-0.02935087802591351,-0.04356552903260535,-0.04414461210396037,-0.04044099660683874
827,-0.032234264256845106,-0.034942762176514215,-0.04931004420708313,-0.04044099660683874
828,-0.03664106262635826,-0.05526085409460764,-0.04776104216154277,-0.04044099660683874
829,-0.03934056156634724,-0.03302794853421443,-0.047925021243329036,-0.04044099660683874
830,-0.04256512454148346,-0.037129758744038587,-0.04825350851420218,-0.04044099660683874
831,-0.025414837358425577,-0.042293145454709434,-0.05843857678781351,-0.04044099660683874
832,-0.03104502834408091,-0.041312805518815894,-0.03682718755831138,-0.04044099660683874
833,-0.03559962148775387,-0.039050751094200406,-0.05549957582964723,-0.04044099660683874
834,-0.041160814435729436,-0.03258767743540921,-0.04203707626293585,-0.04044099660683874
835,-0.03406182360497936,-0.050313160639216,-0.05008031492801742,-0.04044099660683874
836,-0.03552627564373782,-0.0316359050638489,-0.04473167096947361,-0.04044099660683874
837,-0.030467082564946214,-0.030152701767943293,-0.03809760371924305,-0.04044099660683874
838,-0.03182447327693843,-0.029247323698892803,-0.042063509896404595,-0.04044099660683874
839,-0.03238302730040988,-0.04244547906796939,-0.03614993153295492,-0.04044099660683874
840,-0.029201600494447706,-0.028968375301032027,-0.03332846404676251,-0.04044099660683874
841,-0.0279131751397015,-0.03753408453643398,-0.0471311995501754,-0.04044099660683874
842,-0.03340112064738106,-0.033089311841561164,-0.041521509071379,-0.04044099660683874
843,-0.03308724072442808,-0.04040276533585297,-0.039475322941074344,-0.04044099660683874
844,-0.037116317153901054,-0.030718649800017036,-0.03992194052488808,-0.04044099660683874
845,-0.03215004836191658,-0.02458952459118928,-0.03883794996969093,-0.04044099660683874
846,-0.03263156383882972,-0.030967733024760784,-0.04141580972288668,-0.04044099660683874
847,-0.03095189711315544,-0.03372346633605282,-0.03738536444137462,-0.04044099660683874
848,-0.029439497706040776,-0.030345571793300035,-0.03245243619377285,-0.04044099660683874
849,-0.03225021618268197,-0.030513902201255497,-0.039605514214791,-0.04044099660683874
850,-0.029730839222608295,-0.04312574950179215,-0.0334938840174353,-0.04044099660683874
851,-0.03171455248859012,-0.03301605762732983,-0.04144248487957605,-0.04044099660683874
852,-0.032900214998917134,-0.03133215558038362,-0.03279222633266024,-0.04044099660683874
853,-0.0348722969991445,-0.03459170760705859,-0.03480102590811831,-0.04044099660683874
854,-0.035550530342503155,-0.04381164653416957,-0.03860353253761665,-0.04044099660683874
855,-0.024259448521912464,-0.035984629772534166,-0.03358343074484979,-0.04044099660683874
856,-0.029284852631878616,-0.033441735181637094,-0.03719833607483317,-0.04044099660683874
857,-0.04907877391573599,-0.038531490252113575,-0.061227294927032404,-0.04044099660683874
858,-0.04425425878999614,-0.04464151682420581,-0.050794154739106256,-0.04044099660683874
859,-0.03513208798931915,-0.04793640670015784,-0.04968348876527585,-0.04044099660683874
860,-0.0446879823123356,-0.03996873992289893,-0.05907429230404655,-0.04044099660683874
861,-0.04075637631363596,-0.043032255589744675,-0.0539910125972161,-0.04044099660683874
862,-0.034072704857317795,-0.032271357265379774,-0.04351921742997361,-0.04044099660683874
863,-0.03802934059577584,-0.05179321374729685,-0.052154790416400816,-0.04044099660683874
864,-0.036135736705035025,-0.03347243389746064,-0.04774899977202768,-0.04044099660683874
865,-0.03876618794432858,-0.036059506452640035,-0.04653709179825659,-0.04044099660683874
866,-0.036982574761917096,-0.03694832247521531,-0.03855568992210086,-0.04044099660683874
867,-0.03757071709850579,-0.036369219083185855,-0.040734066527424735,-0.04044099660683874
868,-0.03634893127066637,-0.04039114386089614,-0.03668053687480615,-0.04044099660683874
869,-0.03690776717935355,-0.04601088101360351,-0.038098142123958,-0.04044099660683874
870,-0.04044767496113851,-0.03979371607286068,-0.03956978704776209,-0.04044099660683874
871,-0.032641985429450536,-0.04960300665574269,-0.05427620710943429,-0.04044099660683874
872,-0.03952947508325365,-0.04609057375727182,-0.05059265051457021,-0.04044099660683874
873,-0.038950186915265944,-0.03226897212331405,-0.04088522110279793,-0.04044099660683874
874,-0.04816860371959547,-0.03723329825429811,-0.049716642786761155,-0.04044099660683874
875,-0.03747814080623533,-0.03357779110053223,-0.04258147575158072,-0.04044099660683874
876,-0.041877127309320396,-0.04051234055979783,-0.03741897820497513,-0.04044099660683874
877,-0.032214846195398696,-0.03734500969431056,-0.04533326298333284,-0.04044099660683874
878,-0.03763486460742675,-0.04575200049388136,-0.052086977936424354,-0.04044099660683874
879,-0.035816766052402596,-0.03861733568517389,-0.032487615175099134,-0.04044099660683874
880,-0.029709765695804823,-0.02927133712191582,-0.03270900992901985,-0.04044099660683874
881,-0.0317304058740491,-0.03544019364257362,-0.04454872515725464,-0.04044099660683874
882,-0.02786214953147541,-0.032084014910934495,-0.03641317772906321,-0.04044099660683874
883,-0.03311449332085239,-0.035731245580042634,-0.03571645466895139,-0.04044099660683874
884,-0.026843925349942368,-0.033222440643810205,-0.03452429025110868,-0.04044099660683874
885,-0.03301543536506701,-0.02939160265934307,-0.039060154113239244,-0.04044099660683874
886,-0.034410965262353696,-0.02789260456796723,-0.04501635423834157,-0.04044099660683874
887,-0.03666155448721557,-0.024887724198907297,-0.04464068532981033,-0.04044099660683874
888,-0.030336319464693284,-0.02954531600215705,-0.03202479600212899,-0.04044099660683874
889,-0.030906846818596224,-0.037338516145400014,-0.03956480276285747,-0.04044099660683874
890,-0.028785662066225626,-0.02867448593797948,-0.04365156398492638,-0.04044099660683874
891,-0.037484335097313116,-0.032813693769688956,-0.05448440364002887,-0.04044099660683874
892,-0.030715386290071506,-0.03410957910326249,-0.0516629927268302,-0.04044099660683874
893,-0.03050601396504148,-0.03335610679558441,-0.03476018992420826,-0.04044099660683874
894,-0.040018065410979985,-0.030645069063099058,-0.04648269334371241,-0.04044099660683874
895,-0.04603981907742157,-0.03327055001733668,-0.0493814428796948,-0.04044099660683874
896,-0.03997745751580244,-0.04225967481530452,-0.04180359601394006,-0.04044099660683874
897,-0.032095739931633345,-0.034897695034801814,-0.04482282060097437,-0.04044099660683874
898,-0.040309512690446636,-0.03650965950401484,-0.04775006984200274,-0.04044099660683874
899,-0.03345409081551729,-0.04487062603831955,-0.03953961784677554,-0.04044099660683874
900,-0.032901950310219266,-0.04066449563516088,-0.039428335829451454,-0.04044099660683874
901,-0.04287878730584439,-0.038361585144060815,-0.0502575005573419,-0.04044099660683874
902,-0.031193026445003477,-0.02820016722808809,-0.039377617413005654,-0.04044099660683874
903,-0.032826967627670546,-0.031561664766628854,-0.04894809243751701,-0.04044099660683874
904,-0.02935385404137726,-0.040794306523777774,-0.04017545208021838,-0.04044099660683874
905,-0.04120158915005422,-0.04786885271075807,-0.06302775298530061,-0.04044099660683874
906,-0.041283241542065766,-0.0491845590862893,-0.06217438884918567,-0.04044099660683874
907,-0.04817387501050327,-0.04916058648325092,-0.045399726374069624,-0.04044099660683874
908,-0.05096182187341464,-0.04683160791535366,-0.05665241516060254,-0.04044099660683874
909,-0.048778113320658296,-0.058859070560792315,-0.06366237774774461,-0.04044099660683874
910,-0.04512227253283467,-0.050571014899675845,-0.09931613090928697,-0.04044099660683874
911,-0.040677115325058084,-0.04574975230146177,-0.07054968847573106,-0.04044099660683874
912,-0.05060984462540413,-0.05107728401954038,-0.04540014257054088,-0.04044099660683874
913,-0.04087394495074534,-0.04823842417483977,-0.0932652150807434,-0.04044099660683874
914,-0.03842984393246807,-0.056519011095767915,-0.054953106930774695,-0.04044099660683874
915,-0.04274874927790725,-0.04388798115684069,-0.04819715841940408,-0.04044099660683874
916,-0.04288929682150612,-0.03897869019551189,-0.05707449111439179,-0.04044099660683874
917,-0.03726645654338226,-0.051271563666738296,-0.05958265577693854,-0.0401796353365951
918,-0.039142901208077514,-0.05447006470047943,-0.04602246800322986,-0.0401796353365951
919,-0.03820236362373882,-0.04818289817160784,-0.06513416589185674,-0.0401796353365951
920,-0.042350826375444565,-0.04887153158700749,-0.05998824388786496,-0.0401796353365951
921,-0.036410743532032934,-0.04525228175509216,-0.043896965581494855,-0.0401796353365951
922,-0.03758252032469632,-0.049840532768067845,-0.046780475045730685,-0.0401796353365951
923,-0.03986914791296204,-0.036805592412309525,-0.052018516938972484,-0.0401796353365951
924,-0.0374688703985968,-0.0328061621233217,-0.047410103597675675,-0.0401796353365951
925,-0.04145536824535405,-0.04652626721568487,-0.04764253129123637,-0.04008026375206041
926,-0.05093428758899857,-0.03563802119289355,-0.06093875436013976,-0.04008026375206041
927,-0.035161117643373103,-0.039624909915582214,-0.05239063334616374,-0.04008026375206041
928,-0.03532414721692611,-0.042631061513833016,-0.04104765566307272,-0.04008026375206041
929,-0.05161596233640012,-0.0360912517008711,-0.05314861180812036,-0.04008026375206041
930,-0.03298597080472234,-0.03534191302291289,-0.04237443604394854,-0.04008026375206041
931,-0.02732133568201307,-0.045333160956072406,-0.043779611000054446,-0.04008026375206041
932,-0.03857028749982104,-0.040552521396332517,-0.03876600735694751,-0.04008026375206041
933,-0.038081635630186385,-0.03646415063651745,-0.036493150580292635,-0.04008026375206041
934,-0.039197506975235066,-0.03996068476892219,-0.03773550525709966,-0.04008026375206041
935,-0.028776060790379678,-0.02705570421831593,-0.050141541984489814,-0.04008026375206041
936,-0.03150367625042674,-0.03809508143470448,-0.036339876197044416,-0.04008026375206041
937,-0.032462401085621866,-0.031587318292073806,-0.04126731329281314,-0.04008026375206041
938,-0.03444180338855028,-0.038352502276621875,-0.04562638610652716,-0.04008026375206041
939,-0.033595052707416855,-0.033895860716780433,-0.03954537438884973,-0.04008026375206041
940,-0.0270578004272894,-0.03249590043121333,-0.04169887464207298,-0.04008026375206041
941,-0.03063982845189565,-0.03838029451405915,-0.03893608713873845,-0.04008026375206041
942,-0.043508786114557066,-0.0361304139793223,-0.037800354165112286,-0.04008026375206041
943,-0.033618894144000315,-0.032994358604390865,-0.03724627333993856,-0.04008026375206041
944,-0.032114476443995114,-0.03674982003241855,-0.04623368083178164,-0.04008026375206041
945,-0.038919682041940185,-0.027981186523681777,-0.0379840674642993,-0.04008026375206041
946,-0.035492160489462805,-0.04161105099732418,-0.0386668455985251,-0.04008026375206041
947,-0.0338149560061179,-0.03491879146807701,-0.039910635849601216,-0.04008026375206041
948,-0.02583696783000354,-0.032352257352041086,-0.03688517880144141,-0.04008026375206041
949,-0.03402303332962848,-0.03553853717348143,-0.044041690369455475,-0.04008026375206041
950,-0.030614277766491768,-0.03054971622127054,-0.0379755946686664,-0.028130001593654582
951,-0.03497680229868866,-0.032170093442567244,-0.035855246389631695,-0.028130001593654582
952,-0.03619294804364663,-0.030186502276899292,-0.03237771680423347,-0.028130001593654582
953,-0.029981395632408227,-0.03604512179451274,-0.03160347289071786,-0.028130001593654582
954,-0.037556886414228795,-0.03247429580569278,-0.047128587372295,-0.028130001593654582
955,-0.029295099980674158,-0.03181079509909105,-0.04795210982690226,-0.028130001593654582
956,-0.03511262679577956,-0.038693866893785595,-0.04358716907879774,-0.028130001593654582
957,-0.04243702656397584,-0.03867274182067977,-0.04748820609509158,-0.028130001593654582
958,-0.029946910294267576,-0.03828234119483543,-0.050039739153597364,-0.028130001593654582
959,-0.030635286579237107,-0.03210019986466763,-0.037382637462272175,-0.028130001593654582
960,-0.027022255127976888,-0.03181710251752837,-0.048078866851603376,-0.028130001593654582
961,-0.026274710098303254,-0.0288869343691368,-0.03954521903427212,-0.028130001593654582
962,-0.02515591330354527,-0.027974704639546648,-0.036445181729191055,-0.028130001593654582
963,-0.03176011901485924,-0.03808531170170397,-0.047976243754150834,-0.028130001593654582
964,-0.04126032419439287,-0.032562245945205875,-0.042180965967054104,-0.028130001593654582
965,-0.02723604886400146,-0.03663697864236072,-0.047813386894429176,-0.028130001593654582
966,-0.03102559302707684,-0.034979233576524445,-0.03531623393502543,-0.028130001593654582
967,-0.030421929056327464,-0.03644588498872597,-0.04177288463496562,-0.028130001593654582
968,-0.029981224299179404,-0.0419500186014162,-0.03990446581136349,-0.028130001593654582
969,-0.049681459392073586,-0.04183013516447334,-0.03922115430157408,-0.028130001593654582
970,-0.031855951533800914,-0.05206080274111148,-0.04446955496340551,-0.028130001593654582
971,-0.03689794306472509,-0.04180512741326246,-0.0529791618698084,-0.028130001593654582
972,-0.03254606638955288,-0.04632816674493505,-0.042507017360780046,-0.028130001593654582
973,-0.0309531128372106,-0.03741790134397658,-0.042950347620703926,-0.028130001593654582
974,-0.027745781347385073,-0.03474040220405728,-0.04796680923548887,-0.028130001593654582
975,-0.031523737365832416,-0.03652440595781388,-0.040775195180691,-0.028130001593654582
976,-0.027547630009504626,-0.038951932841260674,-0.04462997197843279,-0.028130001593654582
977,-0.03410686311753758,-0.029757786089062814,-0.03918633012675719,-0.028130001593654582
978,-0.03471323743275309,-0.02959303850335134,-0.035463583631018376,-0.027978456560433067
979,-0.02964816994607575,-0.04346209277780512,-0.04505313678483729,-0.027978456560433067
980,-0.027276330494783747,-0.028358930832751837,-0.03714532116477068,-0.027978456560433067
981,-0.04722077997564024,-0.044469539552121004,-0.039824011048840154,-0.027978456560433067
982,-0.030818709936563535,-0.030380401652305686,-0.04222831296567869,-0.027978456560433067
983,-0.030013669138967605,-0.03518187774162823,-0.035002750515058724,-0.027978456560433067
984,-0.03201587466754876,-0.032291753843300484,-0.03795775722356686,-0.027978456560433067
985,-0.031127169595547472,-0.04212722113399858,-0.057136678423614945,-0.027978456560433067
986,-0.04063135205273828,-0.035257856710875744,-0.03856282740053521,-0.027978456560433067
987,-0.03683520036707863,-0.03355233916647132,-0.038817767030467284,-0.027978456560433067
988,-0.033162459488429136,-0.02972160390769817,-0.04555913289389119,-0.027978456560433067
989,-0.03256524330492915,-0.038796448276318105,-0.03508580046295138,-0.027978456560433067
990,-0.036845548308116614,-0.03937096008439949,-0.037531245237642924,-0.027978456560433067
991,-0.03053126521208267,-0.054530367022307645,-0.040324431356027333,-0.027978456560433067
992,-0.03405684370105191,-0.03739352328224021,-0.04487537689035292,-0.027978456560433067
993,-0.033260516283314855,-0.029731081865018442,-0.03186302755713595,-0.027978456560433067
994,-0.04113515059038947,-0.031397813546021607,-0.035876250907343143,-0.027978456560433067
995,-0.0255590122202417,-0.03899766349006523,-0.0333360549484805,-0.027978456560433067
996,-0.02975120772518643,-0.028034047438362922,-0.04156592322516428,-0.027978456560433067
997,-0.029195394645629633,-0.03211844223267057,-0.03567743020007559,-0.027978456560433067
998,-0.02582872714283764,-0.031251109502457707,-0.0318378262424332,-0.027978456560433067
999,-0.03199685316304935,-0.03309939528201934,-0.03936845232972654,-0.027978456560433067
1000,-0.024291821098642304,-0.030357028970099002,-0.031537411289494006,-0.027978456560433067
1001,-0.024322105697627345,-0.030763289350680994,-0.0356614324531759,-0.027978456560433067
1002,-0.02953461668355427,-0.034711048646623444,-0.039084091978407835,-0.027978456560433067
1003,-0.030060033760668584,-0.027509865127455336,-0.03223332422074265,-0.027978456560433067
1004,-0.02668183580583809,-0.0291399451098253,-0.030995165637594736,-0.027978456560433067
1005,-0.02432756816092355,-0.027163149562303215,-0.0324217845948406,-0.027978456560433067
1006,-0.028279906924709296,-0.028967708604692194,-0.03520984633573535,-0.027978456560433067
1007,-0.02825986955174895,-0.025723231819130457,-0.033711936846892256,-0.027978456560433067
1008,-0.02612368137578906,-0.028205059006678385,-0.03953020230831191,-0.027978456560433067
1009,-0.028290597199426705,-0.025042088954491833,-0.03386793675409175,-0.02794647693980152
1010,-0.026892731666698453,-0.03707726782424614,-0.03863480676298153,-0.02794647693980152
1011,-0.025354155729776135,-0.04267283482363122,-0.03341260833818584,-0.02794647693980152
1012,-0.027536007266687087,-0.039368917520945526,-0.033659072622595834,-0.02794647693980152
1013,-0.025794224658072386,-0.04431039141208329,-0.03882394289532255,-0.02794647693980152
1014,-0.030318031994284976,-0.03373844309742365,-0.05308767323076072,-0.02794647693980152
1015,-0.03230174372064221,-0.03086107319444983,-0.03125540762368136,-0.02794647693980152
1016,-0.029160275744172487,-0.03992882973629482,-0.03781414417747913,-0.02794647693980152
1017,-0.023911147876781808,-0.029618009233899033,-0.03245282377756402,-0.02794647693980152
1018,-0.02377039380373199,-0.02925627874903651,-0.0333518001008344,-0.02794647693980152
1019,-0.035950160194871475,-0.03706496788809034,-0.03388575106061955,-0.02794647693980152
1020,-0.02631216889797202,-0.02407526892195049,-0.0387839964859839,-0.02794647693980152
1021,-0.02686054051541315,-0.030400945001046294,-0.029305373295237136,-0.02794647693980152
1022,-0.02274106542218475,-0.023859168436466332,-0.026390977705333947,-0.02794647693980152
1023,-0.02288623861448193,-0.031858569731844893,-0.03520920628546864,-0.02794647693980152
1024,-0.022205328832144343,-0.025828232935457062,-0.032363222474002536,-0.02794647693980152
1025,-0.025151766588784503,-0.027102708778084274,-0.033600466027699005,-0.02794647693980152
1026,-0.02853782990226057,-0.027806073784147484,-0.032457906729900315,-0.02794647693980152
1027,-0.030089704990121362,-0.025749104778721003,-0.03092211534405075,-0.02794647693980152
1028,-0.02296176856235051,-0.030961690577644262,-0.045036384913957714,-0.02794647693980152
1029,-0.029658943908969195,-0.029976659658686646,-0.02755077712826827,-0.02794647693980152
1030,-0.026809619955444137,-0.033696348731232444,-0.030741320104991587,-0.02794647693980152
1031,-0.025308349699980474,-0.028122608130337626,-0.02698009863557977,-0.02794647693980152
1032,-0.027143488176315525,-0.027715543583221806,-0.051004313657783795,-0.02794647693980152
1033,-0.025509724255566565,-0.031769450921016254,-0.03105825495607207,-0.02794647693980152
1034,-0.02745027933011241,-0.03034176994252711,-0.03767323480382588,-0.02794647693980152
1035,-0.025106700033745405,-0.031679606753629797,-0.03586962446963389,-0.02794647693980152
1036,-0.025194388899431795,-0.042386705020524794,-0.04037525640056368,-0.02794647693980152
1037,-0.02740386773543666,-0.02407664159080734,-0.04246005663913068,-0.02794647693980152
1038,-0.02372020203607081,-0.03041093210156756,-0.026380045946880638,-0.02794647693980152
1039,-0.028232156409236694,-0.03034406602765265,-0.030068040137575542,-0.02794647693980152
1040,-0.019781369143238404,-0.029711748147003777,-0.02961050951875858,-0.02794647693980152
1041,-0.0248886149628967,-0.028480815645771183,-0.03062391779969807,-0.02794647693980152
1042,-0.02292237707919932,-0.03221621788708553,-0.0403913295926864,-0.02794647693980152
1043,-0.025745713693852063,-0.02585264324265096,-0.04026100414470781,-0.02794647693980152
1044,-0.021602785309939556,-0.025549877472979453,-0.02831441289326912,-0.02794647693980152
1045,-0.02707101651663744,-0.03780000066509824,-0.04275058076095587,-0.02794647693980152
1046,-0.02784064474390993,-0.027848439294956267,-0.03633568093388166,-0.02794647693980152
1047,-0.029229200331145528,-0.04274954176375124,-0.03610662475639656,-0.02794647693980152
1048,-0.025497847843845414,-0.0429767326387348,-0.037684180301275384,-0.02794647693980152
1049,-0.030802722053304026,-0.03508106544728025,-0.0323700040324177,-0.02794647693980152
1050,-0.027010131041689707,-0.0260077206288355,-0.03733582223103243,-0.02794647693980152
1051,-0.027183767069935857,-0.029983755295796735,-0.029546134309190116,-0.02794647693980152
1052,-0.028300532740335227,-0.024143695259174536,-0.03429113579114207,-0.02794647693980152
1053,-0.030260721606038106,-0.034382225706241915,-0.035626383239626164,-0.02794647693980152
1054,-0.03127526877976407,-0.04220397189914051,-0.032145871315113934,-0.02794647693980152
1055,-0.0259932496447695,-0.028731190590677986,-0.03280067327437598,-0.02794647693980152
1056,-0.025114589921798703,-0.03248207135330754,-0.036555673863961156,-0.02794647693980152
1057,-0.02586410362568421,-0.023820367690982554,-0.02928204021631949,-0.02794647693980152
1058,-0.022020162156568095,-0.03920188351960033,-0.029040575544805814,-0.02794647693980152
1059,-0.027470926231890444,-0.0293397136236083,-0.03711936986615497,-0.02794647693980152
1060,-0.02377705694015004,-0.02786943068401416,-0.0342543995235769,-0.02794647693980152
1061,-0.0305921763358262,-0.030449939664358404,-0.02876126307446804,-0.02794647693980152
1062,-0.03825631214170998,-0.03128705749031196,-0.0394762417463003,-0.02794647693980152
1063,-0.02801145773704996,-0.038347521861842586,-0.033745131442910845,-0.02794647693980152
1064,-0.028362977598603577,-0.03145108951495051,-0.033796707606582356,-0.02794647693980152
1065,-0.028140345628653727,-0.030006128957826474,-0.051504352172479416,-0.02794647693980152
1066,-0.025654229508621958,-0.030952895561324356,-0.03884372372099453,-0.02794647693980152
1067,-0.025263208136683854,-0.04182601210240337,-0.035012803557486184,-0.02794647693980152
1068,-0.028200580026957668,-0.04422770947454811,-0.04465827827178964,-0.02794647693980152
1069,-0.034854620529966136,-0.033462880890188805,-0.03710383488224972,-0.02794647693980152
1070,-0.031721295013840294,-0.031835452015445846,-0.04069551534915799,-0.02794647693980152
1071,-0.03264775634752821,-0.034450732251357905,-0.07213559155775916,-0.02794647693980152
1072,-0.03177154673418758,-0.026453377047849155,-0.035791603431585356,-0.02794647693980152
1073,-0.031506637392237996,-0.05781539417534805,-0.03373665525745916,-0.02794647693980152
1074,-0.02844961439913736,-0.03598942315715556,-0.034805719124906875,-0.02794647693980152
1075,-0.0231078938078416,-0.03584035025854797,-0.043044417467009106,-0.02794647693980152
1076,-0.026174453557488625,-0.034981649853328856,-0.05075575572041189,-0.02794647693980152
1077,-0.023560630628285444,-0.04060549869549951,-0.036019361752578395,-0.02794647693980152
1078,-0.0279982251574978,-0.031221920202906345,-0.0364829004446872,-0.02794647693980152
1079,-0.02663434595445334,-0.028621191379642665,-0.03753339991215377,-0.02794647693980152
1080,-0.02918002733653254,-0.0288753823142342,-0.032670343480301144,-0.02794647693980152
1081,-0.026222814183025377,-0.03100384595669606,-0.034258740321878645,-0.02794647693980152
1082,-0.031069058996849135,-0.027411783931678587,-0.024248425262018293,-0.02794647693980152
1083,-0.02705051358717342,-0.027920185985126137,-0.03390037392548384,-0.02794647693980152
1084,-0.02911203689263408,-0.043523676251874005,-0.03070182294642203,-0.02794647693980152
1085,-0.022486686613902473,-0.02632695108931089,-0.03356563626805335,-0.02794647693980152
1086,-0.021259322541246736,-0.02920969942007917,-0.031745364996136186,-0.02794647693980152
1087,-0.046287261565630164,-0.030654983329110777,-0.03467044211040383,-0.02794647693980152
1088,-0.030511522724030283,-0.029293438709038364,-0.031181880805278575,-0.02794647693980152
1089,-0.02739689878747308,-0.03720222711814436,-0.02863577808857048,-0.02794647693980152
1090,-0.03736236319025886,-0.032614204890695477,-0.03480001410337813,-0.02794647693980152
1091,-0.025530862081358508,-0.026295562062544783,-0.03133242341305953,-0.02794647693980152
1092,-0.02753497806890506,-0.03941185981261248,-0.03015643146433047,-0.02794647693980152
1093,-0.029774956242203457,-0.03406882572309121,-0.032187042719727645,-0.02794647693980152
1094,-0.024333305569364354,-0.028025761522763648,-0.03033675661244096,-0.02794647693980152
1095,-0.03452855389890082,-0.026184197940075083,-0.034396698799646755,-0.02794647693980152
1096,-0.02599505143791322,-0.035421600214794534,-0.04009453719997739,-0.02794647693980152
1097,-0.02985066649352126,-0.03460361486706505,-0.03634793805200873,-0.02794647693980152
1098,-0.027010495708637807,-0.029936401587258913,-0.03602514975568744,-0.02794647693980152
1099,-0.027097356785817824,-0.03720188004514422,-0.035766916157927875,-0.02794647693980152
1100,-0.028872814714547907,-0.037154924200385714,-0.03166976674586056,-0.02794647693980152
1101,-0.028143230967106556,-0.03326561478139702,-0.03793237930342897,-0.02794647693980152
1102,-0.026138926483685168,-0.040998894216324314,-0.03570611596137243,-0.02794647693980152
1103,-0.032623285654089035,-0.03321512795848045,-0.038526710829416964,-0.02794647693980152
1104,-0.02879346245221771,-0.026622512805440455,-0.046892436118285266,-0.02794647693980152
1105,-0.023993969432028653,-0.030525125955164236,-0.028362719827554998,-0.02794647693980152
1106,-0.02406466437597983,-0.032245786400239916,-0.029016923686524046,-0.02794647693980152
1107,-0.027058952024919175,-0.043561633822609594,-0.040501495182078164,-0.02794647693980152
1108,-0.029060790972759636,-0.031077186348122343,-0.03363097015187968,-0.02794647693980152
1109,-0.027325221664002492,-0.03584921089938525,-0.03471136882032412,-0.02794647693980152
1110,-0.023497791475434175,-0.031018406082986737,-0.04038882158044268,-0.02794647693980152
1111,-0.028035741186937184,-0.03477186985939579,-0.03631114412418835,-0.02794647693980152
1112,-0.030527675089371722,-0.025762139794094644,-0.03689180891035741,-0.02794647693980152
1113,-0.024553995979933466,-0.029587413218208916,-0.034284248606585986,-0.02794647693980152
1114,-0.028005513908471488,-0.04394842031702839,-0.031945575470266926,-0.02794647693980152
1115,-0.028425957618565936,-0.038318364450136824,-0.038858638583044294,-0.02794647693980152
1116,-0.027622304966143926,-0.02823631585282227,-0.04248155247144338,-0.02794647693980152
1117,-0.03213451724930563,-0.03149994394632304,-0.043740418247317725,-0.02794647693980152
1118,-0.026749826099778762,-0.03359100909702297,-0.03439989812855465,-0.02794647693980152
1119,-0.024089779501627634,-0.03345044589772258,-0.030967483502904555,-0.02794647693980152
1120,-0.03365011231044111,-0.02928861735392061,-0.02933044083795531,-0.02794647693980152
1121,-0.03070845870919058,-0.029164036191923166,-0.03610645423064671,-0.02794647693980152
1122,-0.02136624137428782,-0.028963813980695193,-0.031215951700243313,-0.02794647693980152
1123,-0.02762265878046505,-0.03203668427881544,-0.026849351844766913,-0.02794647693980152
1124,-0.0234874429969117,-0.028434778464832507,-0.03274067882154018,-0.02794647693980152
1125,-0.02704208694769443,-0.026470922477266342,-0.02350054008117412,-0.02794647693980152
1126,-0.02382910320869178,-0.02868317973207136,-0.026151156243343257,-0.02794647693980152
1127,-0.023849545514992767,-0.028404728027348992,-0.031354398137555375,-0.02794647693980152
1128,-0.02286490186751373,-0.023276723270868566,-0.02777211778082418,-0.02794647693980152
1129,-0.023931609378760415,-0.024675002243511518,-0.023311478488216974,-0.02794647693980152
1130,-0.024721933497668824,-0.029770867032105946,-0.0314128949146207,-0.02794647693980152
1131,-0.02152896079942906,-0.03199275636840461,-0.03641672700423011,-0.02794647693980152
1132,-0.020204557582624225,-0.025702939112297724,-0.030949456750641396,-0.02794647693980152
1133,-0.02806249285269298,-0.025963661358266176,-0.026725191712776427,-0.02794647693980152
1134,-0.02060505958132341,-0.03287528186679036,-0.03922470229868986,-0.02794647693980152
1135,-0.02996426925372128,-0.03663504115791774,-0.03038795681639776,-0.02794647693980152
1136,-0.023135833845789766,-0.02856795905215716,-0.03289206311161553,-0.02794647693980152
1137,-0.02149141127656111,-0.02144765124334492,-0.03411182106562216,-0.02794647693980152
1138,-0.026096637820209233,-0.02754551008877844,-0.027010954712823245,-0.02794647693980152
1139,-0.020448099239094877,-0.024612407575546773,-0.03315010690282038,-0.02794647693980152
1140,-0.019527324381118535,-0.02419801745040302,-0.0272286314816865,-0.02794647693980152
1141,-0.02669880623257383,-0.02365731026016436,-0.029841334185339553,-0.02794647693980152
1142,-0.02701230309195095,-0.023642628907607897,-0.028302804392353505,-0.02794647693980152
1143,-0.023386088553527844,-0.024189286336258192,-0.025348151612790387,-0.02794647693980152
1144,-0.019412918637484622,-0.024735685544042946,-0.02749703964791101,-0.02794647693980152
1145,-0.023101043425169443,-0.029694344594196283,-0.04039953563920644,-0.02794647693980152
1146,-0.02123561978628671,-0.026679303682946937,-0.024331542918067207,-0.02794647693980152
1147,-0.029263348125437603,-0.022259108478669933,-0.02806821792496155,-0.02794647693980152
1148,-0.018648952718658438,-0.02975315420531609,-0.023679518394902573,-0.02794647693980152
1149,-0.018217426887384296,-0.03331574931856527,-0.026220164052613158,-0.027946476939801523
1150,-0.020846287591413014,-0.02493208018982646,-0.026042637228876096,-0.027946476939801523
1151,-0.03238999788381423,-0.025573894391339638,-0.025955480445753177,-0.027946476939801523
1152,-0.020591346721257415,-0.025333764230884136,-0.02424733815190056,-0.027946476939801523
1153,-0.02133855544967975,-0.018548750799486088,-0.029082300594192236,-0.027946476939801523
1154,-0.018737504623664702,-0.02222504528010891,-0.035095900220596665,-0.027946476939801523
1155,-0.022465395738325088,-0.02921470161209191,-0.02332168068567008,-0.027946476939801523
1156,-0.026349847212928865,-0.02585351044891332,-0.021299600088993877,-0.027946476939801523
1157,-0.01929523130530442,-0.02194462960350569,-0.022740472410992436,-0.027946476939801523
1158,-0.019692851702301648,-0.025271035933178265,-0.023892451876187312,-0.027946476939801523
1159,-0.02093923956145436,-0.028187782730863038,-0.03575039563321352,-0.027946476939801523
1160,-0.02448734880952966,-0.02433455785179761,-0.029205273702754535,-0.027946476939801523
1161,-0.021922491919391288,-0.027705032150695155,-0.028821395126071594,-0.027946476939801523
1162,-0.020144767376679317,-0.024422055587517127,-0.030013817619870035,-0.027946476939801523
1163,-0.020991011007305507,-0.033714963558365105,-0.02689579348719528,-0.027946476939801523
1164,-0.020077216068981257,-0.022303824361107463,-0.022177497290227947,-0.027946476939801523
1165,-0.017726682095424717,-0.025588313790661975,-0.025879042730755846,-0.027946476939801523
1166,-0.021757974557668484,-0.023441705004564387,-0.029283607583113515,-0.027946476939801523
1167,-0.01760242206396442,-0.026686484768089064,-0.024228065993759595,-0.02769943009778557
1168,-0.02007858827060239,-0.03541539309482688,-0.030400520693170063,-0.02769943009778557
1169,-0.023209046194628755,-0.027085351020869067,-0.036971914519581595,-0.02769943009778557
1170,-0.024106709936553426,-0.02623811258184354,-0.025551250138410274,-0.02769943009778557
1171,-0.027658937928603577,-0.03141701472991423,-0.027272796337319605,-0.02769943009778557
1172,-0.023524389104904595,-0.02551412265827163,-0.02401620663700604,-0.02769943009778557
1173,-0.024143022634955977,-0.025317442458761944,-0.03143052364836411,-0.02769943009778557
1174,-0.01926217503434457,-0.026923057164844052,-0.0375367978189275,-0.02769943009778557
1175,-0.01993712416852335,-0.036295262468816224,-0.03397789536826964,-0.02769943009778557
1176,-0.0189631435755177,-0.02602249400764549,-0.023212437813707253,-0.02769943009778557
1177,-0.022829304958378486,-0.025000321324134156,-0.033323546109087734,-0.02769943009778557
1178,-0.023146648507848262,-0.0332175256289677,-0.03518200922650794,-0.02769943009778557
1179,-0.020064321097992926,-0.02391029875768382,-0.028073604817628436,-0.02769943009778557
1180,-0.021837681789431695,-0.030490463167122013,-0.027804157855309104,-0.02769943009778557
1181,-0.029399816000779476,-0.023334612218441436,-0.03168004372617559,-0.02769943009778557
1182,-0.02395945942603091,-0.029223887146771384,-0.030789753877613867,-0.02769943009778557
1183,-0.021895328523136564,-0.025384260105323242,-0.031090445965719443,-0.02769943009778557
1184,-0.02215297167371314,-0.028729421149595574,-0.02711965304850349,-0.02769943009778557
1185,-0.021685001161260684,-0.030904834345780414,-0.02517800948963557,-0.02769943009778557
1186,-0.02564277661456622,-0.02293316209426673,-0.030619070316055416,-0.02769943009778557
1187,-0.018703246507047466,-0.029561487482544276,-0.025598042665635336,-0.02769943009778557
1188,-0.032345248119463536,-0.03159942777293353,-0.02628417389220313,-0.02769943009778557
1189,-0.022015502307615904,-0.025675722402980165,-0.0244184011908199,-0.02769943009778557
1190,-0.023549683802950302,-0.021336380965107118,-0.024630092174924737,-0.02769943009778557
1191,-0.01822160701770889,-0.03514035325677687,-0.033476892943472364,-0.02769943009778557
1192,-0.02113864791166528,-0.03426883703238509,-0.02186428342353341,-0.02769943009778557
1193,-0.020037617253009943,-0.024485030035166475,-0.022926405263998948,-0.02769943009778557
1194,-0.024758503628444957,-0.02269573334735317,-0.028199215675619324,-0.02769943009778557
1195,-0.028630785096036865,-0.02544996413080959,-0.03114087603916115,-0.02769943009778557
1196,-0.029299354741836044,-0.030814179337663707,-0.024675686202223494,-0.02769943009778557
1197,-0.02283382420994031,-0.027696810482292788,-0.024294699904902732,-0.02769943009778557
1198,-0.020814541652782428,-0.022698742785752044,-0.03898306088783701,-0.02769943009778557
1199,-0.023607582594299983,-0.024667332700641025,-0.026817877787423765,-0.02769943009778557
1200,-0.0204120444356337,-0.021961948875066896,-0.02232451442854954,-0.02769943009778557
1201,-0.02726324238828872,-0.02630234697200312,-0.02519240941927187,-0.02769943009778557
1202,-0.025257676379220575,-0.02600551679400867,-0.030348428446172034,-0.02769943009778557
1203,-0.02494791885260872,-0.02285775037242907,-0.02564464793060921,-0.02769943009778557
1204,-0.01938784485322926,-0.027169203633888084,-0.02648015203381209,-0.02769943009778557
1205,-0.023205291534418596,-0.026538590003955472,-0.024239556041530334,-0.02769943009778557
1206,-0.022670999723686105,-0.028021035604584726,-0.03094615144888197,-0.02769943009778557
1207,-0.026953922851042356,-0.021718013129543627,-0.030946036489138046,-0.02769943009778557
1208,-0.02691048183139545,-0.02174095551730378,-0.02810705995572906,-0.02769943009778557
1209,-0.023165917121782908,-0.02559694386944992,-0.02684321606702877,-0.02769943009778557
1210,-0.02190126645954019,-0.025026996652466948,-0.03250661776129676,-0.02769943009778557
1211,-0.020823205719918404,-0.023845059211139122,-0.02438483298354186,-0.02769943009778557
1212,-0.021260100179298615,-0.021926070797595502,-0.023684266303330467,-0.02769943009778557
1213,-0.021171331548111447,-0.021567237198634476,-0.023638184351408253,-0.02769943009778557
1214,-0.02233953854393402,-0.024077911103091022,-0.02199037249770723,-0.02769943009778557
1215,-0.02304586786012726,-0.02413464757937339,-0.021759394795065626,-0.02769943009778557
1216,-0.01879549513160089,-0.018982889330795488,-0.026202429546122338,-0.02769943009778557
1217,-0.01922546157630887,-0.021719858546841008,-0.021572032541712166,-0.02769943009778557
1218,-0.019818798848114976,-0.02232162999212032,-0.02669271872527015,-0.02769943009778557
1219,-0.02253814034695595,-0.02205961902842385,-0.021025592647154437,-0.02769943009778557
1220,-0.02261450587987746,-0.021880967723719037,-0.023223716992784412,-0.02769943009778557
1221,-0.02013427112840514,-0.02385472211114077,-0.024468553310529516,-0.02769943009778557
1222,-0.018294993547065503,-0.0187119990803633,-0.020570843059668317,-0.02769943009778557
1223,-0.01851642294586566,-0.024550662021328908,-0.025640745458969848,-0.02769943009778557
1224,-0.025794092202481272,-0.025447023301931698,-0.02788677835647535,-0.02769943009778557
1225,-0.021109571563514694,-0.021585837165831897,-0.021114937358306832,-0.02769943009778557
1226,-0.01769324364691924,-0.02243822890156482,-0.024545216280827283,-0.02769943009778557
1227,-0.01850337078346476,-0.020435780450785822,-0.023090035512833916,-0.02769943009778557
1228,-0.01701920868893557,-0.019324923273334484,-0.027739330534674686,-0.02769943009778557
1229,-0.021375398929622026,-0.023864115054927446,-0.02256497671955844,-0.02769943009778557
1230,-0.0222120381245268,-0.022784052260453755,-0.026322155579510308,-0.02769943009778557
1231,-0.018491149791906043,-0.024370932371757602,-0.026850415368892384,-0.02769943009778557
1232,-0.019274592309748283,-0.0273277727468119,-0.026173735265573594,-0.02769943009778557
1233,-0.026744705038539228,-0.02695715193279283,-0.030504414642402507,-0.027668757360572168
1234,-0.023386525078126746,-0.02497303166509151,-0.02217110467082598,-0.027668757360572168
1235,-0.019954438563233378,-0.023964060346319836,-0.03258363212330752,-0.027668757360572168
1236,-0.022194166379610664,-0.02468002959607267,-0.029754623767354427,-0.027668757360572168
1237,-0.027000919858922067,-0.033523030649739986,-0.024733608626291127,-0.027668757360572168
1238,-0.020910820281512064,-0.030137719290668153,-0.030040553186597915,-0.027668757360572168
1239,-0.02743255357739781,-0.026233170099018346,-0.02526943985723829,-0.027668757360572168
1240,-0.024083774357428697,-0.033865137490830144,-0.03253908082059636,-0.027668757360572168
1241,-0.024240953204589213,-0.03543814252075582,-0.03402838699048696,-0.027668757360572168
1242,-0.023037006944127345,-0.027651432348517288,-0.026904351955149185,-0.027668757360572168
1243,-0.02977521007598998,-0.02843383943607116,-0.029994843540107615,-0.027668757360572168
1244,-0.033273582514136,-0.0356722447787349,-0.032987411045937595,-0.027668757360572168
1245,-0.03231415804901444,-0.03373255820198975,-0.04483102388679333,-0.027668757360572168
1246,-0.029747972709980964,-0.03840806710964039,-0.041414058174221474,-0.027668757360572168
1247,-0.024849554946001835,-0.03207311361953027,-0.03471265415636072,-0.027668757360572168
1248,-0.026620032537218286,-0.030563845944212676,-0.031022120822696852,-0.027668757360572168
1249,-0.03140777666083636,-0.030089574115603864,-0.03449735542557114,-0.027668757360572168
1250,-0.031805156154915096,-0.03057714320444906,-0.037478930622433126,-0.027668757360572168
1251,-0.027253752662174995,-0.035529242463168166,-0.03546299718593511,-0.027668757360572168
1252,-0.028550484343731787,-0.03786595440636423,-0.03553293513107156,-0.027668757360572168
1253,-0.02950282580992282,-0.030785537917989894,-0.04688577275764804,-0.027668757360572168
1254,-0.0324293966467449,-0.028908170367905415,-0.03588451707809091,-0.027668757360572168
1255,-0.030171272220882686,-0.03644127500542103,-0.033445066496987086,-0.027668757360572168
1256,-0.03447859673751252,-0.03419996301180006,-0.03983696210402442,-0.027668757360572168
1257,-0.029662983547756892,-0.03234129151181756,-0.04464736414297057,-0.027668757360572168
1258,-0.03615483759980198,-0.03637759845680789,-0.03457576946579246,-0.027668757360572168
1259,-0.024301346107664296,-0.032775675574291965,-0.029428749767682394,-0.027668757360572168
1260,-0.025580347404944255,-0.031034187278849303,-0.028586409879587653,-0.027668757360572168
1261,-0.03093267580021582,-0.028760400417023928,-0.037267035988236136,-0.027668757360572168
1262,-0.021878215282531276,-0.02892305889939513,-0.027502707376714,-0.027668757360572168
1263,-0.021849543565942597,-0.034445333158287815,-0.02604986162170921,-0.027668757360572168
1264,-0.029047115275945803,-0.02556237070135168,-0.02997760674999166,-0.027668757360572168
1265,-0.02067319608129857,-0.02459252409271486,-0.02478074287123109,-0.027668757360572168
1266,-0.023219739962339062,-0.03378527015017156,-0.024085038999519807,-0.027668757360572168
1267,-0.022162965361476775,-0.022498611947819012,-0.024860588662640293,-0.027668757360572168
1268,-0.023485700708491677,-0.02592315880225134,-0.02901741132747265,-0.027668757360572168
1269,-0.020051926124385104,-0.027675162901646858,-0.03195696539560723,-0.027668757360572168
1270,-0.024510774701797588,-0.027512654376207493,-0.026493981303251007,-0.027668757360572168
1271,-0.02472206455798022,-0.026099406800691803,-0.032826171416673086,-0.027668757360572168
1272,-0.02312821918584611,-0.026147815483827785,-0.0372424742678217,-0.027668757360572168
1273,-0.019724872164960765,-0.027443021626342184,-0.027991411316986736,-0.027668757360572168
1274,-0.02383939042626799,-0.02431286295277202,-0.025553790258859947,-0.027668757360572168
1275,-0.022202584363253387,-0.022070778741210953,-0.028587352364203143,-0.027668757360572168
1276,-0.020000403375621426,-0.02631462249858114,-0.03132181688382631,-0.027668757360572168
1277,-0.018515947607444933,-0.019952033985066397,-0.024221091972477703,-0.027668757360572168
1278,-0.022110587466824615,-0.024671473450582595,-0.03572025521971286,-0.027668757360572168
1279,-0.022705293100968874,-0.020679598391480536,-0.022658958032685757,-0.027668757360572168
1280,-0.018292192011308665,-0.02172096282487414,-0.024500542942627657,-0.027668757360572168
1281,-0.022144338311241914,-0.034043810951008044,-0.03305367071951934,-0.027751515487473677
1282,-0.026447974728040946,-0.03180776886648992,-0.04293454962003419,-0.027751515487473677
1283,-0.02559070721055523,-0.030301004197786665,-0.03653951101937385,-0.027751515487473677
1284,-0.026568265225246836,-0.030517559394149893,-0.03160084949037424,-0.027751515487473677
1285,-0.024864695709159824,-0.03190637304625962,-0.03224751303407294,-0.027751515487473677
1286,-0.025699558675035115,-0.03462240319620536,-0.03946049420497648,-0.027751515487473677
1287,-0.023912515589147063,-0.03374122929117815,-0.03009475307291999,-0.027751515487473677
1288,-0.03312317557954649,-0.03585361768739888,-0.035428019413245936,-0.027751515487473677
1289,-0.03211878562914874,-0.03183170906886647,-0.05663633070461767,-0.027751515487473677
1290,-0.03366430826751361,-0.03289183008775037,-0.0348535535147962,-0.027751515487473677
1291,-0.03372412388863076,-0.04175648935514174,-0.042093832394752846,-0.027751515487473677
1292,-0.043805673726948866,-0.05209220658567827,-0.042067857527933766,-0.027751515487473677
1293,-0.03722086856348343,-0.04948128546715703,-0.04442114228217312,-0.027751515487473677
1294,-0.03460501365949857,-0.04551877690840012,-0.0399147458248326,-0.027751515487473677
1295,-0.03877184056403025,-0.05429259240323614,-0.05535758320476584,-0.027751515487473677
1296,-0.03796593488524452,-0.03826586346842805,-0.05152903949884122,-0.027751515487473677
1297,-0.034861078381913754,-0.03435113393885195,-0.045073506124470746,-0.027751515487473677
1298,-0.03357662757474546,-0.04828453811827227,-0.06000707137828334,-0.027751515487473677
1299,-0.03748862969009099,-0.03706075857029991,-0.04084867425816879,-0.027751515487473677
1300,-0.03421750769123192,-0.03815923717762621,-0.03799733387471207,-0.027751515487473677
1301,-0.033311589987029544,-0.04733149328520464,-0.051420325828933286,-0.027751515487473677
1302,-0.027578727100918996,-0.030031233680085874,-0.032465374262603985,-0.027751515487473677
1303,-0.03090482500022911,-0.034662797056679344,-0.03864832874688012,-0.027751515487473677
1304,-0.027762474220456242,-0.03238203311252739,-0.040730430471132395,-0.027751515487473677
1305,-0.025752490105439955,-0.03748203518251613,-0.037472460994175456,-0.027751515487473677
1306,-0.03716279423643874,-0.024307469931807515,-0.035647664171556556,-0.027751515487473677
1307,-0.03173145905878044,-0.03988326714422621,-0.04778620128533825,-0.027881478416965817
1308,-0.03450802740662941,-0.036808503099288424,-0.042835142738051966,-0.027881478416965817
1309,-0.03404299900224543,-0.04269111480229531,-0.049754603002022155,-0.027881478416965817
1310,-0.0401522663106985,-0.044457972434748576,-0.04208420880271146,-0.027881478416965817
1311,-0.03514285228623024,-0.05000431215066316,-0.04487507684872149,-0.027881478416965817
1312,-0.03783045390111537,-0.035759027095541275,-0.043484443849618366,-0.027881478416965817
1313,-0.02958154034691038,-0.0380817043051714,-0.0484545868525009,-0.027881478416965817
1314,-0.03465670405421107,-0.04285666609135183,-0.04214413562320543,-0.027881478416965817
1315,-0.03102173152345171,-0.03523863213272436,-0.04594471137212539,-0.027881478416965817
1316,-0.030536829379303732,-0.033479635359931474,-0.04211530121434352,-0.027881478416965817
1317,-0.027575902218167005,-0.02834572482028147,-0.035317022920023255,-0.027881478416965817
1318,-0.03615982358035655,-0.03272175055199838,-0.04434535090350208,-0.027881478416965817
1319,-0.030194482139683627,-0.03228705027306857,-0.044429753656371404,-0.027881478416965817
1320,-0.02887549351176833,-0.03656046356624366,-0.037809764028027645,-0.027881478416965817
1321,-0.02976436447301568,-0.034254103056420314,-0.03570712839328206,-0.027881478416965817
1322,-0.031116527671092572,-0.03378815016422113,-0.04128331052263016,-0.027881478416965817
1323,-0.03342677140323348,-0.043169630598465125,-0.043470028096462575,-0.027881478416965817
1324,-0.027569635855147143,-0.03652778044904043,-0.036968583670735904,-0.027881478416965817
1325,-0.033033893003560494,-0.028314592223415137,-0.0407134060109327,-0.027881478416965817
1326,-0.03366958224197247,-0.03328556041306988,-0.04437995193809776,-0.027881478416965817
1327,-0.030963492575909822,-0.03808567600702684,-0.04829957453236938,-0.027881478416965817
1328,-0.03475164783453969,-0.03777055402661827,-0.053556994635011866,-0.027881478416965817
1329,-0.04166975171254617,-0.04293089713803576,-0.041326330180698465,-0.027881478416965817
1330,-0.035558226660549835,-0.036314599169751084,-0.041993139508880846,-0.027881478416965817
1331,-0.03300605210009771,-0.03302928113225466,-0.04644256487901014,-0.027881478416965817
1332,-0.034591143572868265,-0.04122856591556001,-0.04866421206672342,-0.027881478416965817
1333,-0.034371798865597034,-0.037087133743738655,-0.046770293997048386,-0.027881478416965817
1334,-0.02685980865470515,-0.034905256514484964,-0.039480018366067286,-0.027881478416965817
1335,-0.04226330729331039,-0.03232613634677258,-0.03321286947955537,-0.027881478416965817
1336,-0.030684690954018493,-0.03632181659354832,-0.041077816937785026,-0.027881478416965817
1337,-0.031793987459449016,-0.034706904392889065,-0.04372869151971419,-0.027881478416965817
1338,-0.027205727455596216,-0.03990724204974115,-0.04072159199269338,-0.027881478416965817
1339,-0.03125922182947061,-0.03134132046491483,-0.05240809256297256,-0.027881478416965817
1340,-0.03101564964136792,-0.031205484457270546,-0.03471005249553618,-0.027881478416965817
1341,-0.030083998931768545,-0.0315540406093134,-0.036088672482881126,-0.027881478416965817
1342,-0.03407497813274884,-0.04475011054108225,-0.04225267205138102,-0.027881478416965817
1343,-0.0320392133858613,-0.02843081674481078,-0.038818302762023416,-0.027881478416965817
1344,-0.025926554714475705,-0.033582950463964555,-0.03903366891672862,-0.027881478416965817
1345,-0.02932677665253445,-0.031087744509004405,-0.03976617496289854,-0.027881478416965817
1346,-0.02905488090511987,-0.03253414546314015,-0.040321196928857106,-0.027881478416965817
1347,-0.02788357536829753,-0.034949619549320785,-0.048540364394092046,-0.027881478416965817
1348,-0.0271202016103556,-0.03807228503360071,-0.03412667936307423,-0.027881478416965817
1349,-0.03382529870840388,-0.030744205559610244,-0.033737864839690726,-0.027881478416965817
1350,-0.027966369457079015,-0.02759179661555607,-0.042815517586014824,-0.027881478416965817
1351,-0.029838207249179897,-0.031824191175449185,-0.04209785025319996,-0.027881478416965817
1352,-0.029594457395530856,-0.058797729551591946,-0.031817139489632294,-0.027881478416965817
1353,-0.039141532129640194,-0.04135130029874322,-0.0577578544853849,-0.027881478416965817
1354,-0.03484345041845692,-0.03864380732300344,-0.0443645199010457,-0.027881478416965817
1355,-0.03262922081549039,-0.03010996338542891,-0.0435417543948512,-0.027881478416965817
1356,-0.03225630108361893,-0.0346881034244086,-0.04475676880297914,-0.027881478416965817
1357,-0.03401990713921903,-0.04378084721277899,-0.03922613168038785,-0.027881478416965817
1358,-0.03430871462945144,-0.035384622556841,-0.04037586647561084,-0.027881478416965817
1359,-0.027636991863463883,-0.029228353979365462,-0.056915928604414454,-0.027881478416965817
1360,-0.031615492178835365,-0.03123603959833487,-0.04449927552719924,-0.027881478416965817
1361,-0.033578240174131115,-0.037821914615125414,-0.041005630162170466,-0.027881478416965817
1362,-0.03188559181379625,-0.033903892226674344,-0.05776904243562119,-0.027881478416965817
1363,-0.027272117317054565,-0.03700922469870923,-0.042496261308513514,-0.027881478416965817
1364,-0.03212250508317631,-0.04529476397795231,-0.04182880716730978,-0.027881478416965817
1365,-0.03613019967819384,-0.03141311286321846,-0.05031083348696379,-0.027881478416965817
1366,-0.030392374196943323,-0.03723912990252288,-0.04462646307430291,-0.027881478416965817
1367,-0.03261654526391148,-0.039791700171938504,-0.03900990802137261,-0.027881478416965817
1368,-0.030494797307781683,-0.04241226460479299,-0.05462690086477937,-0.027881478416965817
1369,-0.032694776307113434,-0.03520614096673154,-0.049669799262228385,-0.027881478416965817
1370,-0.031150517564274213,-0.029301443411979843,-0.04458217457659033,-0.027881478416965817
1371,-0.029952593765109906,-0.03286813616110625,-0.04159541387415794,-0.027881478416965817
1372,-0.030095762600644227,-0.04498092552789122,-0.037485269788262165,-0.027881478416965817
1373,-0.03153116515008122,-0.031068077788114202,-0.04521835269435388,-0.027881478416965817
1374,-0.031480516998507034,-0.03800184310647284,-0.037259578674403465,-0.027881478416965817
1375,-0.027107435279988216,-0.039126570601744265,-0.042940820312435415,-0.027881478416965817
1376,-0.033223932246620576,-0.03253171483485187,-0.04662455980036244,-0.027881478416965817
1377,-0.032095893661440444,-0.03151382162700314,-0.038517593376326764,-0.027881478416965817
1378,-0.032799497547652184,-0.038587140629140315,-0.03738915127513454,-0.027881478416965817
1379,-0.024548616736884712,-0.037675326368077904,-0.042005058700713624,-0.027881478416965817
1380,-0.024460620411226108,-0.030509002671932427,-0.03912409078454031,-0.027881478416965817
1381,-0.03140550949753215,-0.03203999859002641,-0.037556040157712293,-0.027881478416965817
1382,-0.02855221993439473,-0.040454673441476525,-0.036211501292175284,-0.027881478416965817
1383,-0.03053402547804279,-0.032029805375306294,-0.034221999433703174,-0.027881478416965817
1384,-0.03139408031074334,-0.02856934545993217,-0.03240625517114358,-0.027881478416965817
1385,-0.03309332576034328,-0.03442394021019684,-0.03403830475562079,-0.027881478416965817
1386,-0.02622510104274706,-0.031692585839916666,-0.03156510263415207,-0.027881478416965817
1387,-0.02887410503991426,-0.02429621653579858,-0.03493208638462315,-0.027881478416965817
1388,-0.03214359279567898,-0.032781048144274696,-0.03173886810881073,-0.027881478416965817
1389,-0.023921153472609067,-0.03748809291568602,-0.038405867439543356,-0.027881478416965817
1390,-0.027739554326332624,-0.028949948898759213,-0.03151413031194965,-0.027881478416965817
1391,-0.029896950545279195,-0.03585206213677846,-0.030133299537460682,-0.027881478416965817
1392,-0.024603790740736473,-0.027059327240135538,-0.03552878258845896,-0.027881478416965817
1393,-0.02279103514390738,-0.02790082863057344,-0.03591804868563523,-0.027881478416965817
1394,-0.03505951269509192,-0.025334598514879243,-0.03598870094935461,-0.027881478416965817
1395,-0.027000526263240582,-0.031845286638190855,-0.03251006172847257,-0.027881478416965817
1396,-0.02879094119926231,-0.035406226408803615,-0.045649375553387675,-0.027881478416965817
1397,-0.03189944460628601,-0.02937858604186954,-0.04143549290197103,-0.027881478416965817
1398,-0.027678056623525918,-0.033987910498950384,-0.031223312663132052,-0.027881478416965817
1399,-0.025459549705808875,-0.026723614539888276,-0.03984553694979947,-0.027881478416965817
1400,-0.024350354318938408,-0.029172585297607433,-0.032965680219294836,-0.027881478416965817
1401,-0.025949398320254474,-0.027859616777033636,-0.03673765515679898,-0.027881478416965817
1402,-0.025517177496473267,-0.028518419058240412,-0.03153553381381566,-0.027881478416965817
1403,-0.025755031417437634,-0.026933279963699965,-0.03703954358793183,-0.027881478416965817
1404,-0.02339062970402913,-0.025722238348065998,-0.024962703130015564,-0.027881478416965817
1405,-0.025258851717138566,-0.025102490706394722,-0.03462750605584655,-0.01664578241082866
1406,-0.023421831650340542,-0.02480866580977166,-0.04086184582012528,-0.01664578241082866
1407,-0.021942347755066656,-0.02681042318682285,-0.029761785151874047,-0.01664578241082866
1408,-0.03400997461838439,-0.02706252860676406,-0.031125229652184897,-0.01664578241082866
1409,-0.025271035512216454,-0.026682844820318317,-0.03388084538558184,-0.01664578241082866
1410,-0.032497741713692394,-0.028485218852645572,-0.03389426639525121,-0.01664578241082866
1411,-0.03198402088324009,-0.02684272727182173,-0.030846553298457487,-0.01664578241082866
1412,-0.02319526004420414,-0.03442261449283605,-0.03098139028480092,-0.01664578241082866
1413,-0.03278357124940263,-0.027426728472929644,-0.03391982663625509,-0.01664578241082866
1414,-0.029185527270206905,-0.022600188988825876,-0.030830940440734447,-0.01664578241082866
1415,-0.030587362566735672,-0.03368271935156743,-0.03455589362581732,-0.01664578241082866
1416,-0.02680465873818323,-0.030447223349615752,-0.03933669498926757,-0.01664578241082866
1417,-0.02840199868800952,-0.031076373027262277,-0.0511079706386233,-0.01664578241082866
1418,-0.027071436875990732,-0.027889422511744602,-0.0341199319094119,-0.01664578241082866
1419,-0.03347588187647788,-0.03152043918883402,-0.03583670781593912,-0.01664578241082866
1420,-0.030473681136741537,-0.027899729252507183,-0.034055060770802226,-0.01664578241082866
1421,-0.029860603899740254,-0.03367038919128687,-0.032182621147004806,-0.01664578241082866
1422,-0.025053248539483198,-0.036668635375616224,-0.04331984748340003,-0.01664578241082866
1423,-0.026785097924641493,-0.03936361780880958,-0.04086473575931317,-0.016645782410828664
1424,-0.02249961726126758,-0.027836547883778772,-0.034186342050952834,-0.016645782410828664
1425,-0.02857274232638707,-0.02980967167351655,-0.03086238914628562,-0.016645782410828664
1426,-0.023278204143324144,-0.025391945217562214,-0.04145935719192729,-0.016645782410828664
1427,-0.03473487424238946,-0.03306798566773261,-0.03203729655778632,-0.016645782410828664
1428,-0.026373215057657613,-0.03136941881487482,-0.03420267391564196,-0.016645782410828664
1429,-0.02684469251697821,-0.029219370902874086,-0.04169218873498007,-0.016645782410828664
1430,-0.02820090018892924,-0.03125739612669682,-0.03093884520343388,-0.016645782410828664
1431,-0.025464585266392052,-0.02550588683131641,-0.03672775591404783,-0.016645782410828664
1432,-0.03188249282560264,-0.02890263291290559,-0.03532012031532634,-0.016645782410828664
1433,-0.035237688635141956,-0.037116205625310504,-0.036321567637265725,-0.016645782410828664
1434,-0.0349811210944093,-0.0396858287346853,-0.033388347919662525,-0.016645782410828664
1435,-0.029765251124187726,-0.03025876125797156,-0.03609043999281127,-0.016645782410828664
1436,-0.02915712228513729,-0.03441038096653453,-0.03984207693433207,-0.016645782410828664
1437,-0.03534839413002567,-0.03165149114581271,-0.04126959922016155,-0.016868276026686738
1438,-0.030371570096772747,-0.034529711024364314,-0.03814804992593857,-0.016868276026686738
1439,-0.030724678832967957,-0.03571705554014295,-0.04347703152601052,-0.016868276026686738
1440,-0.037320946941826125,-0.045909065433397865,-0.04389236544502799,-0.016868276026686738
1441,-0.033801894099690484,-0.0383254887163622,-0.04812729210730474,-0.016868276026686738
1442,-0.032452826230338364,-0.045487757888207477,-0.04525193766485731,-0.016868276026686738
1443,-0.042988327243265144,-0.03241641151926931,-0.0445016552243378,-0.016868276026686738
1444,-0.035055090760113074,-0.0520441148118912,-0.051038077350990016,-0.016868276026686738
1445,-0.02929317458209505,-0.03667687323052851,-0.03986329092543583,-0.016868276026686738
1446,-0.027210107328315285,-0.03446012453698342,-0.035903197084764554,-0.016868276026686738
1447,-0.026363532530024256,-0.03174646029046285,-0.041474710437645286,-0.016868276026686738
1448,-0.025028504380019415,-0.030740190430172905,-0.034567940638479386,-0.016868276026686738
1449,-0.03156607481004898,-0.032873208482049485,-0.06773411706954942,-0.016868276026686738
1450,-0.0242477979906289,-0.029048022725493648,-0.03802899530473265,-0.016868276026686738
1451,-0.025849770699845263,-0.032761333643018496,-0.04101518751515164,-0.016868276026686738
1452,-0.026187106127245657,-0.028898390496519624,-0.032146676365005296,-0.016868276026686738
1453,-0.02623982402793383,-0.032205046173788235,-0.03200667054939194,-0.016868276026686738
1454,-0.028291263259071466,-0.028259340766482014,-0.04290229790876339,-0.016868276026686738
1455,-0.029315968510072406,-0.02650206328012522,-0.0381508131543994,-0.016868276026686738
1456,-0.023204566069390538,-0.029514620900274586,-0.03571172818978452,-0.016868276026686738
1457,-0.0287863210501223,-0.02783441671277855,-0.039455289558284076,-0.016868276026686738
1458,-0.030299821381329698,-0.034018346123312726,-0.027857647063554397,-0.016868276026686738
1459,-0.027971844614761224,-0.027039004869540736,-0.03899447516147496,-0.016868276026686738
1460,-0.02363220913158524,-0.031969439646782026,-0.029619084523123493,-0.016868276026686738
1461,-0.02683041937663129,-0.03172602859245543,-0.03265572623503101,-0.016868276026686738
1462,-0.030840714166171936,-0.026560405951799832,-0.03937832982932731,-0.016868276026686738
1463,-0.028242935227086746,-0.034928866654737135,-0.03603658141227812,-0.016868276026686738
1464,-0.028930164109326188,-0.03329956152930442,-0.0498923701123754,-0.016868276026686738
1465,-0.025906671337994635,-0.03658764041732488,-0.03162186576008103,-0.016868276026686738
1466,-0.02322503789483967,-0.03184585060838839,-0.03460151461711357,-0.016868276026686738
1467,-0.025189489384792606,-0.030035715642249588,-0.05513132403095074,-0.016868276026686738
1468,-0.030479375944563198,-0.02616376609973341,-0.02802822139281808,-0.016868276026686738
1469,-0.03051276026851167,-0.025676304562990842,-0.04690438915579151,-0.016868276026686738
1470,-0.02938154251769612,-0.0348971484660527,-0.031994169601410515,-0.016868276026686738
1471,-0.04182686572732157,-0.05275825148260775,-0.04619284554423319,-0.018584570918706095
1472,-0.06870611641666519,-0.06555222072908182,-0.07943295017794205,-0.029083777542266445
1473,-0.05551227754858895,-0.050135908539176106,-0.057017038129706245,-0.029083777542266445
1474,-0.06650673649187328,-0.05594891765421528,-0.06630686400649534,-0.029083777542266445
1475,-0.07189564308147797,-0.06685532264369003,-0.08342318820373584,-0.029083777542266445
1476,-0.04852661637426687,-0.05485589713566836,-0.0698498147080639,-0.029083777542266445
1477,-0.04282209620734053,-0.0549992319217264,-0.07513031571570113,-0.029083777542266445
1478,-0.06799817079083557,-0.0632345917550791,-0.07692518215065294,-0.02929225054422621
1479,-0.051853767267420144,-0.05223334370075449,-0.06729341218266267,-0.02929225054422621
1480,-0.04517805495198232,-0.05443766649979577,-0.05642078721999683,-0.02929225054422621
1481,-0.046515441855645864,-0.05149262991891369,-0.07475999086518915,-0.02929225054422621
1482,-0.04389035843609643,-0.06992827115909779,-0.05373725699006667,-0.02929225054422621
1483,-0.04907007228613464,-0.07488781901869247,-0.0690688401172346,-0.02929225054422621
1484,-0.055618843364311325,-0.05441743939222544,-0.07074706159733322,-0.02929225054422621
1485,-0.04746061467060698,-0.04348668397617412,-0.0740341208184831,-0.02929225054422621
1486,-0.03758260873826839,-0.05768710425357676,-0.06784229612836055,-0.02929225054422621
1487,-0.04328940456836716,-0.040738736178832655,-0.06375101730651922,-0.02929225054422621
1488,-0.042181859577348525,-0.040790213975490264,-0.07606738219734605,-0.02929225054422621
1489,-0.036566698489937335,-0.048373595891913354,-0.05207006336331426,-0.02929225054422621
1490,-0.04653481780247067,-0.04469214779712834,-0.04042174486101684,-0.02929225054422621
1491,-0.03592716403631335,-0.038250152763510466,-0.04890986099548029,-0.02929225054422621
1492,-0.051934438558268355,-0.04404411972786042,-0.05138727138335384,-0.02929225054422621
1493,-0.05085006965864733,-0.052067894489764066,-0.05107952085868691,-0.02929225054422621
1494,-0.05066892770401316,-0.04925084157917266,-0.0642296857640892,-0.02929225054422621
1495,-0.040187582487644584,-0.0385725407678153,-0.054810425512271846,-0.02929225054422621
1496,-0.03913108932506108,-0.05651150060638462,-0.056335420295658266,-0.02929225054422621
1497,-0.047718140248593305,-0.05956665942054381,-0.051696231310441786,-0.02929225054422621
1498,-0.04475587929425554,-0.041550250530201845,-0.04593123680138692,-0.02929225054422621
1499,-0.042279048809248855,-0.050999136664515526,-0.04888478054277643,-0.02929225054422621
1500,-0.036483756711214885,-0.04848296398812968,-0.051037474225420015,-0.02929225054422621
1501,-0.034632875257584725,-0.0396959608723129,-0.05102648653547331,-0.02929225054422621
1502,-0.04656681387302667,-0.045423821675531356,-0.06228639270530035,-0.02929225054422621
1503,-0.05457100407066358,-0.05206210129316834,-0.05053121088563261,-0.02929225054422621
1504,-0.038530205853054014,-0.04276368269244651,-0.06423225085177173,-0.02929225054422621
1505,-0.05221715323620303,-0.04100254355123929,-0.04720674507199578,-0.02929225054422621
1506,-0.03437117909797981,-0.04677370801708998,-0.054468852695776435,-0.02929225054422621
1507,-0.04169593509522879,-0.039540886842907894,-0.05283534989239311,-0.02929225054422621
1508,-0.04071691466104453,-0.03836840838378492,-0.04968048356028896,-0.02929225054422621
1509,-0.034868917277026436,-0.043550201092497826,-0.0449312187004957,-0.02929225054422621
1510,-0.03715599538470299,-0.043878700327930814,-0.05936350753899565,-0.02929225054422621
1511,-0.04405623892589155,-0.04732603059996698,-0.0487609466168529,-0.02929225054422621
1512,-0.029927428376460088,-0.04182870463627364,-0.04502307716379673,-0.02929225054422621
1513,-0.03170428675541296,-0.04185598312326728,-0.046571176641909,-0.02929225054422621
1514,-0.04056666348329251,-0.038061445120445535,-0.03874254225035788,-0.02929225054422621
1515,-0.04050445871600734,-0.0602447411118071,-0.044499731678115,-0.02929225054422621
1516,-0.037759894914899166,-0.03243419591411234,-0.045789087254909565,-0.02929225054422621
1517,-0.032384676390621286,-0.03524034341361146,-0.042187201548769745,-0.02929225054422621
1518,-0.03995471590865681,-0.04878777569922695,-0.04505366849355783,-0.02929225054422621
1519,-0.03498861473215522,-0.033134795373630836,-0.0407449366247104,-0.02929225054422621
1520,-0.030531775795354352,-0.032064212993299965,-0.03781167136156996,-0.02929225054422621
1521,-0.03144289051267677,-0.03540484371101245,-0.039724556129410345,-0.02929225054422621
1522,-0.029124749668899746,-0.037217108242165654,-0.043372513290527395,-0.02929225054422621
1523,-0.032760959351029496,-0.03265544238720265,-0.04602703814584838,-0.02929225054422621
1524,-0.032334852054663195,-0.03438316571559836,-0.03773807544719303,-0.02929225054422621
1525,-0.031902634537075654,-0.03473127852931543,-0.045595307578024276,-0.02929225054422621
1526,-0.026625679852795833,-0.03568323191020409,-0.03560125891985776,-0.02929225054422621
1527,-0.029726885089831682,-0.03625280083639614,-0.0401142328753448,-0.02929225054422621
1528,-0.0278252241408452,-0.035361364556257574,-0.04107026356801991,-0.02929225054422621
1529,-0.029103905086411096,-0.02732500970072161,-0.039251070978023626,-0.02929225054422621
1530,-0.031187517725136418,-0.04079666369358553,-0.045316378921051705,-0.02929225054422621
1531,-0.041831372559268096,-0.033318665226527835,-0.04281755879258454,-0.02929225054422621
1532,-0.03031696827558156,-0.03352466109567657,-0.04589591905795557,-0.02929225054422621
1533,-0.0401076808047943,-0.03366534019228803,-0.037501648463522476,-0.02929225054422621
1534,-0.04563958920337144,-0.047628029018885625,-0.04811081324026646,-0.02929225054422621
1535,-0.03155754585797912,-0.04417925362221647,-0.03817554294527339,-0.02929225054422621
1536,-0.043368034846972096,-0.03880208495819382,-0.04087959296884685,-0.02929225054422621
1537,-0.03579697552004261,-0.03307226521052613,-0.038964829239729645,-0.02929225054422621
1538,-0.030113364421324583,-0.031688578366651274,-0.032815491381177814,-0.02929225054422621
1539,-0.02851218950532591,-0.0341621034803499,-0.058453151868038934,-0.02929225054422621
1540,-0.03241097859912723,-0.033350071595907145,-0.03801164331442758,-0.02929225054422621
1541,-0.030752653980247895,-0.02934849136760251,-0.0442973361003533,-0.02929225054422621
1542,-0.028385291355796243,-0.03697951373659193,-0.03981346550173548,-0.02929225054422621
1543,-0.02807651307174971,-0.029888605476050534,-0.03684052208871334,-0.02929225054422621
1544,-0.030262373898885406,-0.029648979658038272,-0.04163764695313407,-0.02929225054422621
1545,-0.03102254248823417,-0.04117989141658362,-0.03998277202123144,-0.02929225054422621
1546,-0.040171035108239404,-0.037215575161138034,-0.04177479235031805,-0.02929225054422621
1547,-0.0323454237269048,-0.03066584287643968,-0.040850386606867455,-0.02929225054422621
1548,-0.028356275537478378,-0.038694001415125696,-0.043580792009770386,-0.02929225054422621
1549,-0.03199407073677595,-0.03573217748331303,-0.042513243536949276,-0.02929225054422621
1550,-0.03828609443253358,-0.0369029451683018,-0.03842208868526136,-0.02929225054422621
1551,-0.03638349102395636,-0.035879674826079754,-0.05018585587808547,-0.02929225054422621
1552,-0.04367754244122783,-0.043594902483477846,-0.0636691920740586,-0.02929225054422621
1553,-0.04185069965956428,-0.03871383570199756,-0.042385761294611135,-0.02929225054422621
1554,-0.036824157323749704,-0.03829082381474219,-0.03923920172841227,-0.02929225054422621
1555,-0.037006521340708164,-0.03750700946700837,-0.04474386521891627,-0.02929225054422621
1556,-0.041410660552717395,-0.04678211051164431,-0.05120766453309652,-0.02929225054422621
1557,-0.030325656098482617,-0.0382284836494277,-0.056274114189515584,-0.02929225054422621
1558,-0.03345218011195579,-0.04225646356708966,-0.04375855863691472,-0.02929225054422621
1559,-0.033730331927874606,-0.04690654826812711,-0.046238579045712616,-0.02929225054422621
1560,-0.031952708379372904,-0.03236469835349832,-0.043874570659073,-0.02929225054422621
1561,-0.03368659643846017,-0.03378287316081136,-0.03141059997409457,-0.02929225054422621
1562,-0.03299169002058188,-0.04015145846622706,-0.044872795491800996,-0.02929225054422621
1563,-0.03070227797790832,-0.028247276602803902,-0.03680173953298511,-0.02929225054422621
1564,-0.027507282821307964,-0.036783450613900856,-0.04092878197934095,-0.02929225054422621
1565,-0.029196564450108733,-0.03433530813926815,-0.03994822184826549,-0.02929225054422621
1566,-0.029216980352038534,-0.02944252263375338,-0.04153500263970468,-0.02929225054422621
1567,-0.03744714514316038,-0.043650063171040795,-0.044463624058242855,-0.02929225054422621
1568,-0.03200580300750388,-0.03818852500367233,-0.04682397362552074,-0.02929225054422621
1569,-0.035971188311819995,-0.05363684353732949,-0.04266800353479475,-0.02929225054422621
1570,-0.04365478590552789,-0.04793768824914784,-0.0625675700564979,-0.02929225054422621
1571,-0.04136881373720904,-0.04565448192903331,-0.04808383692439421,-0.02929225054422621
1572,-0.03919938604106548,-0.042895464271933983,-0.046105324780001206,-0.02929225054422621
1573,-0.03744289054686132,-0.0419183059282086,-0.04693388937604705,-0.02929225054422621
1574,-0.04131958487544196,-0.0395398493951514,-0.05996403040270805,-0.02929225054422621
1575,-0.037968803404543304,-0.042422000219522256,-0.05209113595494574,-0.02929225054422621
1576,-0.037703963273342744,-0.050199648329613974,-0.045894108801879524,-0.02929225054422621
1577,-0.04291842558893359,-0.040702464191314604,-0.044409714171574834,-0.02929225054422621
1578,-0.037159518350540446,-0.05347276604265845,-0.047060129474374046,-0.02929225054422621
1579,-0.04012080488380898,-0.05084536590883991,-0.04717279547941049,-0.02929225054422621
1580,-0.03791850477190799,-0.05610169620612588,-0.06389213706615396,-0.02929225054422621
1581,-0.05503413274684509,-0.05919334831949862,-0.06648276905139246,-0.02929225054422621
1582,-0.045377613658493056,-0.05052079924334036,-0.052514755315246645,-0.02929225054422621
1583,-0.045030140134110455,-0.04701622207262192,-0.05600788729110733,-0.02929225054422621
1584,-0.04649484160559074,-0.06026880019548716,-0.05592940316759203,-0.02929225054422621
1585,-0.045481101719688354,-0.04226954600166044,-0.06703753050283046,-0.02929225054422621
1586,-0.0465454223753979,-0.052449684617796734,-0.06030714241089689,-0.02929225054422621
1587,-0.0411150154369964,-0.05137225836615317,-0.05447185005738513,-0.02929225054422621
1588,-0.04562873915136409,-0.06379140336847715,-0.05686983636270771,-0.02929225054422621
1589,-0.0478412688523842,-0.04980956530212487,-0.053998613034392705,-0.02929225054422621
1590,-0.04066550743748636,-0.052073405531119915,-0.0625747319954522,-0.02929225054422621
1591,-0.03883510107438465,-0.04900577855815887,-0.048630806386816564,-0.02929225054422621
1592,-0.04839859744243304,-0.048714608034476775,-0.05614613612948364,-0.02929225054422621
1593,-0.04895953228912186,-0.05042891962383271,-0.06076132056053214,-0.02929225054422621
1594,-0.04099986996154614,-0.05053312793847527,-0.04958287646303752,-0.02929225054422621
1595,-0.04458991489979192,-0.05166568287981732,-0.056802355498219784,-0.02929225054422621
1596,-0.05566176516448387,-0.0578822860827672,-0.07260208429873227,-0.02929225054422621
1597,-0.05006856704147402,-0.05165948458230286,-0.06784467486901975,-0.02929225054422621
1598,-0.04645407512744207,-0.05440427651732889,-0.05936213315671211,-0.02929225054422621
1599,-0.04609400118865422,-0.05064206481926087,-0.0612421791107367,-0.02929225054422621
1600,-0.04859618500248099,-0.05801345649200161,-0.05967545362366791,-0.02929225054422621
1601,-0.048380500237818945,-0.045636021491386805,-0.05209623313103869,-0.02929225054422621
1602,-0.04399269063769646,-0.05358096601648046,-0.059693211425631665,-0.02929225054422621
1603,-0.04437288548092666,-0.05226870181065601,-0.046806006668538354,-0.02929225054422621
1604,-0.045089978657699134,-0.05559639313734458,-0.05614827869108263,-0.02929225054422621
1605,-0.048263334523477475,-0.05051034730513905,-0.05409264129303656,-0.02929225054422621
1606,-0.05020170039278873,-0.049388021254728624,-0.05959497922223706,-0.02929225054422621
1607,-0.043448393807891304,-0.047252331472834315,-0.04934860909388913,-0.02929225054422621
1608,-0.047552847268141775,-0.041361124512538615,-0.06104284424402274,-0.02929225054422621
1609,-0.04354547050797445,-0.04475214282675467,-0.05160680797707048,-0.02929225054422621
1610,-0.04608948441837965,-0.042127464240624586,-0.056027733630214814,-0.02929225054422621
1611,-0.03752463442262599,-0.044059599535553017,-0.058941176408795766,-0.02929225054422621
1612,-0.042462553460220445,-0.034087290210978984,-0.047615182033540766,-0.02929225054422621
1613,-0.03861682976461207,-0.047900222756589554,-0.04707881674714831,-0.02929225054422621
1614,-0.040471424630208974,-0.041063950830950935,-0.05866239954231343,-0.02929225054422621
1615,-0.03599320412186206,-0.043842911941289656,-0.05294952262207872,-0.02929225054422621
1616,-0.03608276276025452,-0.046105306753303356,-0.050837114959118496,-0.02929225054422621
1617,-0.04212410276770034,-0.04398793106406747,-0.0508196288263876,-0.02929225054422621
1618,-0.03823699373275993,-0.049594347679520395,-0.05035309126311621,-0.02929225054422621
1619,-0.03916590139492151,-0.04301795471120729,-0.043117686319365994,-0.02929225054422621
1620,-0.03960558450059478,-0.04590689801838127,-0.05311053390669003,-0.02929225054422621
1621,-0.046253883646234326,-0.06548121109088635,-0.05093783445100866,-0.02929225054422621
1622,-0.03807113948702392,-0.04207462969186621,-0.04621449152035247,-0.02929225054422621
1623,-0.040150183448768945,-0.047582415273222795,-0.048221614818134306,-0.02929225054422621
1624,-0.03810130865417324,-0.03927328069646898,-0.042664619403360346,-0.02929225054422621
1625,-0.03631262823538669,-0.035804383194656786,-0.05424842082234105,-0.02929225054422621
1626,-0.03726482824465699,-0.03885069292175719,-0.04089039540748494,-0.02929225054422621
1627,-0.03465291344454397,-0.03807874485806177,-0.04722536002071633,-0.02929225054422621
1628,-0.03596279280961461,-0.03712070023581584,-0.03905235168616565,-0.02929225054422621
1629,-0.03981015786371997,-0.040595708622188996,-0.047291369496450776,-0.02929225054422621
1630,-0.039068437341294636,-0.038086335685218936,-0.038789353113465784,-0.02929225054422621
1631,-0.04780558290551613,-0.051035182120458905,-0.04445747650715786,-0.02929225054422621
1632,-0.03532227460927908,-0.03469692353411946,-0.04987648956042155,-0.02929225054422621
1633,-0.03850934074305241,-0.038893888450237106,-0.053910982830367785,-0.02929225054422621
1634,-0.036327210737119794,-0.04139363313282346,-0.05561980467855793,-0.02929225054422621
1635,-0.04228031748726712,-0.038731647490374305,-0.050348800400374275,-0.02929225054422621
1636,-0.044309218962467575,-0.04482424505149774,-0.044228395644859995,-0.02929225054422621
1637,-0.039120242452977794,-0.03689177506690596,-0.04587961760875908,-0.02929225054422621
1638,-0.04569388234367078,-0.0468867187372314,-0.047768069261977686,-0.02929225054422621
1639,-0.03986955844102233,-0.03999177629220255,-0.05979526889080968,-0.02929225054422621
1640,-0.04117244226246314,-0.039557477405070686,-0.046269867567690706,-0.02929225054422621
1641,-0.04076737414493727,-0.042898267735904626,-0.051761233510497544,-0.02929225054422621
1642,-0.04088876759602552,-0.04372103067574786,-0.042395995807952544,-0.02929225054422621
1643,-0.04374535458554397,-0.04340777298804821,-0.047571021600871025,-0.02929225054422621
1644,-0.0466351621169811,-0.036050551531753613,-0.04641688724436029,-0.02929225054422621
1645,-0.04429948650640353,-0.04389006143974132,-0.04119097506446823,-0.02929225054422621
1646,-0.03928808265047738,-0.05094222232150479,-0.038223061612939674,-0.02929225054422621
1647,-0.031767007804460526,-0.049276455012745385,-0.047247152664919634,-0.02929225054422621
1648,-0.03832993239515122,-0.03844357341285105,-0.042574365634693453,-0.02929225054422621
1649,-0.03809701549152881,-0.03700863235145927,-0.051993564549388194,-0.02929225054422621
1650,-0.0343927703250757,-0.03968839459076077,-0.03926254246559056,-0.02929225054422621
1651,-0.045351329079238764,-0.036008084240253195,-0.04579752882464224,-0.02929225054422621
1652,-0.03480342636182327,-0.04145933927838404,-0.040741835027522114,-0.02929225054422621
1653,-0.03629467336803904,-0.04832077853870968,-0.045324926149026425,-0.02929225054422621
1654,-0.03306214295764706,-0.03648814201643,-0.04357520098825724,-0.02929225054422621
1655,-0.04273073678774419,-0.03660508824360899,-0.0405000994565246,-0.02929225054422621
1656,-0.03363836727265367,-0.03840526389278888,-0.039239874251778634,-0.02929225054422621
1657,-0.03793567522628164,-0.035378519406843285,-0.03737334844992863,-0.02929225054422621
1658,-0.033169432994190236,-0.042833188519521115,-0.04739771283012478,-0.02929225054422621
1659,-0.037453554508737684,-0.045840610299482706,-0.05072901104660923,-0.02929225054422621
1660,-0.041012016589491086,-0.03838309625653586,-0.04128518763576651,-0.02929225054422621
1661,-0.03426338405156527,-0.040137319293477226,-0.05079705716132443,-0.02929225054422621
1662,-0.032637989246061795,-0.03594884889786771,-0.03567355302125186,-0.02929225054422621
1663,-0.032691138297176285,-0.03272034221069773,-0.051496753427174004,-0.02929225054422621
1664,-0.030433853522739647,-0.03641044624929671,-0.03930906159410105,-0.02929225054422621
1665,-0.0350764317610051,-0.03479653361777539,-0.05148403813909937,-0.02929225054422621
1666,-0.028909089195204025,-0.04040722878563679,-0.04703163249892657,-0.02929225054422621
1667,-0.03818771209181809,-0.035488272592235,-0.04235374860338028,-0.02929225054422621
1668,-0.032034844450892115,-0.04033015837045975,-0.04665644167928676,-0.02929225054422621
1669,-0.03878832134708046,-0.03541592133794236,-0.04267937295796387,-0.02929225054422621
1670,-0.030119790814521447,-0.03629552908018799,-0.03772609105836245,-0.02929225054422621
1671,-0.03716069929655939,-0.030852408445258665,-0.044519367583981374,-0.02929225054422621
1672,-0.03050836944026375,-0.028649528218241568,-0.043557741823448154,-0.02929225054422621
1673,-0.04119845282313858,-0.028586509529336508,-0.04216002692057139,-0.02929225054422621
1674,-0.030367633335347907,-0.03317166976368114,-0.044858471610856446,-0.02929225054422621
1675,-0.027515710717338125,-0.029807655235751473,-0.03654681317827359,-0.02929225054422621
1676,-0.026637213916436746,-0.03424207832173439,-0.0416102552819926,-0.02929225054422621
1677,-0.025843038077169655,-0.03656337447253389,-0.03340245858994945,-0.02929225054422621
1678,-0.032681292304398854,-0.03267484457565368,-0.04046249435166662,-0.02929225054422621
1679,-0.03136084054093151,-0.03484129997836984,-0.04575492504884113,-0.02929225054422621
1680,-0.029116351019072926,-0.02880505441468035,-0.03127672060989249,-0.02929225054422621
1681,-0.031178872096200322,-0.036621908563250295,-0.04502301858788164,-0.02929225054422621
1682,-0.03619646330215691,-0.03535633295985268,-0.0461173479844575,-0.02929225054422621
1683,-0.040219663467993653,-0.04472502483539476,-0.0546483568969033,-0.02929225054422621
1684,-0.03306072799994785,-0.03212748019658203,-0.037858452210465895,-0.02929225054422621
1685,-0.037076642492721044,-0.036620704691865645,-0.03918353926785976,-0.02929225054422621
1686,-0.03991422960816678,-0.04009909933624399,-0.0485241742211961,-0.02929225054422621
1687,-0.043848199619854554,-0.05639155388716972,-0.05486051593114246,-0.02929225054422621
1688,-0.04081444979547845,-0.04302303169203771,-0.04532685637101238,-0.02929225054422621
1689,-0.040613552268504695,-0.042511164722361945,-0.060073073476054714,-0.02929225054422621
1690,-0.043115871485944375,-0.04161387241545908,-0.058922156508661595,-0.02929225054422621
1691,-0.08437765318777755,-0.10301515288979825,-0.11641286709930175,-0.035984753921045276
1692,-0.08768364179996317,-0.1029607230759124,-0.08985838597087742,-0.035984753921045276
1693,-0.0781443179750658,-0.08876965182714903,-0.11292185745759577,-0.035984753921045276
1694,-0.09297983802247416,-0.07755674666701536,-0.08095680308122316,-0.035984753921045276
1695,-0.07352558614694314,-0.07403047543050544,-0.09904694032035978,-0.035984753921045276
1696,-0.07812856562186579,-0.0680841610072918,-0.08257007934675908,-0.035984753921045276
1697,-0.06568560817414662,-0.06738650994376619,-0.07375534668525291,-0.035984753921045276
1698,-0.05628621473850314,-0.0762360810458184,-0.08888622070760872,-0.035984753921045276
1699,-0.058212366706537746,-0.056247487597773774,-0.06638940889899732,-0.035984753921045276
1700,-0.07139684439184216,-0.052898328154165515,-0.06704374506885949,-0.035984753921045276
1701,-0.050163859667669515,-0.05036299053877989,-0.0622209583179066,-0.035984753921045276
1702,-0.05113723465481562,-0.047570635143003324,-0.08426924535442201,-0.035984753921045276
1703,-0.0479849554717579,-0.042210992846602825,-0.05702211412519839,-0.035984753921045276
1704,-0.050961546477833,-0.04743033562289887,-0.05937018661929876,-0.035984753921045276
1705,-0.04187475140156467,-0.04530652526114896,-0.05108784187027686,-0.035984753921045276
1706,-0.04165165699870227,-0.03728162722133464,-0.04222234076506326,-0.035984753921045276
1707,-0.044853742320311474,-0.04435618331888962,-0.04049531933222486,-0.035984753921045276
1708,-0.03594912968811424,-0.03475159111095016,-0.03812985042905646,-0.035984753921045276
1709,-0.041533714886955904,-0.03950161355629334,-0.04931767250144808,-0.035984753921045276
1710,-0.03586837754195285,-0.03793079046400198,-0.045363613213352,-0.035984753921045276
1711,-0.031074489505382295,-0.036381417034060066,-0.046585639991627896,-0.035984753921045276
1712,-0.03771566851244038,-0.043864607274059726,-0.04122766255196508,-0.035984753921045276
1713,-0.036405005505007935,-0.0342913307137835,-0.03977541263623903,-0.035984753921045276
1714,-0.035547409736061915,-0.03249498211224728,-0.04075739190329621,-0.035984753921045276
1715,-0.024262006371442577,-0.033270244805755314,-0.041641134052916695,-0.035984753921045276
1716,-0.02871172053207682,-0.03383537331257114,-0.046030428587288716,-0.035984753921045276
1717,-0.031853358329924676,-0.0332133775211874,-0.039545131157621934,-0.035984753921045276
1718,-0.0322965068834478,-0.04454577865262301,-0.04287747874621787,-0.035984753921045276
1719,-0.033289566993194804,-0.03758490484766482,-0.04299186271693014,-0.035984753921045276
1720,-0.03521509212819339,-0.03396136119748486,-0.03674197750152501,-0.035984753921045276
1721,-0.03197542004185784,-0.033242406918975856,-0.04053752631847019,-0.035984753921045276
1722,-0.031047535168836002,-0.030028030649793893,-0.04775364465574635,-0.035984753921045276
1723,-0.03155458204653827,-0.03227740397250033,-0.037554151605013034,-0.035984753921045276
1724,-0.032562309522751215,-0.030609530849250863,-0.03319645170358421,-0.035984753921045276
1725,-0.03204109292551965,-0.03567173640796007,-0.04145908277540559,-0.035984753921045276
1726,-0.027133887567118996,-0.03348357782579654,-0.04101084498955147,-0.035984753921045276
1727,-0.03071559511391735,-0.030885089785788408,-0.03378851074356079,-0.035984753921045276
1728,-0.029087948388972593,-0.03319880162330304,-0.04458717681628954,-0.035984753921045276
1729,-0.02978528561071911,-0.03057912974098504,-0.042729501313193155,-0.035984753921045276
1730,-0.03366008094440621,-0.03983528379802692,-0.0378256696117871,-0.035984753921045276
1731,-0.02792141097810034,-0.028766107272602127,-0.03602016360380532,-0.035984753921045276
1732,-0.03334752164208582,-0.03171007084708552,-0.05066672906149414,-0.035984753921045276
1733,-0.03969310544983279,-0.040214575511532624,-0.03953294852768497,-0.035984753921045276
1734,-0.030591482173471254,-0.03453950142793002,-0.039453490860688216,-0.035984753921045276
1735,-0.027460783691398673,-0.030062527722319012,-0.03329535291073151,-0.035984753921045276
1736,-0.02852932037667749,-0.029845548746003654,-0.03391352100409625,-0.035984753921045276
1737,-0.030399326445437923,-0.026140624896264328,-0.03527138490395187,-0.035984753921045276
1738,-0.03176339877404883,-0.02527346822065615,-0.0396319711545924,-0.035984753921045276
1739,-0.02898745406556052,-0.029289616982849896,-0.0346513686679749,-0.035984753921045276
1740,-0.02858203665767907,-0.03146127221399327,-0.037972993342979766,-0.035984753921045276
1741,-0.03440370680117122,-0.05114020250959862,-0.038857983707619476,-0.035984753921045276
1742,-0.03440184853720695,-0.03628598833023547,-0.036725790368706566,-0.035984753921045276
1743,-0.028242753523252617,-0.029385090690068182,-0.043589488939159815,-0.035984753921045276
1744,-0.027780140278345966,-0.031925423612856524,-0.04077148786000485,-0.035984753921045276
1745,-0.025477135533832126,-0.030530089549611356,-0.034935294437368015,-0.035984753921045276
1746,-0.04588614702551796,-0.042907027701577574,-0.062054225148342565,-0.035984753921045276
1747,-0.0351196835201796,-0.04474929930627444,-0.05315677428747785,-0.035984753921045276
1748,-0.04152749436948289,-0.038735325265367195,-0.05148409023770832,-0.035984753921045276
1749,-0.04093515899305124,-0.06034285093750306,-0.04492712989508573,-0.035984753921045276
1750,-0.036428747469302566,-0.043093302943063405,-0.05203316005377248,-0.035984753921045276
1751,-0.035422977187821794,-0.05107592266179544,-0.057739086909049,-0.035984753921045276
1752,-0.039610526128080754,-0.039192379391224975,-0.04636480127340324,-0.035984753921045276
1753,-0.036251608987301,-0.04331276308771272,-0.06402726790726007,-0.035984753921045276
1754,-0.0496175955377476,-0.04413710058481922,-0.037985486819456876,-0.035984753921045276
1755,-0.04236920835699032,-0.04444441608764877,-0.042292749599753474,-0.035984753921045276
1756,-0.046548513477376055,-0.06562585276849627,-0.04733678393591704,-0.035984753921045276
1757,-0.03698753624670804,-0.04006366355473768,-0.04787081056119685,-0.035984753921045276
1758,-0.040832381646743576,-0.03585755401056514,-0.05274306510433915,-0.035984753921045276
1759,-0.049415697318513176,-0.03978934903392608,-0.0440976973726041,-0.035984753921045276
1760,-0.0406835811968098,-0.03741832516905933,-0.04435790686356123,-0.035984753921045276
1761,-0.037054730372763175,-0.04720221977018398,-0.04113738850104203,-0.035984753921045276
1762,-0.040012842628487415,-0.04071375166805372,-0.04229645239651101,-0.035984753921045276
1763,-0.030785625613757892,-0.03344300952609436,-0.05479199771746328,-0.035984753921045276
1764,-0.03782312535451622,-0.038250494815772376,-0.04057998981877334,-0.035984753921045276
1765,-0.027471190409719005,-0.031029320811502715,-0.03871328426901563,-0.035984753921045276
1766,-0.04094866794746929,-0.02968382434518346,-0.03775971994263148,-0.035984753921045276
1767,-0.0350641667093444,-0.028834196271011355,-0.044379454521891765,-0.035984753921045276
1768,-0.03350944973555301,-0.03814660592849948,-0.05297793006478573,-0.035984753921045276
1769,-0.03368865958096838,-0.041819026726354826,-0.04503790300787823,-0.035984753921045276
1770,-0.03393413292736293,-0.03023402434722993,-0.03715429580063833,-0.035984753921045276
1771,-0.03632659701354207,-0.03970546614459053,-0.04109233777549791,-0.035984753921045276
1772,-0.041608555653663816,-0.035388881438528155,-0.038193844284014726,-0.035984753921045276
1773,-0.029253898220948666,-0.035221483161512815,-0.04314440892905351,-0.035984753921045276
1774,-0.03473212686438584,-0.0453469265505942,-0.03611747957392778,-0.035984753921045276
1775,-0.028097764876072896,-0.03206040261390874,-0.04314579583501658,-0.035984753921045276
1776,-0.03675116612279393,-0.02956777106503694,-0.03622715696735407,-0.035984753921045276
1777,-0.03381220569392606,-0.037553877316512684,-0.034043830315017794,-0.035984753921045276
1778,-0.02579657199246493,-0.03188333696400002,-0.03078048730731884,-0.035984753921045276
1779,-0.025557876796489545,-0.034819383716134494,-0.03545660038545667,-0.035984753921045276
1780,-0.02636017535590696,-0.027679861642161532,-0.02990904820388059,-0.035984753921045276
1781,-0.025404214563385232,-0.0287789507839464,-0.03749973147930016,-0.035984753921045276
1782,-0.03318786117521194,-0.02933802129528951,-0.031449046622065505,-0.035984753921045276
1783,-0.033135088313204566,-0.03096145505509211,-0.03218641320422926,-0.035984753921045276
1784,-0.0306322383812495,-0.02960472694298299,-0.029958060702135487,-0.035984753921045276
1785,-0.02466051624095231,-0.027850847191967332,-0.032462636596944656,-0.035984753921045276
1786,-0.025889604429539106,-0.028318344153459445,-0.036325045155737284,-0.035984753921045276
1787,-0.03453333686725014,-0.03516602217426926,-0.04845079428440718,-0.035984753921045276
1788,-0.043580013004878806,-0.045454222672620025,-0.03703473294359062,-0.035984753921045276
1789,-0.034243485793245446,-0.040285955416380824,-0.04740065254617449,-0.035984753921045276
1790,-0.03784505540866739,-0.038103915766399946,-0.04448743677388981,-0.035984753921045276
1791,-0.03182041673245968,-0.03719596975031553,-0.04628627679146893,-0.035984753921045276
1792,-0.03880418391833473,-0.041105537245613645,-0.04017698030472298,-0.035984753921045276
1793,-0.046115136980963846,-0.04019596754477335,-0.0445856948506344,-0.035984753921045276
1794,-0.038067117173153725,-0.03572672407722863,-0.03657981582197313,-0.035984753921045276
1795,-0.02814646590059553,-0.033199378410583354,-0.04700387626161641,-0.035984753921045276
1796,-0.03170999334739171,-0.029605765511432222,-0.0500001038196784,-0.035984753921045276
1797,-0.03200139127302478,-0.031529619421844006,-0.04097293866984162,-0.035984753921045276
1798,-0.033638395644166784,-0.03786637468146895,-0.051984094036739245,-0.035984753921045276
1799,-0.036822851170184814,-0.03228890402127008,-0.043475248058583396,-0.035984753921045276
1800,-0.03011619141059834,-0.03522204540951737,-0.04307671031895235,-0.035984753921045276
1801,-0.02780226213286887,-0.031503877538269456,-0.03708132013507401,-0.035984753921045276
1802,-0.02724480664362535,-0.032124870847099564,-0.03705212234403146,-0.035984753921045276
1803,-0.029818637954898836,-0.030230594252120626,-0.041972774767004103,-0.035984753921045276
1804,-0.030624724075431584,-0.03278126639987773,-0.03413988756956327,-0.035984753921045276
1805,-0.029464156715072028,-0.033809289388725676,-0.04566714589342321,-0.035984753921045276
1806,-0.030467343870355663,-0.03217134296271901,-0.03724150977046381,-0.035984753921045276
1807,-0.033785146174032096,-0.032271396508725236,-0.0319042603853955,-0.035984753921045276
1808,-0.03504964866582052,-0.031643080956587404,-0.032206972619324294,-0.035984753921045276
1809,-0.03268376727971701,-0.037425731132744805,-0.05115929744366694,-0.035984753921045276
1810,-0.03370957314180147,-0.03346140828913262,-0.04109025665329053,-0.035984753921045276
1811,-0.03022330932047219,-0.038482262024995266,-0.03875632429487816,-0.035984753921045276
1812,-0.03260632507423185,-0.034991080202878125,-0.0360579637335163,-0.035984753921045276
1813,-0.03259316335928295,-0.026105697632164738,-0.03569740312493211,-0.035984753921045276
1814,-0.043218123866315517,-0.03061446968706602,-0.03459760875210798,-0.035984753921045276
1815,-0.03670053308288468,-0.035351236460178945,-0.048909893334363796,-0.035984753921045276
1816,-0.028643105040972887,-0.03799614552915543,-0.05150831704331689,-0.035984753921045276
1817,-0.030969160172628213,-0.03784102331652665,-0.034964860586223924,-0.035984753921045276
1818,-0.027393122797923015,-0.02812182607745765,-0.03655521268031448,-0.035984753921045276
1819,-0.027714518464389538,-0.04026915714433314,-0.047390147174890936,-0.035984753921045276
1820,-0.03459728459795912,-0.027515955696140286,-0.03711105366921422,-0.035984753921045276
1821,-0.026289562365296202,-0.024867588476800716,-0.04243977551128717,-0.035984753921045276
1822,-0.02698898400078177,-0.034671523042841844,-0.03541516382366695,-0.035984753921045276
1823,-0.02524525394327479,-0.03512164723392696,-0.032078345075043785,-0.035984753921045276
1824,-0.024942191224392552,-0.02848632773010566,-0.03584394061634428,-0.035984753921045276
1825,-0.031068965168017,-0.029491585517874508,-0.03168965831191056,-0.035984753921045276
1826,-0.026101071311878915,-0.02959340365773144,-0.029896245463280496,-0.035984753921045276
1827,-0.02728038557263238,-0.023655557957902792,-0.03581789567831796,-0.035984753921045276
1828,-0.025387230604905685,-0.0308351348687861,-0.03533578801566076,-0.035984753921045276
1829,-0.025361056570902308,-0.0269260870662167,-0.03967215306343484,-0.035984753921045276
1830,-0.03328877101459609,-0.033397973358005276,-0.034814336488987414,-0.035984753921045276
1831,-0.029261249135366034,-0.03283779176977982,-0.031687844102727854,-0.035984753921045276
1832,-0.026460752300461982,-0.027981942318806824,-0.05146939814027337,-0.035984753921045276
1833,-0.028240013583032776,-0.036165632202718914,-0.04199408371527272,-0.035984753921045276
1834,-0.02856737620314101,-0.0334022147216906,-0.039130760678134195,-0.035984753921045276
1835,-0.030852799588273926,-0.03239143245109153,-0.04822720361528264,-0.035984753921045276
1836,-0.03170040097063682,-0.042062340019025854,-0.03693464996397197,-0.035984753921045276
1837,-0.028817573431352415,-0.03894521881754864,-0.03665735932341875,-0.035984753921045276
1838,-0.033763782335848654,-0.03008357584487151,-0.03439570932493396,-0.035984753921045276
1839,-0.029868445652719643,-0.02530641015529832,-0.034253647144118965,-0.035984753921045276
1840,-0.029453466124829575,-0.032918031250986225,-0.03840385208591467,-0.035984753921045276
1841,-0.026272371824019435,-0.031530369222893685,-0.03441392413958121,-0.035984753921045276
1842,-0.028617052872589605,-0.029856263811515012,-0.038852210249114436,-0.035984753921045276
1843,-0.023705921051026944,-0.028762032773318194,-0.028009307446918673,-0.035984753921045276
1844,-0.03368541562345125,-0.037294666007572176,-0.04174830041077091,-0.035984753921045276
1845,-0.02560512730771234,-0.034859051714589855,-0.035309415363317304,-0.035984753921045276
1846,-0.031021711517301518,-0.023557379186462283,-0.03200374561638001,-0.035984753921045276
1847,-0.02976306210932174,-0.028963924975767007,-0.040274082875784864,-0.035984753921045276
1848,-0.029668416865880523,-0.026979861551046622,-0.03526611641644969,-0.035984753921045276
1849,-0.034194723306840744,-0.037177684032755016,-0.0301431651483339,-0.035984753921045276
1850,-0.02884683700940774,-0.02804800071623917,-0.03761416325139367,-0.035984753921045276
1851,-0.02562970125340646,-0.040150940953290935,-0.0479925373776916,-0.035984753921045276
1852,-0.026838614195873408,-0.030818014731534154,-0.028886567214784026,-0.035984753921045276
1853,-0.026364552461892697,-0.029326640617687968,-0.03111655924047307,-0.035984753921045276
1854,-0.026091019889106053,-0.028079670244485547,-0.031389053681599506,-0.035984753921045276
1855,-0.02387554689242726,-0.02751777379785309,-0.03092371907158602,-0.035984753921045276
1856,-0.028252550522143517,-0.029314387376731282,-0.02907176855737306,-0.035984753921045276
1857,-0.023754067182626185,-0.02730444257363506,-0.044553815245993424,-0.035984753921045276
1858,-0.026703247500557234,-0.026381839214172156,-0.03215940348510742,-0.035984753921045276
1859,-0.022646932811871027,-0.026392583516019405,-0.04304216134612719,-0.035984753921045276
1860,-0.02622713537600539,-0.03250811361617845,-0.030474073009440012,-0.035984753921045276
1861,-0.026628251683928458,-0.024804416573425,-0.038311214015770374,-0.035984753921045276
1862,-0.02322067927792914,-0.02342713806275751,-0.032986164245006215,-0.035984753921045276
1863,-0.020924691363167113,-0.028592684253863805,-0.028346652715192874,-0.035984753921045276
1864,-0.02205760673655131,-0.026834822791173545,-0.028780911363441086,-0.035984753921045276
1865,-0.024211798064445504,-0.027114046567668932,-0.022262713391383113,-0.035984753921045276
1866,-0.022295391219281684,-0.024549182213023883,-0.029632979312076466,-0.035984753921045276
1867,-0.022696934754605276,-0.02754351481955968,-0.03063891926192728,-0.035984753921045276
1868,-0.026646551383703383,-0.026466242382217148,-0.031737632565035465,-0.035984753921045276
1869,-0.028519919277666984,-0.029379860402699555,-0.03613084419446646,-0.035984753921045276
1870,-0.03334361205758345,-0.03390196966527688,-0.03285195503932105,-0.035984753921045276
1871,-0.03492181080131611,-0.027273088497059013,-0.03709706137240664,-0.035984753921045276
1872,-0.023506382739365575,-0.024696168366976256,-0.03312144984157494,-0.035984753921045276
1873,-0.023887034753801554,-0.026713606863134932,-0.03370082019904278,-0.035984753921045276
1874,-0.026474319971153747,-0.02904856742569732,-0.03857955841369098,-0.035984753921045276
1875,-0.022585333190907834,-0.026549979053760577,-0.03428203348115478,-0.035984753921045276
1876,-0.02366096140372206,-0.029862252013141615,-0.050002529268495355,-0.035984753921045276
1877,-0.023699109900726045,-0.026649537573975767,-0.04864200121990301,-0.035984753921045276
1878,-0.024502866059517805,-0.028254760593057,-0.03789720318366665,-0.035984753921045276
1879,-0.02506090448567121,-0.027908677968839044,-0.04192502535427969,-0.035984753921045276
1880,-0.028784948951304824,-0.03241835071885981,-0.04021099853129765,-0.035984753921045276
1881,-0.029371570837986635,-0.033004665835828284,-0.035728161377348085,-0.035984753921045276
1882,-0.025258755172605774,-0.026584551191006497,-0.03177927860789201,-0.035984753921045276
1883,-0.040010901049923525,-0.03758107589963663,-0.05526517100293031,-0.035984753921045276
1884,-0.02982710196395808,-0.03348659225008373,-0.04154105632682481,-0.035984753921045276
1885,-0.029250312038468756,-0.03193569762739744,-0.03318339118818996,-0.035984753921045276
1886,-0.02703061829747998,-0.028403297385478365,-0.03491777832668495,-0.035984753921045276
1887,-0.02662504466364898,-0.03131448897835021,-0.03736538588094354,-0.035984753921045276
1888,-0.023243556423177256,-0.026650780937951177,-0.0467211727145932,-0.035984753921045276
1889,-0.029070675260902665,-0.026633027853126778,-0.03607286043107763,-0.035984753921045276
1890,-0.02946356553654459,-0.026700151051267107,-0.03717548518356588,-0.035984753921045276
1891,-0.02640781535710226,-0.027575853756394687,-0.037405518278853196,-0.035984753921045276
1892,-0.029327888567159576,-0.02572858447396219,-0.03767179112898543,-0.035984753921045276
1893,-0.024827623595073883,-0.03317855645257344,-0.0388742828397313,-0.035984753921045276
1894,-0.025853687273943778,-0.024567290383357112,-0.037322577445999094,-0.035984753921045276
1895,-0.028001415960082297,-0.026277039178011323,-0.04187864664603607,-0.035984753921045276
1896,-0.022727517689976887,-0.03577592103202238,-0.030457441936219017,-0.035984753921045276
1897,-0.026414077691249777,-0.02572369200437341,-0.030701121795684547,-0.035984753921045276
1898,-0.024846111712547345,-0.0276410025147616,-0.030729608693914844,-0.035984753921045276
1899,-0.02393550406242486,-0.030154071653376403,-0.030860869395439538,-0.035984753921045276
1900,-0.022937801045303716,-0.025176002796155346,-0.0297002564613252,-0.035984753921045276
1901,-0.021696919900813624,-0.02319716445412893,-0.03986603544582194,-0.035984753921045276
1902,-0.023089746436873334,-0.027922245112212044,-0.026517028552195798,-0.035984753921045276
1903,-0.02373828989553007,-0.02475205659385027,-0.03238540931482143,-0.035984753921045276
1904,-0.03145410442025166,-0.028621317801075245,-0.03569565843464095,-0.035984753921045276
1905,-0.024425457577669143,-0.029304751216672205,-0.03797676757562715,-0.035984753921045276
1906,-0.023658270521015424,-0.03190525008714131,-0.029367085867999798,-0.035984753921045276
1907,-0.04518619752363313,-0.05220289204874502,-0.05898124355804398,-0.035984753921045276
1908,-0.038074922057287075,-0.0566267466732662,-0.04983114431783384,-0.035984753921045276
1909,-0.03511384862007344,-0.04176703637564144,-0.04409443094330076,-0.035984753921045276
1910,-0.03549451558097417,-0.04665376251323945,-0.038981585782640535,-0.035984753921045276
1911,-0.02902731815073046,-0.04041486979958374,-0.04475051666644406,-0.035984753921045276
1912,-0.029778936065620473,-0.034001968147440095,-0.033783275377682255,-0.035984753921045276
1913,-0.027822285560981774,-0.027516340893002506,-0.04850627683802595,-0.035984753921045276
1914,-0.02428938432614891,-0.02523283260767161,-0.052486146734645536,-0.035984753921045276
1915,-0.041066600766811116,-0.031894965524259515,-0.03702707942177881,-0.035984753921045276
1916,-0.03200932172321875,-0.03189298887848433,-0.03690257510835651,-0.035984753921045276
1917,-0.028741220064745665,-0.029502722944897797,-0.037972697827694996,-0.035984753921045276
1918,-0.030599036172581005,-0.03070449542440819,-0.030818555039014903,-0.035984753921045276
1919,-0.02687671102549201,-0.023775576897493943,-0.04538650621556339,-0.035984753921045276
1920,-0.023646263836408332,-0.045922225055512474,-0.03843602006133937,-0.035984753921045276
1921,-0.03001192892591631,-0.028063271206297213,-0.03130714285243273,-0.035984753921045276
1922,-0.02658878517466007,-0.03362459403354517,-0.0402476642636812,-0.035984753921045276
1923,-0.025685476649204363,-0.02665494790962157,-0.03218386878104151,-0.035984753921045276
1924,-0.03088440430325729,-0.03705013305708015,-0.04895542500005501,-0.035984753921045276
1925,-0.035820212546903284,-0.03319438956058339,-0.04515650749731244,-0.035984753921045276
1926,-0.029219455843177398,-0.047286484779221635,-0.04686423361450325,-0.035984753921045276
1927,-0.03289300977603033,-0.03862354698672811,-0.05145438374883197,-0.035984753921045276
1928,-0.030591365678611645,-0.03561727937966664,-0.04063205409736932,-0.035984753921045276
1929,-0.028364872436197546,-0.03595944610828346,-0.05731527354307057,-0.035984753921045276
1930,-0.027490214313945213,-0.03111981907093187,-0.03929651703295555,-0.035984753921045276
1931,-0.028915084777462154,-0.042185204559252884,-0.03936041060601192,-0.035984753921045276
1932,-0.023349323743713384,-0.04200624699290652,-0.039766670683222025,-0.035984753921045276
1933,-0.024472102113282122,-0.030923096349127033,-0.0421356349812811,-0.035984753921045276
1934,-0.02519824492952437,-0.02262143842592493,-0.03400190824493744,-0.035984753921045276
1935,-0.026073316410056842,-0.026395321025072645,-0.03644498453488842,-0.035984753921045276
1936,-0.02794953997699996,-0.0400896201276706,-0.02838982480353694,-0.035984753921045276
1937,-0.022635670725636072,-0.032478527191731006,-0.03252318103839529,-0.035984753921045276
1938,-0.0273847538048221,-0.031533903795589416,-0.03945377674630713,-0.035984753921045276
1939,-0.02607443756493868,-0.02898059414230034,-0.030391466037697476,-0.035984753921045276
1940,-0.022698989852453368,-0.03070521314365921,-0.03562951345221208,-0.035984753921045276
1941,-0.02378869357862565,-0.023347795205396787,-0.03332226862282533,-0.035984753921045276
1942,-0.023640949607346733,-0.027472163106317168,-0.031864265942999535,-0.035984753921045276
1943,-0.023726063253947063,-0.0331330585525406,-0.03636225670167275,-0.035984753921045276
1944,-0.025880564064645423,-0.03035030615060974,-0.03917802233911552,-0.035984753921045276
1945,-0.02551112553786989,-0.033318360672270536,-0.035890368596061026,-0.035984753921045276
1946,-0.02368759904773876,-0.02771518146977083,-0.03681666374374413,-0.035984753921045276
1947,-0.02886540073439658,-0.028998170279196347,-0.03863484497937521,-0.035984753921045276
1948,-0.02571041298350805,-0.03621369927360368,-0.03372045764546297,-0.035984753921045276
1949,-0.026760508193433966,-0.03045589746257715,-0.04603829893876738,-0.035984753921045276
1950,-0.02698442646098464,-0.0259836716760787,-0.030077862449276186,-0.035984753921045276
1951,-0.02431403626321223,-0.02522333455484804,-0.037364700963784886,-0.035984753921045276
1952,-0.027239967644961404,-0.025475570243556327,-0.032291281610365,-0.035984753921045276
1953,-0.026989687907262902,-0.028597345212624994,-0.040244612825357115,-0.035984753921045276
1954,-0.026136951306544167,-0.02836051774957809,-0.034102226509050634,-0.035984753921045276
1955,-0.0314830845740808,-0.03300167118841758,-0.039642196165935235,-0.035984753921045276
1956,-0.02832577756143502,-0.03331328015420981,-0.03923149653759549,-0.035984753921045276
1957,-0.03408914856248139,-0.03119920141638684,-0.04715963280089694,-0.035984753921045276
1958,-0.02168665841747878,-0.028682239544149418,-0.03569078145783125,-0.035984753921045276
1959,-0.02128037029138763,-0.024756609311178852,-0.03145330602557182,-0.035984753921045276
1960,-0.028452625135345994,-0.0304445754464086,-0.039163541797661294,-0.035984753921045276
1961,-0.02417442108097698,-0.04237968694139013,-0.042185584817708545,-0.035984753921045276
1962,-0.02593015753194582,-0.027540233465853076,-0.032768474830924044,-0.035984753921045276
1963,-0.022655477021780127,-0.02341496207054084,-0.026792323314834207,-0.035984753921045276
1964,-0.03211925320047659,-0.02751371699815467,-0.03686973384090183,-0.035984753921045276
1965,-0.025645555747796017,-0.026927926759635696,-0.03598100597574479,-0.035984753921045276
1966,-0.023482470158200864,-0.026709817333984722,-0.027902985416486874,-0.035984753921045276
1967,-0.024570448061097608,-0.023022015578118286,-0.026088029827697215,-0.035984753921045276
1968,-0.02419577620436322,-0.027163391882620895,-0.03433371492141827,-0.035984753921045276
1969,-0.02530548375390982,-0.025376238213448338,-0.03408579797214655,-0.035984753921045276
1970,-0.024642275063909487,-0.02236150868258076,-0.03194387512018912,-0.035984753921045276
1971,-0.02547618146276984,-0.023657970911820207,-0.034962503109374765,-0.035984753921045276
1972,-0.021294461264372302,-0.023603543706385097,-0.023790789633467573,-0.035646516056734925
1973,-0.02332788737447653,-0.022986797397544105,-0.03218855256191354,-0.035646516056734925
1974,-0.023649177778046374,-0.02202448681744898,-0.03252765065989623,-0.035646516056734925
1975,-0.022295888689751995,-0.021247855324718953,-0.034800485366061576,-0.035646516056734925
1976,-0.019719403180703685,-0.022917006467240958,-0.023763451744900382,-0.035646516056734925
1977,-0.020311955417430038,-0.02670038804012263,-0.02846315200364933,-0.035646516056734925
1978,-0.024060331127525994,-0.025753019868679727,-0.028240919281763883,-0.03547321996993507
1979,-0.02164073030799327,-0.025079003323765895,-0.03961764078049051,-0.03547321996993507
1980,-0.020149392997792098,-0.01919747320042663,-0.02958318593076952,-0.03547321996993507
1981,-0.02309303905712407,-0.024501385874042752,-0.029525767616444192,-0.03547321996993507
1982,-0.019013803537095097,-0.02139748601814686,-0.03027687032962507,-0.03547321996993507
1983,-0.020107577128423634,-0.01936866998323742,-0.027688342069205972,-0.03547321996993507
1984,-0.0191426152557519,-0.025140808856364223,-0.029975862950496437,-0.03547321996993507
1985,-0.024062191141101977,-0.024774441337237545,-0.024910303207456984,-0.03547321996993507
1986,-0.02177464982698926,-0.028713388694401088,-0.027924686792752073,-0.03547321996993507
1987,-0.0220138161338862,-0.02848996727100191,-0.03319370477339004,-0.03547321996993507
1988,-0.03391620122674829,-0.034453395318171966,-0.028509947675288305,-0.03547321996993507
1989,-0.023052276889823788,-0.02565772862603741,-0.031120455459180928,-0.03547321996993507
1990,-0.029438157976850312,-0.03156215660277436,-0.030868079672718877,-0.03547321996993507
1991,-0.028134794061763814,-0.03372252273917731,-0.03373390448091021,-0.03547321996993507
1992,-0.028857073841653487,-0.032646187217750845,-0.053493889827901986,-0.03547321996993507
1993,-0.02830005260303747,-0.025618891520891324,-0.03905118808829785,-0.03547321996993507
1994,-0.021416640340148736,-0.02743775707577482,-0.03587822296786644,-0.03547321996993507
1995,-0.024455592494892205,-0.027923122080722094,-0.033454613349270385,-0.03547321996993507
1996,-0.030979795926567143,-0.02827266263411538,-0.02675909362643805,-0.03547321996993507
1997,-0.02304434047475149,-0.023705397764897992,-0.02596627586391399,-0.03547321996993507
1998,-0.02632504929758657,-0.023278281117863935,-0.03080831423232823,-0.03547321996993507
1999,-0.03318903930525541,-0.020587674351110277,-0.025371800779962057,-0.03547321996993507
2000,-0.02074883079811525,-0.0231420571955159,-0.030087050885420522,-0.03547321996993507
2001,-0.020028403879980176,-0.02260809811947288,-0.024793412854484397,-0.03547321996993507
2002,-0.023195953332078408,-0.02059973245610229,-0.025929914599232693,-0.03547321996993507
2003,-0.024123960307312807,-0.03137933127929991,-0.029453029176816515,-0.03547321996993507
2004,-0.030830231791258038,-0.02808221471034,-0.03180688040514842,-0.03547321996993507
2005,-0.022849768245890457,-0.027391941850578586,-0.03661155617279542,-0.03547321996993507
2006,-0.0205126168321014,-0.028987290274506725,-0.04403247270173725,-0.03547321996993507
2007,-0.02411614361716515,-0.0290851865112906,-0.03875153336661403,-0.03547321996993507
2008,-0.02750768398926074,-0.03019949473498231,-0.03643974114416199,-0.03547321996993507
2009,-0.024268723483262936,-0.022794667956149896,-0.02827821127003268,-0.03547321996993507
2010,-0.027535393849913666,-0.023761003898253457,-0.034634495677922844,-0.03547321996993507
2011,-0.024725836913882967,-0.02171619073082301,-0.031185692442848585,-0.03547321996993507
2012,-0.02099747674339882,-0.022858513994408563,-0.02867368377448937,-0.03547321996993507
2013,-0.020652826417204055,-0.02368890610419889,-0.024538260814748327,-0.03547321996993507
2014,-0.023779360613341134,-0.022153140762185042,-0.02598218834947952,-0.03547321996993507
2015,-0.02485957670365381,-0.02348340666128962,-0.035187694989427684,-0.03547321996993507
2016,-0.018096002526293183,-0.021397198527827045,-0.020868905725357427,-0.03547321996993507
2017,-0.01947890637692165,-0.027956949746806833,-0.02536462900526004,-0.03547321996993507
2018,-0.0211067635386545,-0.032477881548783914,-0.03612324460756439,-0.03547321996993507
2019,-0.024107748489383185,-0.019404299064730606,-0.03268031977581026,-0.03547321996993507
2020,-0.020781900115178817,-0.026844739912160187,-0.031373122037717624,-0.03547321996993507
2021,-0.021878447792715916,-0.021214618592436382,-0.022860153522090084,-0.03547321996993507
2022,-0.025424975345954646,-0.024258616555782334,-0.03283892574927109,-0.03547321996993507
2023,-0.02702768127974184,-0.025697621633333025,-0.027563656963694495,-0.03547321996993507
2024,-0.021050262143421445,-0.023148109278150544,-0.024738691744635277,-0.03547321996993507
2025,-0.025001696652393567,-0.024799976002507246,-0.036183698409332166,-0.03547321996993507
2026,-0.019493647459185512,-0.024939175059105853,-0.03091272309377135,-0.03547321996993507
2027,-0.020516199206382483,-0.03391174335482871,-0.022075831715526312,-0.03547321996993507
2028,-0.023762265266363315,-0.02612254433354811,-0.03143104355307446,-0.03547321996993507
2029,-0.017100984658950852,-0.02551922600313444,-0.02435305719016345,-0.03547321996993507
2030,-0.02228530397805799,-0.021957589668407128,-0.026441231751245905,-0.03547321996993507
2031,-0.019381011741723336,-0.019100087621526825,-0.026571564245982855,-0.03547321996993507
2032,-0.01927130167451548,-0.018832895886566836,-0.030934655365399334,-0.03547321996993507
2033,-0.024743200552921677,-0.028422072074892925,-0.0349519975569694,-0.03547321996993507
2034,-0.022972361367647322,-0.023780313046474835,-0.021490986849226398,-0.03547321996993507
2035,-0.01980482418366446,-0.023194657232240068,-0.02817730230340984,-0.03547321996993507
2036,-0.024690288572397755,-0.023545711818899452,-0.023075888938356555,-0.03547321996993507
2037,-0.021194842065961988,-0.02023103115087664,-0.026900628310095133,-0.03547321996993507
2038,-0.019467415168603102,-0.019070526904121737,-0.023893679486420925,-0.03547321996993507
2039,-0.024836420714624764,-0.021830865201128223,-0.022949652468947396,-0.03547321996993507
2040,-0.019291434089891764,-0.022540836609733023,-0.02576949842099642,-0.03547321996993507
2041,-0.016727592657550805,-0.019366075990286613,-0.01913803435400629,-0.03547321996993507
2042,-0.024636572503823978,-0.020377873021239595,-0.02711482379714861,-0.03547321996993507
2043,-0.02427312209671686,-0.020305629151564565,-0.027573947707612602,-0.03547321996993507
2044,-0.021191417801066283,-0.01659120524926054,-0.026001131633071807,-0.03547321996993507
2045,-0.02260159673965454,-0.020475809461380293,-0.02384046695105474,-0.03547321996993507
2046,-0.01802525412140215,-0.020707811606451472,-0.023860001942481567,-0.03547321996993507
2047,-0.01726379192737352,-0.028477422961937653,-0.025648349773833377,-0.03547321996993507
2048,-0.02300206838945346,-0.018662830065889802,-0.021476945168879706,-0.03547321996993507
2049,-0.015162936747956735,-0.01627466749236156,-0.024560297874283498,-0.03547321996993507
2050,-0.016443508328699567,-0.020848459509093514,-0.024077883640701164,-0.03547321996993507
2051,-0.020716570798750625,-0.024215859809399637,-0.028795304275889198,-0.03547321996993507
2052,-0.019216316375937254,-0.01873087776295762,-0.024693179613506956,-0.03547321996993507
2053,-0.017316228711021894,-0.020685022370898986,-0.03677700036944085,-0.03547321996993507
2054,-0.02325355511572356,-0.02001384139266768,-0.023746318943180425,-0.03547321996993507
2055,-0.019867969793674948,-0.04172242212713945,-0.031527341537503105,-0.03547321996993507
2056,-0.029216192516663398,-0.02367572437816242,-0.02581373689441562,-0.03547321996993507
2057,-0.020396626264867528,-0.02349670867009972,-0.03051704625691486,-0.03547321996993507
2058,-0.022294385880072133,-0.02454257401743894,-0.03540221992821695,-0.03547321996993507
2059,-0.018760423571074422,-0.022385562403003528,-0.029153723403541623,-0.03547321996993507
2060,-0.01720142109828329,-0.023599832984818714,-0.022911791516535843,-0.03547321996993507
2061,-0.019400134499667904,-0.020235481211247765,-0.03593589630890473,-0.03547321996993507
2062,-0.02888890467248805,-0.01965850112436831,-0.02287318568859082,-0.03547321996993507
2063,-0.025078789338413725,-0.022106490624151477,-0.031284022163408275,-0.03547321996993507
2064,-0.018653979570143333,-0.023893351051456208,-0.030227638130127642,-0.03547321996993507
2065,-0.02302096316298339,-0.026808103162925586,-0.025390482518962487,-0.03547321996993507
2066,-0.03667692168867342,-0.036469461104058486,-0.03477069729495245,-0.03547321996993507
2067,-0.021402705245161538,-0.024825020261803374,-0.0413774794131388,-0.03547321996993507
2068,-0.02330391539223528,-0.031214928013339457,-0.03207853799610579,-0.03547321996993507
2069,-0.020609949429638164,-0.028755009466455674,-0.025951099853703804,-0.03547321996993507
2070,-0.02142484694339483,-0.021862615651592785,-0.022234024333037047,-0.03547321996993507
2071,-0.02067943588351602,-0.02970631243344722,-0.03213769915229333,-0.03547321996993507
2072,-0.022831169711628258,-0.02225826964229208,-0.023283411298563823,-0.03547321996993507
2073,-0.022841878385174794,-0.02203318904850022,-0.028924436013328496,-0.03547321996993507
2074,-0.018323610165959604,-0.02373216984023355,-0.020427776394553312,-0.03547321996993507
2075,-0.025171704653437692,-0.018945234191390225,-0.030574094067607596,-0.03547321996993507
2076,-0.025338288571861822,-0.03008123431306736,-0.022568769781238146,-0.03547321996993507
2077,-0.028926280972028217,-0.02717099451940687,-0.0225362900718768,-0.03547321996993507
2078,-0.022726208961976576,-0.029722027186643043,-0.029353245876867516,-0.03547321996993507
2079,-0.019829158826558477,-0.023148314363232097,-0.02524755377194675,-0.035395620066907996
2080,-0.03014044940637774,-0.021671785665524197,-0.02063515159002929,-0.035395620066907996
2081,-0.017690349092390804,-0.026420912892962577,-0.02667553720311026,-0.035395620066907996
2082,-0.018796328015389975,-0.019539507080286657,-0.04287887874624701,-0.035395620066907996
2083,-0.022414177350079886,-0.017592156903730373,-0.02615018877458239,-0.035395620066907996
2084,-0.0181476329940384,-0.021947153870854184,-0.033113826567620054,-0.035395620066907996
2085,-0.015532626073029533,-0.029890067822515614,-0.022983673975863313,-0.035395620066907996
2086,-0.029118797446427234,-0.020221726980877357,-0.023631038132888832,-0.035395620066907996
2087,-0.028323428903125846,-0.02456132874492094,-0.025411225902918083,-0.035395620066907996
2088,-0.016368489484045498,-0.019411823189496184,-0.02576300160860108,-0.035395620066907996
2089,-0.017053352342160464,-0.021161295636620475,-0.025565963378014832,-0.035395620066907996
2090,-0.019165042908601753,-0.024223571736725222,-0.022443052276682,-0.035395620066907996
2091,-0.018819153022969656,-0.028972980664318755,-0.03280679736192853,-0.035395620066907996
2092,-0.018419011564042465,-0.0215357826236899,-0.04238092960768298,-0.035395620066907996
2093,-0.02702314217710038,-0.023768018587763038,-0.024262110237000537,-0.035395620066907996
2094,-0.01939012817646467,-0.022386607901971025,-0.0257013662905187,-0.035395620066907996
2095,-0.02445230878396626,-0.024904237932575166,-0.03091337323167153,-0.035395620066907996
2096,-0.028694175169105517,-0.02455370854160297,-0.03516673981864004,-0.035395620066907996
2097,-0.025630253003882875,-0.018670355697879785,-0.025758992754402705,-0.035395620066907996
2098,-0.019677032061460837,-0.017809260706896236,-0.028408549948183166,-0.035395620066907996
2099,-0.028451608696975144,-0.02272775456586606,-0.03422138114996128,-0.035395620066907996
2100,-0.02262628959839861,-0.0269049953370872,-0.0298235685010194,-0.035395620066907996
2101,-0.01850113029388173,-0.020228770047232145,-0.02106218429146308,-0.035395620066907996
2102,-0.01938016101967808,-0.023311711963175708,-0.029586797614862995,-0.035395620066907996
2103,-0.018747995110225384,-0.020589295273306486,-0.02457926879472275,-0.035395620066907996
2104,-0.017945209329846442,-0.018490637499959692,-0.03172453106623031,-0.035395620066907996
2105,-0.01898371565607038,-0.01938304495620547,-0.031542214783490556,-0.035395620066907996
2106,-0.018294397607291287,-0.02670876610065777,-0.023459854466517802,-0.035395620066907996
2107,-0.02059825136833147,-0.01955536315116653,-0.02822062824500774,-0.035395620066907996
2108,-0.03243395106808728,-0.028539325828923417,-0.03624412078328899,-0.035395620066907996
2109,-0.028364261690635703,-0.027253697061477306,-0.03283993565903871,-0.035395620066907996
2110,-0.02573581438570148,-0.02190164359585693,-0.02843835972542965,-0.035395620066907996
2111,-0.052116444360890794,-0.05387491607841276,-0.04907869345161748,-0.035395620066907996
2112,-0.06692366640505734,-0.08040199997229144,-0.09114725153299219,-0.035395620066907996
2113,-0.1263222600635466,-0.14231165074958693,-0.1128171990289148,-0.035395620066907996
2114,-0.08163276464833216,-0.06937193129419894,-0.07913288602468249,-0.035395620066907996
2115,-0.06955981923709495,-0.06729563565145857,-0.09048825366733027,-0.035395620066907996
2116,-0.09318321924249151,-0.10445253384367983,-0.08272161783885489,-0.035395620066907996
2117,-0.044786685425804273,-0.06980227991600028,-0.06651720042370807,-0.035395620066907996
2118,-0.052318640677748586,-0.0508185276647054,-0.0609030034921088,-0.035395620066907996
2119,-0.046448916634221585,-0.06371341285876513,-0.053930436532355,-0.035395620066907996
2120,-0.04158632750716435,-0.047606110472952864,-0.04306810656370957,-0.035395620066907996
2121,-0.04030490348409788,-0.042488755891605834,-0.061752320305786666,-0.035395620066907996
2122,-0.028392961950229598,-0.044411142595048726,-0.04953393059842507,-0.035395620066907996
2123,-0.03681145203397656,-0.03532987887617539,-0.035461560754157996,-0.035395620066907996
2124,-0.03438502503705058,-0.03205679488952835,-0.030579153026267677,-0.035395620066907996
2125,-0.03076133648917279,-0.0275862429438553,-0.0598972548769021,-0.035395620066907996
2126,-0.03323864926637356,-0.03110136916677589,-0.044601154266450074,-0.035395620066907996
2127,-0.03391611175088954,-0.027157564316280983,-0.045221295209167824,-0.035395620066907996
2128,-0.037241545478658544,-0.0463233310030707,-0.044159130730853716,-0.035395620066907996
2129,-0.041546180904932076,-0.05363368872001685,-0.04941316240046225,-0.035395620066907996
2130,-0.048639739369974816,-0.03770825521584204,-0.06212438360774075,-0.035395620066907996
2131,-0.036844742219319514,-0.043636301347173445,-0.09285831684859981,-0.035395620066907996
2132,-0.03815593258482695,-0.043246169175497555,-0.05716272687555543,-0.035395620066907996
2133,-0.04646129111230143,-0.04403518591275975,-0.033086278882113664,-0.035395620066907996
2134,-0.03176654776357936,-0.04005678506380915,-0.0354081114260529,-0.035395620066907996
2135,-0.026881187014302876,-0.03308091982255842,-0.037563581669590354,-0.035395620066907996
2136,-0.034610775916969906,-0.044438451886524954,-0.034690857746419,-0.035395620066907996
2137,-0.03921142760027478,-0.04378367690083099,-0.051535666851981764,-0.035395620066907996
2138,-0.04145930253581348,-0.02978635745142153,-0.04825772078601896,-0.035395620066907996
2139,-0.03557800063892736,-0.033519541715241796,-0.03926979323132148,-0.035395620066907996
2140,-0.0333742206783383,-0.027647671857354977,-0.03878195470441165,-0.035395620066907996
2141,-0.030231373647220307,-0.027825383445702328,-0.034270839594808755,-0.035395620066907996
2142,-0.028517583034051736,-0.04013389381776249,-0.03329110693275636,-0.035395620066907996
2143,-0.026413477210161792,-0.03136707622120209,-0.03214742114747558,-0.035395620066907996
2144,-0.032845203478615685,-0.04680876863354369,-0.043168382644330434,-0.035395620066907996
2145,-0.06151299577261924,-0.06759364754431649,-0.06412357403999999,-0.035395620066907996
2146,-0.06822054370544599,-0.06228577258846421,-0.11011557777986078,-0.035395620066907996
2147,-0.10668476143756013,-0.06326748111397863,-0.08902719920088789,-0.035395620066907996
2148,-0.05607542954578498,-0.08220794559255655,-0.06546445992351044,-0.035395620066907996
2149,-0.05614902554473196,-0.04519647594697126,-0.043585856566290195,-0.035395620066907996
2150,-0.07547710108355012,-0.08645866824474684,-0.06249996117674232,-0.035395620066907996
2151,-0.03744584642605547,-0.033856092139227474,-0.03649081517510141,-0.035395620066907996
2152,-0.03743344959719753,-0.047084804202981174,-0.04706380364629543,-0.035395620066907996
2153,-0.04603842814060117,-0.054039571459941094,-0.06266313156570372,-0.035395620066907996
2154,-0.03969418791405615,-0.06045815422190622,-0.054246661785755206,-0.035395620066907996
2155,-0.04651874308239445,-0.07977647019451242,-0.04734303481215379,-0.035395620066907996
2156,-0.051839698129070896,-0.06335496859152573,-0.06979208075585612,-0.035395620066907996
2157,-0.047486957531813624,-0.04007204219816042,-0.060934971049892615,-0.035395620066907996
2158,-0.06533551202837995,-0.04766474842135692,-0.07757740210184451,-0.035395620066907996
2159,-0.051796324777225004,-0.06685998542657869,-0.059457199956290466,-0.035395620066907996
2160,-0.03836582958329745,-0.04397461416001215,-0.04722278441865,-0.035395620066907996
2161,-0.03735269434520333,-0.054786598842744685,-0.036399443833430765,-0.035395620066907996
2162,-0.03430941176941536,-0.0491081373109088,-0.03576120326532229,-0.035395620066907996
2163,-0.028654958634757588,-0.03595506698496334,-0.03620253557771028,-0.035395620066907996
2164,-0.035722095400622086,-0.04307820842520446,-0.04497013109186448,-0.035395620066907996
2165,-0.024391840262833316,-0.032410239936124505,-0.03562622111770433,-0.035395620066907996
2166,-0.023617845729863213,-0.02629721012042551,-0.032688209346026766,-0.035395620066907996
2167,-0.027098764923716944,-0.027208339268230797,-0.0336379613621712,-0.035395620066907996
2168,-0.04489920581637993,-0.040449533718570914,-0.05782914646142466,-0.035395620066907996
2169,-0.03649706269944101,-0.047488279654308845,-0.05219255465162726,-0.035395620066907996
2170,-0.041732189587682815,-0.03296321497350095,-0.03851569368336482,-0.035395620066907996
2171,-0.032251037084277116,-0.03580897204755054,-0.061406853332068766,-0.035395620066907996
2172,-0.02682090302859855,-0.027020166607611036,-0.04849956905470047,-0.035395620066907996
2173,-0.036731266689730514,-0.030154705993172874,-0.040121553973892526,-0.035395620066907996
2174,-0.034729451690304995,-0.03399706669270073,-0.038187754192458206,-0.035395620066907996
2175,-0.030831546505503613,-0.024915267863258896,-0.04919362591186789,-0.035395620066907996
2176,-0.04073899008981336,-0.03135748611153071,-0.03945428422272668,-0.035395620066907996
2177,-0.03659007588363858,-0.03703674090963705,-0.030763377413864493,-0.035395620066907996
2178,-0.026156405506408978,-0.031994480499132255,-0.03134798312783894,-0.035395620066907996
2179,-0.0436656674060301,-0.028497517621634157,-0.034169842124293276,-0.035395620066907996
2180,-0.047868782009391854,-0.030340087875305233,-0.03568172253130871,-0.035395620066907996
2181,-0.01973072089102119,-0.03570434696356631,-0.0421180677846259,-0.035395620066907996
2182,-0.021316899880650393,-0.02735775220535231,-0.027955730170711016,-0.035395620066907996
2183,-0.033061548596826695,-0.02991512253614453,-0.0283196029148957,-0.035395620066907996
2184,-0.027362456328906735,-0.03796431655466034,-0.04013914347644013,-0.035395620066907996
2185,-0.03107890702197212,-0.02664310915818767,-0.026767830410973862,-0.035395620066907996
2186,-0.022438182397389487,-0.034388838809622735,-0.03404406658935154,-0.035395620066907996
2187,-0.022495242911899176,-0.03957629303080415,-0.03594175463923188,-0.035395620066907996
2188,-0.029789936774942263,-0.03174157754455037,-0.0370258408143768,-0.035395620066907996
2189,-0.025604186844885815,-0.03415136676354074,-0.03712943137646491,-0.035395620066907996
2190,-0.028505336430107008,-0.026862860680401186,-0.039172179132902905,-0.035395620066907996
2191,-0.021757356940487,-0.02794846875421289,-0.028747305890762027,-0.017799900241100283
2192,-0.02505029213753679,-0.027820903043418124,-0.03434305475697406,-0.017279810768035503
2193,-0.04686403420832685,-0.05158525758439594,-0.03828444107057018,-0.017279810768035503
2194,-0.05819844227393788,-0.042176713798794216,-0.05861725367674049,-0.017279810768035503
2195,-0.044903428071532664,-0.03247376716719811,-0.06156701390365882,-0.017279810768035503
2196,-0.04784180410078926,-0.042612701588251894,-0.05496054872848407,-0.017279810768035503
2197,-0.032631019473149475,-0.03134333070943197,-0.039600556768850714,-0.017279810768035503
2198,-0.032602695203661214,-0.0369236921898442,-0.03909749312615787,-0.017279810768035503
2199,-0.030464345359994968,-0.03345253385020404,-0.04145023878296883,-0.017279810768035503
2200,-0.02768413804817249,-0.03959632605205028,-0.04620557772806989,-0.017279810768035503
2201,-0.03965082872689457,-0.03644738671037736,-0.03604456017378628,-0.017279810768035503
2202,-0.02253435661619137,-0.0253166023193487,-0.03207839116882315,-0.017279810768035503
2203,-0.021077963245193364,-0.02799521065838093,-0.030581572319432936,-0.017279810768035503
2204,-0.023613190113135615,-0.03189270959767427,-0.03500666653414196,-0.017279810768035503
2205,-0.02378667193008617,-0.028885532946173957,-0.030451245198221802,-0.017279810768035503
2206,-0.025203039206359905,-0.03424795936506592,-0.025579062340255334,-0.017279810768035503
2207,-0.027780845718781803,-0.023757860391692653,-0.034844650669053526,-0.017279810768035503
2208,-0.03802446291974698,-0.031914720085748444,-0.042684816294513976,-0.017279810768035503
2209,-0.027945538122681857,-0.031441596753859775,-0.04283130599991823,-0.017279810768035503
2210,-0.04826895459221873,-0.037361297394162774,-0.044615648777598785,-0.017279810768035503
2211,-0.02594684574662534,-0.04190882974273269,-0.033920667964695346,-0.017279810768035503
2212,-0.041900492252896666,-0.03695885330994848,-0.04703890806179039,-0.017279810768035503
2213,-0.02680490490481283,-0.02900891504897948,-0.041849945687335,-0.017279810768035503
2214,-0.02889517685211867,-0.03673583074480225,-0.06688273476936864,-0.017279810768035503
2215,-0.030296611418662,-0.034953935910880175,-0.034450285053140815,-0.017279810768035503
2216,-0.032940882705484384,-0.0354732582478163,-0.03536269629150847,-0.017279810768035503
2217,-0.03216705414617327,-0.036091382838804524,-0.05999447819819931,-0.017279810768035503
2218,-0.03162852169800875,-0.03635604263737115,-0.032252624325980646,-0.017279810768035503
2219,-0.025339622690166704,-0.025518763219444306,-0.04844233380906597,-0.017279810768035503
2220,-0.020951767656340024,-0.024195230337425946,-0.02793705896755968,-0.017279810768035503
2221,-0.030032923971188417,-0.028954708819404908,-0.03215401090272891,-0.017279810768035503
2222,-0.03217152302011611,-0.025548772330445755,-0.04030208491463103,-0.017279810768035503
2223,-0.03598602639869591,-0.027051849130750247,-0.03407646042280272,-0.017279810768035503
2224,-0.0308282859830933,-0.042231504231665704,-0.04935582472664264,-0.017279810768035503
2225,-0.029974440930395824,-0.04689918300809237,-0.03787164152129962,-0.017279810768035503
2226,-0.04942115632895675,-0.036557621930396494,-0.04122311134558007,-0.017279810768035503
2227,-0.0268915673463925,-0.02668124117626306,-0.028139387930326016,-0.017279810768035503
2228,-0.0277631508519107,-0.02467212993006515,-0.04254007134007977,-0.017279810768035503
2229,-0.018634656267501788,-0.02991794164204103,-0.03210872149531521,-0.017279810768035503
2230,-0.03818780219075294,-0.021863255600172955,-0.03360634242414457,-0.017279810768035503
2231,-0.023216080567510834,-0.023738978140012548,-0.03964785377447358,-0.017279810768035503
2232,-0.03444019416719776,-0.026045599682021144,-0.029265836836095464,-0.017279810768035503
2233,-0.028148096326081347,-0.03163637491281705,-0.03638984248176801,-0.017279810768035503
2234,-0.025673554760997676,-0.0279667480256047,-0.033919467193369905,-0.017279810768035503
2235,-0.03205548082681794,-0.03178174096660537,-0.03526955895239049,-0.017279810768035503
2236,-0.026190329815025115,-0.02250402824443076,-0.030483456568781556,-0.017279810768035503
2237,-0.03218273103984903,-0.032511580546964756,-0.03181412570609905,-0.017279810768035503
2238,-0.01967635391368294,-0.03436978615206566,-0.03268771885393604,-0.017279810768035503
2239,-0.02223774554762795,-0.025265075511151376,-0.03291430753044036,-0.017279810768035503
2240,-0.03369819278464967,-0.028343802528926102,-0.02935685172324644,-0.017279810768035503
2241,-0.0226405822081922,-0.031134501393013377,-0.029477714851029298,-0.017279810768035503
2242,-0.01986009843958138,-0.025326070191658483,-0.025618096989502265,-0.017279810768035503
2243,-0.02373222271963155,-0.032889912450007046,-0.028887935903263735,-0.017279810768035503
2244,-0.03771508394365717,-0.02199613611463245,-0.030655660887859242,-0.017279810768035503
2245,-0.0205495845149621,-0.020714421277116094,-0.030330244216904115,-0.017279810768035503
2246,-0.03602261803885532,-0.04437140852142394,-0.04003681196016524,-0.017210005946097357
2247,-0.028720035636178396,-0.02813097384587535,-0.03397319384680059,-0.017210005946097357
2248,-0.02691863629748158,-0.02450615275051229,-0.045120132753836265,-0.017210005946097357
2249,-0.02722272869563084,-0.03168127007337717,-0.039300405491043626,-0.017210005946097357
2250,-0.03851074837094821,-0.035964376646612145,-0.04279789076544905,-0.017210005946097357
2251,-0.02375186942816966,-0.03968527561610021,-0.03451046720491431,-0.017210005946097357
2252,-0.022758445910241867,-0.032147699112949374,-0.043995559054470695,-0.017210005946097357
2253,-0.024001608253246404,-0.03223162706149567,-0.04152560772091377,-0.017210005946097357
2254,-0.025057070744239095,-0.028748987919914887,-0.03415883853884802,-0.017210005946097357
2255,-0.02541096592291721,-0.04576942820017089,-0.03353561301724419,-0.017210005946097357
2256,-0.021481297058158575,-0.026208268165726255,-0.02898063379249711,-0.017210005946097357
2257,-0.02752513391322403,-0.026411269477586322,-0.03870630098349199,-0.017210005946097357
2258,-0.030226638342923218,-0.02728104516186779,-0.03172169114813575,-0.017210005946097357
2259,-0.02353545061653546,-0.02986297948009598,-0.030886921751257623,-0.017210005946097357
2260,-0.021990011648727298,-0.029265590936453173,-0.042039299602304965,-0.017210005946097357
2261,-0.029677169179242822,-0.03513376531216944,-0.03428440596762001,-0.017210005946097357
2262,-0.030157965789241282,-0.025290408432507402,-0.027351981274106645,-0.017210005946097357
2263,-0.02224214125623674,-0.03013342506976584,-0.03368358920715624,-0.017210005946097357
2264,-0.02907071150236806,-0.02404102581612664,-0.02676651031730815,-0.017210005946097357
2265,-0.025088705444952824,-0.027664454086388672,-0.049752301519498734,-0.017210005946097357
2266,-0.022390313268477527,-0.03890707359247,-0.026544333308469975,-0.017210005946097357
2267,-0.02759099877990853,-0.03542404809602261,-0.030884424927823815,-0.017210005946097357
2268,-0.02718630939807224,-0.04615606257094242,-0.025045510477722136,-0.017210005946097357
2269,-0.022969752039411817,-0.03530241073887462,-0.03642817116210111,-0.017210005946097357
2270,-0.025485780072265804,-0.028962724942660497,-0.02788493949275294,-0.017210005946097357
2271,-0.02784685190688664,-0.02521056127409233,-0.02990111214315007,-0.017210005946097357
2272,-0.02305007697579419,-0.022536744232926356,-0.026677686907757958,-0.017210005946097357
2273,-0.024875140234403147,-0.046815979131665374,-0.04792116296759748,-0.017210005946097357
2274,-0.02398288923757503,-0.026841680444891325,-0.02751954384189883,-0.017210005946097357
2275,-0.025960156913849584,-0.026152026233176678,-0.04686499453788298,-0.017210005946097357
2276,-0.025146424483460054,-0.026284659879661106,-0.03338162445396719,-0.017210005946097357
2277,-0.05318611331937231,-0.02233822474583148,-0.03001951905881914,-0.017210005946097357
2278,-0.027850497600781326,-0.024193545238821137,-0.03653943310199345,-0.017210005946097357
2279,-0.02149239223493054,-0.03190378366490924,-0.027168226033993007,-0.017210005946097357
2280,-0.018899773841984477,-0.03153105574102013,-0.032229274593098926,-0.017210005946097357
2281,-0.030277513635203895,-0.046925177761050624,-0.03562243732099593,-0.017210005946097357
2282,-0.02274769121754587,-0.02144361654631919,-0.036659179364775474,-0.017210005946097357
2283,-0.02447473967182042,-0.023582204657012235,-0.031973591421079375,-0.017210005946097357
2284,-0.020514786439615733,-0.02296984461466882,-0.027506644805197926,-0.017210005946097357
2285,-0.022899409107131882,-0.025396203405059423,-0.030994867233435985,-0.017210005946097357
2286,-0.02899041557902531,-0.030298827368913154,-0.03216327692358054,-0.017210005946097357
2287,-0.021991178897577995,-0.04484045580508761,-0.032725007286993645,-0.017210005946097357
2288,-0.02199516714787127,-0.03274605831234184,-0.03126804385329247,-0.017210005946097357
2289,-0.04004296813795941,-0.04212374782106676,-0.04102550868172364,-0.017210005946097357
2290,-0.03683091418394563,-0.04629196161133377,-0.07417632567511968,-0.01734112308506753
2291,-0.03522199056467456,-0.040807467082982,-0.06258849892953021,-0.01734112308506753
2292,-0.03200926267712716,-0.03318286270621673,-0.04281252696356793,-0.01734112308506753
2293,-0.03425823894588675,-0.04685812709827668,-0.057330981972569105,-0.01734112308506753
2294,-0.033081560361812395,-0.04957621979356459,-0.0742758189496415,-0.01734112308506753
2295,-0.04423382438737178,-0.05737508882677465,-0.07828873968859502,-0.01734112308506753
2296,-0.03995180362776513,-0.04638411166313968,-0.05081957227366218,-0.01734112308506753
2297,-0.032262573015272064,-0.0559239970296605,-0.04687063436330344,-0.01734112308506753
2298,-0.03743521627018356,-0.0426222705505346,-0.05233706821652838,-0.01734112308506753
2299,-0.04039363731873081,-0.03790525221993876,-0.049912279224240796,-0.01734112308506753
2300,-0.04570726547747523,-0.0692335829015368,-0.07262766187081547,-0.01734112308506753
2301,-0.03752018475155233,-0.04412754802863746,-0.05690243548267281,-0.01734112308506753
2302,-0.0407045605933446,-0.047538622311460374,-0.0719110489150919,-0.01734112308506753
2303,-0.037579985756346496,-0.04016126038741375,-0.06026553775069871,-0.01734112308506753
2304,-0.054040194631932235,-0.0492919384818114,-0.05123075228916692,-0.01734112308506753
2305,-0.05839153530935432,-0.05230659901652453,-0.046375126650030934,-0.01734112308506753
2306,-0.03389431823912876,-0.04234445743938119,-0.04557058719488112,-0.01734112308506753
2307,-0.033303626524605785,-0.0415851118660533,-0.05177191107133859,-0.01734112308506753
2308,-0.03907255996743234,-0.03631599983151458,-0.039797216690051165,-0.01734112308506753
2309,-0.03172047675067684,-0.05093650020972339,-0.042496204366976965,-0.01734112308506753
2310,-0.04152058557573373,-0.04853573749238442,-0.04017062846211162,-0.01734112308506753
2311,-0.037981215655318666,-0.04964739754728541,-0.05126777061339391,-0.01734112308506753
2312,-0.043781612094692654,-0.05130238303246636,-0.04806896058451164,-0.01734112308506753
2313,-0.047478582871951974,-0.04118154591150182,-0.058308584780105525,-0.01734112308506753
2314,-0.03794496538836525,-0.044583731926443056,-0.0403372239458118,-0.01734112308506753
2315,-0.04872706495479378,-0.036741086482393354,-0.05296993333727692,-0.01734112308506753
2316,-0.03996100483864395,-0.039860569938667635,-0.04368211982838153,-0.01734112308506753
2317,-0.04119169133637839,-0.0383833918989351,-0.05576085629172091,-0.01734112308506753
2318,-0.03871460964323426,-0.038391408814804164,-0.06431073168539121,-0.018324938310539354
2319,-0.03410259135625218,-0.03959804521228716,-0.05748372893438545,-0.018324938310539354
2320,-0.039156981218770696,-0.04553479421494001,-0.06335067471697925,-0.018324938310539354
2321,-0.07253407752053406,-0.03508142793772129,-0.04797728995119866,-0.018324938310539354
2322,-0.03905500860032306,-0.041876834723721466,-0.05117709868337312,-0.018324938310539354
2323,-0.033424537939800006,-0.04146315718150841,-0.04253254258334662,-0.018324938310539354
2324,-0.061116174273133955,-0.04822733284700457,-0.043012075072341886,-0.018324938310539354
2325,-0.04420996605952741,-0.04622864315481629,-0.0449361396448036,-0.018324938310539354
2326,-0.041677454595254404,-0.045296138384189485,-0.03910739083662275,-0.018324938310539354
2327,-0.033751206375852855,-0.048852772694673405,-0.06083358038881189,-0.018324938310539354
2328,-0.05129749261826738,-0.054336959778940964,-0.05139107718053772,-0.018324938310539354
2329,-0.08056370306282529,-0.049061032410496995,-0.05452880597883393,-0.018324938310539354
2330,-0.048041447642389615,-0.03988391973188674,-0.059960642355996775,-0.018324938310539354
2331,-0.05478219249266027,-0.061621526453110094,-0.05991105792538466,-0.018324938310539354
2332,-0.052079853208024246,-0.04264768725829174,-0.08011952337614907,-0.018324938310539354
2333,-0.04860354966148173,-0.04753170524169477,-0.05954424635436669,-0.018324938310539354
2334,-0.042013072298875916,-0.058925016376103194,-0.06423830095891073,-0.018324938310539354
2335,-0.04093323412815586,-0.04229762788101753,-0.05160854038575933,-0.018324938310539354
2336,-0.06873474895673487,-0.051044849587280304,-0.04685817131612354,-0.018324938310539354
2337,-0.06274306371349207,-0.05320404891920785,-0.06168175811632799,-0.018324938310539354
2338,-0.050033311063080795,-0.05321286127897785,-0.0950079329551977,-0.018324938310539354
2339,-0.04788065241327172,-0.046769970423961554,-0.06893730711209771,-0.018324938310539354
2340,-0.043879912070941884,-0.04882923078181123,-0.05284340141389982,-0.018324938310539354
2341,-0.061129322295020896,-0.09117333474291524,-0.05953943138485298,-0.018324938310539354
2342,-0.057752828738073754,-0.05736693261408961,-0.077422441815737,-0.018324938310539354
2343,-0.06534803719577556,-0.06347500663802456,-0.07848262736166595,-0.018324938310539354
2344,-0.07197853297389378,-0.0917933828366014,-0.07732126077019039,-0.018324938310539354
2345,-0.04578392444250615,-0.06655332035001602,-0.06725938233078609,-0.018324938310539354
2346,-0.057747577916094264,-0.07019246185441505,-0.06125305457589153,-0.018324938310539354
