,GaussianCopula,tCopula,ClaytonCopula,HS
501,-0.058203605849435035,-0.06272420251449519,-0.0711389881926078,-0.039444098529695416
502,-0.05556242038229793,-0.056165809924316135,-0.07032185423499603,-0.039444098529695416
503,-0.054835866864507074,-0.05461440880799967,-0.07196432599285531,-0.039444098529695416
504,-0.05422285662864161,-0.05618063293539003,-0.06322169669870276,-0.039444098529695416
505,-0.04828853869143867,-0.05049970876054209,-0.05930737567045708,-0.039444098529695416
506,-0.05158827053891985,-0.052310023815839046,-0.053743033704644116,-0.039444098529695416
507,-0.053921910482659485,-0.04675846052025539,-0.06503598765997937,-0.039444098529695416
508,-0.04839063579866716,-0.04899953574628418,-0.05129365036129496,-0.039444098529695416
509,-0.05398795956594559,-0.05838108263026499,-0.05762273413437103,-0.039444098529695416
510,-0.052450450911830544,-0.05662930859590022,-0.05315989684056171,-0.039444098529695416
511,-0.04564542895981605,-0.04884980045740908,-0.06181501328243085,-0.039444098529695416
512,-0.04554045577614393,-0.05067565012705717,-0.05661995696983555,-0.039444098529695416
513,-0.04629315001334341,-0.05062206544424404,-0.05917151675461654,-0.039444098529695416
514,-0.048917126746932084,-0.05475914477405276,-0.05524148125572058,-0.039444098529695416
515,-0.04997813739244857,-0.050523849855799004,-0.056745002672857855,-0.039444098529695416
516,-0.0481585668930075,-0.0472571416177092,-0.06061553026162682,-0.039444098529695416
517,-0.04588225779434423,-0.04615994510556748,-0.049536493179884795,-0.039444098529695416
518,-0.044260466850875445,-0.04934406153845303,-0.04334464480877042,-0.039444098529695416
519,-0.039425698095754844,-0.04495415620222396,-0.04881725776463967,-0.039444098529695416
520,-0.045003816394785894,-0.05066327028004321,-0.05383857793577757,-0.039444098529695416
521,-0.035547765095702656,-0.046406066518005655,-0.051788771954435424,-0.039444098529695416
522,-0.03673757895933798,-0.04137415205848381,-0.04324449209852454,-0.039444098529695416
523,-0.047214115210477886,-0.047574345371711665,-0.05256253103278318,-0.039444098529695416
524,-0.04844068014938574,-0.04956873567330522,-0.05853131145914441,-0.039444098529695416
525,-0.04038237435656277,-0.04540271709718146,-0.054917116743345075,-0.039444098529695416
526,-0.036099814009650205,-0.04093073586054224,-0.04586549314847869,-0.039444098529695416
527,-0.03407920438677937,-0.04528990376482661,-0.0456056883010645,-0.039444098529695416
528,-0.03657630259973227,-0.04122088466513038,-0.045165361657259116,-0.039444098529695416
529,-0.03661515589469531,-0.039653480834242756,-0.044151508442763415,-0.039444098529695416
530,-0.034941759053362643,-0.03490533425888269,-0.04581378409943449,-0.039444098529695416
531,-0.03738522385088583,-0.042425849422846135,-0.04035105177830531,-0.039444098529695416
532,-0.033936927710636035,-0.043121756860849576,-0.03878261772584497,-0.039444098529695416
533,-0.03573245462593309,-0.03910139129146712,-0.04325910287367169,-0.039444098529695416
534,-0.03674623602159204,-0.036937868667109824,-0.03990605652144644,-0.039444098529695416
535,-0.03670504294633476,-0.03551347580660143,-0.04383177742447422,-0.039444098529695416
536,-0.03446794303352147,-0.03955847304523369,-0.04091469181366941,-0.039444098529695416
537,-0.033906774387292345,-0.03514694813587339,-0.041097694852309484,-0.039444098529695416
538,-0.032341133262575275,-0.03414788367142708,-0.040838212523961956,-0.039444098529695416
539,-0.03284083492945611,-0.03241042405687268,-0.04414583894615839,-0.039444098529695416
540,-0.03463153461268921,-0.030488315655023496,-0.04199553147219466,-0.039444098529695416
541,-0.03325786832070875,-0.03524209211201762,-0.04350130709196808,-0.039444098529695416
542,-0.03225256388062448,-0.033292733767083624,-0.041359991709397186,-0.039444098529695416
543,-0.03290378322069054,-0.03433454112851579,-0.04372673006125696,-0.039444098529695416
544,-0.03619317921887861,-0.036160277359399765,-0.0443949674127243,-0.039444098529695416
545,-0.035947146119088606,-0.04124340764430051,-0.0427357441275758,-0.039444098529695416
546,-0.03319144423055269,-0.03536773952144639,-0.03783699664183682,-0.039444098529695416
547,-0.029965850239976582,-0.03484235609125098,-0.050804940711553774,-0.039444098529695416
548,-0.03445320672213541,-0.03619280435583892,-0.049240691380439704,-0.039444098529695416
549,-0.03075926408108625,-0.032416238142629346,-0.039771383040205416,-0.039444098529695416
550,-0.03263331185918207,-0.03359475359512691,-0.03787344150905903,-0.039444098529695416
551,-0.03532704173214714,-0.03439338947939143,-0.041448095415990927,-0.039444098529695416
552,-0.038395130931467736,-0.035618938429513455,-0.043026665878621466,-0.039444098529695416
553,-0.03670109225430282,-0.03753729122777137,-0.04080183250810373,-0.039444098529695416
554,-0.032622449180972485,-0.03912310533137726,-0.04225759882539754,-0.039444098529695416
555,-0.03107375970843582,-0.03672861726535499,-0.04282692499772366,-0.039444098529695416
556,-0.03830896506390787,-0.030813340802692192,-0.04326990296518682,-0.039444098529695416
557,-0.03722913134181061,-0.033699672551070106,-0.04627549429319615,-0.039444098529695416
558,-0.03406536899424915,-0.03639680523165215,-0.04018302021043698,-0.039444098529695416
559,-0.03303551080197815,-0.04180162771033588,-0.04454466169198655,-0.039444098529695416
560,-0.035611052523589974,-0.03619248746074505,-0.040688081558058496,-0.039444098529695416
561,-0.030170573553456113,-0.031790136080478586,-0.03708935569494689,-0.039444098529695416
562,-0.0313351298058223,-0.03712725047992098,-0.03667566037993577,-0.039444098529695416
563,-0.03024860898769981,-0.032496605533894274,-0.037051089617287876,-0.039444098529695416
564,-0.03099136432034405,-0.0325347060834749,-0.03593305937447192,-0.039444098529695416
565,-0.029290346737011454,-0.03461921768959721,-0.0418434608801526,-0.039444098529695416
566,-0.02838640440355506,-0.03255508088035741,-0.03306102588315396,-0.039444098529695416
567,-0.03390112362352856,-0.033412300741456326,-0.038839164422656336,-0.039444098529695416
568,-0.03565739051858315,-0.038853666433311,-0.04917720402327092,-0.039444098529695416
569,-0.037293657859471176,-0.03932679110887415,-0.041587077564744016,-0.039444098529695416
570,-0.03696488889320539,-0.045475000542594034,-0.040245658189502556,-0.039444098529695416
571,-0.03970572399103985,-0.03860359985511128,-0.04397683882763298,-0.039444098529695416
572,-0.03039450792008988,-0.034774222647492845,-0.0399215827148863,-0.039444098529695416
573,-0.03851781449957331,-0.038766011197109984,-0.042980428717561386,-0.039444098529695416
574,-0.04039482788661913,-0.03670397700075701,-0.04271033263965722,-0.039444098529695416
575,-0.03477092308264245,-0.03334870499227035,-0.043603941913130044,-0.039444098529695416
576,-0.03361986802518003,-0.03590502404446736,-0.04645740250169019,-0.039444098529695416
577,-0.02998857403065177,-0.03744470822959982,-0.03784898001442758,-0.039444098529695416
578,-0.03389754527653736,-0.03471301584678325,-0.0453471566202962,-0.039444098529695416
579,-0.03913568872822131,-0.035569830636706344,-0.03927244583888078,-0.039444098529695416
580,-0.031000537807334794,-0.03667296044908625,-0.03715388522688719,-0.039444098529695416
581,-0.03577500850985246,-0.03678421103961535,-0.04284949362331995,-0.039444098529695416
582,-0.033720197879786064,-0.03468932226435655,-0.042760818708531434,-0.039444098529695416
583,-0.03146416509419118,-0.035004824997684786,-0.0383685068621387,-0.039444098529695416
584,-0.03624005330370573,-0.04387879774266901,-0.040588305711178774,-0.039444098529695416
585,-0.03593134707076087,-0.03216409880868847,-0.039731429742372974,-0.039444098529695416
586,-0.03111879159630266,-0.03257748577357344,-0.04261931315940731,-0.039444098529695416
587,-0.02919077295791753,-0.03625029392359867,-0.037170183968029354,-0.039444098529695416
588,-0.03294631121882541,-0.036961405685093186,-0.040182352239708445,-0.039444098529695416
589,-0.042436891524275724,-0.043634001652682414,-0.042081467850746894,-0.039444098529695416
590,-0.03586939212107396,-0.04781623889335033,-0.0413454801388864,-0.039444098529695416
591,-0.03353204784112121,-0.03560058725045768,-0.04594260096321686,-0.039444098529695416
592,-0.03752885758594545,-0.03424960472984251,-0.040149802345462955,-0.039444098529695416
593,-0.0368785901314985,-0.04308881681734825,-0.0437658723018635,-0.039444098529695416
594,-0.03269451351893562,-0.042573128743961665,-0.0492276117868358,-0.039444098529695416
595,-0.03704856997593919,-0.03916620901712778,-0.045996993302563335,-0.039444098529695416
596,-0.03977866524923643,-0.039480763010278266,-0.0507575711891821,-0.039444098529695416
597,-0.040720927150750916,-0.036057926691522954,-0.04569620178713533,-0.039444098529695416
598,-0.03753763253156885,-0.04083577301053145,-0.045404414100514316,-0.039444098529695416
599,-0.03541790112201356,-0.04120595902205256,-0.050120024382186205,-0.039444098529695416
600,-0.038123495503670085,-0.039879559858839196,-0.046032020433732654,-0.039444098529695416
601,-0.03722132482882055,-0.03842845515186578,-0.044466883765417485,-0.039444098529695416
602,-0.039870728869541364,-0.0375668550822432,-0.038545983368070906,-0.039444098529695416
603,-0.037153951014547326,-0.037209267458678114,-0.045251127511290505,-0.039444098529695416
604,-0.03842404438230354,-0.04086869741934455,-0.04477934710052501,-0.039444098529695416
605,-0.035541244721353685,-0.03497080782268953,-0.04002622421093292,-0.039444098529695416
606,-0.0331288561081807,-0.040484625003520576,-0.044797277326825764,-0.039444098529695416
607,-0.03232184070747621,-0.03627604423346802,-0.03768332549688705,-0.039444098529695416
608,-0.03390468748380124,-0.036645793124288464,-0.03849720533472131,-0.039444098529695416
609,-0.03029611394285524,-0.0338381556416808,-0.04151187724525543,-0.039444098529695416
610,-0.03034771273845911,-0.03301690610424486,-0.0405663430950254,-0.039444098529695416
611,-0.0359048884690777,-0.03583983317075289,-0.047182295110617736,-0.039444098529695416
612,-0.0347384364551471,-0.03640487935032975,-0.05545366950163983,-0.039444098529695416
613,-0.037467287004517645,-0.04392311601044069,-0.046029494050663304,-0.039444098529695416
614,-0.035196332718779026,-0.034543903452714575,-0.04105529498511606,-0.039444098529695416
615,-0.035045091103959036,-0.035710038959916646,-0.04221593873829172,-0.039444098529695416
616,-0.03291108893967751,-0.033717086332785376,-0.037489882046508084,-0.039444098529695416
617,-0.03563059325127375,-0.042789175452973296,-0.043636397543041085,-0.039444098529695416
618,-0.03950234320979496,-0.03890529604408529,-0.045820472421827026,-0.039444098529695416
619,-0.03704409694010094,-0.03734754200354813,-0.04244388652137886,-0.039444098529695416
620,-0.03755320656312904,-0.04520981518230094,-0.04107902263520203,-0.039444098529695416
621,-0.03563212833263346,-0.039191139594508935,-0.03830425548158478,-0.039444098529695416
622,-0.03722304608767745,-0.03942288470161824,-0.04673191861422545,-0.039444098529695416
623,-0.034257557409636374,-0.036797407713273625,-0.0452688462888135,-0.039444098529695416
624,-0.03931484134662884,-0.04530580495544975,-0.04573838472035916,-0.039444098529695416
625,-0.038328441032334355,-0.04078843349714191,-0.04048269429865294,-0.039444098529695416
626,-0.03433827175118518,-0.039112361605743134,-0.04273775841585908,-0.039444098529695416
627,-0.03643670783468614,-0.036738437468731774,-0.0461608328983972,-0.039444098529695416
628,-0.03158954449534559,-0.03844367853077977,-0.04177738852787718,-0.039444098529695416
629,-0.03912773735438226,-0.037723303703901104,-0.044752452098554905,-0.039444098529695416
630,-0.040554014580418137,-0.03923790571440462,-0.0488254111026785,-0.039444098529695416
631,-0.04158328956903264,-0.04196424954951073,-0.044950604085947685,-0.039444098529695416
632,-0.040013028524487224,-0.04132435712559721,-0.04787225074623282,-0.039444098529695416
633,-0.04826977452502381,-0.038999611705753306,-0.05223540779686092,-0.039444098529695416
634,-0.04658993138282413,-0.04834632675536207,-0.05831845026287154,-0.039444098529695416
635,-0.04520952201307989,-0.04287194858120497,-0.04981346892423228,-0.039444098529695416
636,-0.04394917620720878,-0.04206275274836505,-0.05326319084622325,-0.039444098529695416
637,-0.04146313064406595,-0.04024101585333527,-0.05385042594248301,-0.039444098529695416
638,-0.03821211384930936,-0.03801326960132393,-0.05069458266267471,-0.039444098529695416
639,-0.04781655396407935,-0.04367089379764294,-0.045136374549616394,-0.039444098529695416
640,-0.03733545398625146,-0.03638230309477839,-0.044244333369129064,-0.039444098529695416
641,-0.033408414341196166,-0.04255758626667935,-0.04518378543532923,-0.039444098529695416
642,-0.03674200885429081,-0.03891810236046059,-0.045818895025379724,-0.039444098529695416
643,-0.032104305180768164,-0.03573549261284966,-0.04554492576433957,-0.039444098529695416
644,-0.03941779647197821,-0.03997385842087921,-0.04206052989444421,-0.039444098529695416
645,-0.045844180238645435,-0.05219773733509918,-0.05416710217296115,-0.039444098529695416
646,-0.04125664040898938,-0.05752162294638429,-0.052074323747652494,-0.039444098529695416
647,-0.036563537628495846,-0.046403474602668984,-0.052728253975173944,-0.039444098529695416
648,-0.03788161255084454,-0.04529507224070361,-0.045496190414931637,-0.039444098529695416
649,-0.036595501124812954,-0.03752044623141351,-0.04727829554844212,-0.039444098529695416
650,-0.035364836276277505,-0.0352528383042795,-0.04091373360895061,-0.039444098529695416
651,-0.06431431510430068,-0.056844673540433786,-0.06086972956190548,-0.039444098529695416
652,-0.04743074342737167,-0.06137375901138769,-0.0576426935111341,-0.039444098529695416
653,-0.05601673695366523,-0.05604699049861364,-0.058846546135224914,-0.039444098529695416
654,-0.04947607074324124,-0.050738061129080116,-0.056315187978871487,-0.039444098529695416
655,-0.04111579303495501,-0.050858977136268205,-0.05226333919722724,-0.039444098529695416
656,-0.045530577004744596,-0.04704557400751406,-0.05116592445099832,-0.039444098529695416
657,-0.04372545409106635,-0.043503426669475584,-0.05893685977456964,-0.039444098529695416
658,-0.040572164759087995,-0.04699391019030989,-0.04513969407079779,-0.039444098529695416
659,-0.049602528394430585,-0.05025586505924762,-0.04874538414447503,-0.039444098529695416
660,-0.04214873746714613,-0.042494264343751614,-0.05313473653062674,-0.039444098529695416
661,-0.03784534347786181,-0.05014621957318674,-0.051639496051084165,-0.039444098529695416
662,-0.041401484996063664,-0.044213365661532715,-0.04507049639996428,-0.039444098529695416
663,-0.043235552884844965,-0.04455151535241508,-0.04380169683987384,-0.039444098529695416
664,-0.04047159939914547,-0.04193839588729104,-0.04751012022092072,-0.039444098529695416
665,-0.04155310927850835,-0.04156927590935797,-0.057469070772121864,-0.039444098529695416
666,-0.03908357577191717,-0.04023807395351195,-0.051323516462616875,-0.039444098529695416
667,-0.04155022198117958,-0.043967429224501316,-0.048934326101946764,-0.039444098529695416
668,-0.04749694148431881,-0.04224357427201692,-0.05648335317512498,-0.039444098529695416
669,-0.043756938751831856,-0.0457564310572232,-0.056536563022373795,-0.039444098529695416
670,-0.044775455220803145,-0.04839194989339497,-0.0531088912577286,-0.039444098529695416
671,-0.03940683745244244,-0.05145110541339154,-0.05081472105183935,-0.039444098529695416
672,-0.04031686710692909,-0.04133143488161575,-0.05081237123279291,-0.039444098529695416
673,-0.04577960242838258,-0.04515721433536769,-0.05045008638864246,-0.039444098529695416
674,-0.038741930464879185,-0.04252382371371245,-0.0475914868174142,-0.039444098529695416
675,-0.037801361000777925,-0.04248995980244415,-0.04751752730291659,-0.039444098529695416
676,-0.053568531065827714,-0.04663593232618365,-0.0667462269315784,-0.039444098529695416
677,-0.042522539123356684,-0.045128440294140856,-0.056034813330289555,-0.039444098529695416
678,-0.037449475955013356,-0.040887621079270034,-0.05249105327030178,-0.039444098529695416
679,-0.03925455587169291,-0.03960464923995104,-0.05127640631489449,-0.039444098529695416
680,-0.041256051797398385,-0.04841241904912315,-0.04751406561145753,-0.039444098529695416
681,-0.037252149657382515,-0.0380083666234433,-0.04793049128619617,-0.039444098529695416
682,-0.0360653141268508,-0.04330213752901611,-0.04566810134642835,-0.039444098529695416
683,-0.03975711842063154,-0.034687489392705266,-0.04337340192121455,-0.039444098529695416
684,-0.0349538215193146,-0.036838449595737614,-0.04875484847333349,-0.039444098529695416
685,-0.03536899408163351,-0.04057618616868914,-0.04264165317320856,-0.039444098529695416
686,-0.034533262917619385,-0.04105093634981834,-0.03773329667084221,-0.039444098529695416
687,-0.03758606703982757,-0.03413896761453691,-0.041270829265105204,-0.039444098529695416
688,-0.03427434484698249,-0.03289660908506269,-0.038316217022835504,-0.039444098529695416
689,-0.0332964219648742,-0.034948160085673974,-0.03803366521911482,-0.039444098529695416
690,-0.03330258716670509,-0.03225919442414063,-0.042545728599090775,-0.039444098529695416
691,-0.032112347745531164,-0.0347605459716083,-0.038089932465865506,-0.039444098529695416
692,-0.032465865202163616,-0.03773138065235833,-0.037010041061268234,-0.039444098529695416
693,-0.033162807445536305,-0.037122395907837266,-0.041335329544469994,-0.039444098529695416
694,-0.030746942786993643,-0.030599162563594944,-0.03744271066399258,-0.039444098529695416
695,-0.03452541527200855,-0.031331928631569125,-0.041358444130651636,-0.039444098529695416
696,-0.037581709482110384,-0.03559809502456434,-0.038432014477605185,-0.039444098529695416
697,-0.028808013675206485,-0.038317244749662506,-0.03796128910170986,-0.039444098529695416
698,-0.033093765830804756,-0.03552673516467534,-0.03722284114438352,-0.039444098529695416
699,-0.03077732250195437,-0.03155547067421674,-0.03942037684739716,-0.039444098529695416
700,-0.03372272508091205,-0.034160099070434324,-0.03784555064866371,-0.039444098529695416
701,-0.03357468938468396,-0.03467982462565201,-0.04470758158814044,-0.039444098529695416
702,-0.03624962930811512,-0.037617584204045894,-0.045960179442304704,-0.039444098529695416
703,-0.03214923646141829,-0.030705003736642686,-0.042975388311088214,-0.039444098529695416
704,-0.031218912359523846,-0.0352458714563428,-0.04375432170041738,-0.039444098529695416
705,-0.03434927650098752,-0.032644581919692224,-0.04085961708907768,-0.039444098529695416
706,-0.03673699940132306,-0.03747476947892041,-0.04182593351131622,-0.039444098529695416
707,-0.03844884846902264,-0.040170937223440006,-0.0482744301695809,-0.039444098529695416
708,-0.03486962131896341,-0.046638540816716714,-0.039065108350361165,-0.039444098529695416
709,-0.039728126576575776,-0.04646560747256508,-0.04190286617333225,-0.039444098529695416
710,-0.03781312599271217,-0.044248875378712166,-0.04943165020463004,-0.039444098529695416
711,-0.038280104444200935,-0.04272020237775319,-0.04704621063675355,-0.039444098529695416
712,-0.03501402152496852,-0.04330864842877549,-0.055366719034915635,-0.039444098529695416
713,-0.033370130425018685,-0.037356829603094666,-0.047904626499472004,-0.039444098529695416
714,-0.03442082893429949,-0.03575470752745726,-0.04170845403480358,-0.039444098529695416
715,-0.03724403411931554,-0.040706996985098186,-0.039810087840334026,-0.039444098529695416
716,-0.03401033675323096,-0.0406734751087886,-0.03792520133508878,-0.039444098529695416
717,-0.03295279834645268,-0.038654386687865874,-0.04370265960181293,-0.039444098529695416
718,-0.034615059320773196,-0.03681656734436288,-0.04147288544770167,-0.039444098529695416
719,-0.03734292031274184,-0.038418690321925804,-0.03976895061164345,-0.039444098529695416
720,-0.04767150265854946,-0.03610530874962071,-0.04433988842384125,-0.039444098529695416
721,-0.03736195678050578,-0.035635368153356495,-0.04117623523127975,-0.039444098529695416
722,-0.033938811996628834,-0.03767092142112141,-0.0438904150232789,-0.039444098529695416
723,-0.03611590568933349,-0.039532061745282315,-0.04493054761911277,-0.039444098529695416
724,-0.03517590653985726,-0.03325289365174292,-0.0427159350918516,-0.039444098529695416
725,-0.03329409457305484,-0.031215036311568266,-0.03921944444715616,-0.039444098529695416
726,-0.03353501762964778,-0.034355275210008356,-0.04433179147996312,-0.039444098529695416
727,-0.032237009643569306,-0.03655245708499131,-0.039060038868183655,-0.039444098529695416
728,-0.031031229166571667,-0.03396527189100726,-0.04014754329059912,-0.039444098529695416
729,-0.033782570771043796,-0.03185267645328513,-0.040157595357571,-0.039444098529695416
730,-0.028545431333206268,-0.03454235617041281,-0.035886330994842466,-0.039444098529695416
731,-0.03159634215753125,-0.039442911597987275,-0.040003081791412085,-0.039444098529695416
732,-0.03101312543708802,-0.035374080101544074,-0.040927345418363265,-0.039444098529695416
733,-0.042368593425548794,-0.0367876789598524,-0.03923483646187031,-0.039444098529695416
734,-0.03344759191072639,-0.044153868434696104,-0.04242443853748668,-0.039444098529695416
735,-0.033290707599537284,-0.041355018906236246,-0.04175228051631496,-0.039444098529695416
736,-0.03259296845815374,-0.03976276049925916,-0.04291892094307154,-0.039444098529695416
737,-0.029473370558889975,-0.03350100482721081,-0.038128947567761085,-0.039444098529695416
738,-0.034843784922411844,-0.03298533783076158,-0.037473503935539235,-0.039444098529695416
739,-0.035174997349746384,-0.0307182392248717,-0.03735133897474031,-0.039444098529695416
740,-0.030431372178152463,-0.03021259560399481,-0.03774544819386266,-0.039444098529695416
741,-0.03220512806378528,-0.03242987345375917,-0.045663985920913794,-0.039444098529695416
742,-0.030656449490837647,-0.041549555682364944,-0.042319467482833974,-0.039444098529695416
743,-0.03290495025421643,-0.04023953293563545,-0.036533816629673324,-0.039444098529695416
744,-0.03527935800808347,-0.042262919182293135,-0.04310545386296048,-0.039444098529695416
745,-0.038505682989609505,-0.04470138470931308,-0.0444189746365946,-0.039444098529695416
746,-0.037186407945806826,-0.04180021287352077,-0.0505958287525215,-0.039444098529695416
747,-0.03480682195705715,-0.036252951301212734,-0.03527362651137663,-0.039444098529695416
748,-0.04168427184565682,-0.03615615693364178,-0.04443195995507556,-0.039444098529695416
749,-0.03213227490874942,-0.03341434377758654,-0.04431452862941627,-0.039444098529695416
750,-0.035128804142123826,-0.033178744030610226,-0.03737426491425368,-0.039444098529695416
751,-0.03441218884797884,-0.0345913073203226,-0.04487692336457336,-0.039444098529695416
752,-0.037928269941951503,-0.03985714320775783,-0.04779519041919407,-0.039444098529695416
753,-0.03359777689360331,-0.041876081833752146,-0.03824830795728409,-0.039444098529695416
754,-0.03321284862634715,-0.04009719780406084,-0.047610635467079936,-0.039444098529695416
755,-0.034516112850066366,-0.034449213907141334,-0.03753370135379404,-0.039444098529695416
756,-0.032710282509046465,-0.03433686349472971,-0.0400289941957963,-0.039444098529695416
757,-0.03579051068474748,-0.04207599898949985,-0.04886189425599566,-0.039444098529695416
758,-0.0320138268560196,-0.039035657019036024,-0.044858427892188205,-0.039444098529695416
759,-0.036230777490554714,-0.031715252704615025,-0.036459565033879045,-0.039444098529695416
760,-0.03138803558482379,-0.03443672886737867,-0.036884923781028145,-0.039444098529695416
761,-0.03083430659981748,-0.03004884000791117,-0.03619264061487029,-0.039444098529695416
762,-0.029402470286242547,-0.03519269166405947,-0.0403110187510672,-0.039444098529695416
763,-0.02992080318506929,-0.036359770824185386,-0.0354583636829996,-0.039444098529695416
764,-0.03239671812977582,-0.03348200515730168,-0.036800821575570075,-0.039444098529695416
765,-0.030739596893255186,-0.027755312822218357,-0.03828692204077201,-0.039444098529695416
766,-0.03184481944907416,-0.03162360539789232,-0.0404145161460943,-0.039444098529695416
767,-0.03015753206523834,-0.03939895801535495,-0.039423822099506775,-0.039444098529695416
768,-0.027666525222731147,-0.03375525032375709,-0.03152678577783431,-0.039444098529695416
769,-0.02944740015853236,-0.032006395013158224,-0.047376653781806,-0.039444098529695416
770,-0.02870319553434189,-0.03631615786353485,-0.03215601654684215,-0.039444098529695416
771,-0.027861070012060517,-0.03133852940453758,-0.033903686444962305,-0.039444098529695416
772,-0.025216990070062284,-0.029047359182620174,-0.035178422657030056,-0.039444098529695416
773,-0.03202747239294012,-0.02815279888167499,-0.03286117547376229,-0.039444098529695416
774,-0.026612631777758775,-0.028344103005225545,-0.040707469932441454,-0.039444098529695416
775,-0.02421074054640295,-0.033589458490056553,-0.03164806293110373,-0.039444098529695416
776,-0.029599691225498794,-0.03277128108277486,-0.04177124288599793,-0.039444098529695416
777,-0.026111024455973908,-0.0286245895465352,-0.0366704383991159,-0.039444098529695416
778,-0.02470842610308962,-0.03013840536432944,-0.027879081861728182,-0.039444098529695416
779,-0.02824174737999798,-0.031651814600175,-0.03131742165698816,-0.039444098529695416
780,-0.02522393679216406,-0.027418920155076677,-0.029446033828230793,-0.039444098529695416
781,-0.026549542056490363,-0.028872886216909394,-0.030527282131536458,-0.039444098529695416
782,-0.027762406099695817,-0.030376152963291728,-0.03262508280459604,-0.039444098529695416
783,-0.026259542443786886,-0.028068054679770745,-0.03363683341891503,-0.039444098529695416
784,-0.03894599633400765,-0.03289615879950874,-0.037492511412156655,-0.039444098529695416
785,-0.041049012526796706,-0.032651231693286674,-0.03828956461380343,-0.039444098529695416
786,-0.032512350053827556,-0.03451920329004313,-0.041284699158534256,-0.039444098529695416
787,-0.02846113694544257,-0.0368474049420078,-0.03503064238255923,-0.039444098529695416
788,-0.032359420661411745,-0.030861084005892263,-0.03726694291544063,-0.039444098529695416
789,-0.02804015973483787,-0.034505571621998375,-0.03658920873939118,-0.039444098529695416
790,-0.03573660630183112,-0.03284649528251309,-0.03571488242171182,-0.039444098529695416
791,-0.027726596764707005,-0.03318040517983238,-0.03482014728969114,-0.039444098529695416
792,-0.03243793954026142,-0.028783176482357994,-0.03559893771237863,-0.039444098529695416
793,-0.030081628814802818,-0.028337283776869924,-0.038051980192170556,-0.039444098529695416
794,-0.031677893780808805,-0.030004175842811856,-0.03377965387855067,-0.039444098529695416
795,-0.02546985957281172,-0.030379192306434342,-0.030982763770018202,-0.039444098529695416
796,-0.02757776274805663,-0.030245193264313915,-0.03194942573123311,-0.039444098529695416
797,-0.02523720915084437,-0.025181782109208177,-0.028603853362984648,-0.039444098529695416
798,-0.024631687781929965,-0.027931046042824963,-0.032901655827312505,-0.039444098529695416
799,-0.02469526445707846,-0.02889114157257803,-0.031524370761479494,-0.039444098529695416
800,-0.02298208111487404,-0.02713085988131629,-0.03434572913682594,-0.039444098529695416
801,-0.02207816648143521,-0.022983684274378153,-0.02909402386032676,-0.039444098529695416
802,-0.024464613709317202,-0.024499018395821807,-0.02666369700686102,-0.039444098529695416
803,-0.023952984347420676,-0.02516520281203115,-0.025537449409875203,-0.039444098529695416
804,-0.027046696105246133,-0.026463572198579418,-0.029101414690066173,-0.039444098529695416
805,-0.02807856825435943,-0.023352732467071674,-0.02939583419391037,-0.039444098529695416
806,-0.023451015297562296,-0.022242098062193856,-0.03454551963090252,-0.039444098529695416
807,-0.025089758956066903,-0.024585502787402985,-0.03873430324698118,-0.039444098529695416
808,-0.027228271652359887,-0.028164534535221275,-0.03534094164292997,-0.039444098529695416
809,-0.024159458771194364,-0.0290513951530013,-0.03787739973435716,-0.039444098529695416
810,-0.023293006616770667,-0.02737503951728543,-0.03259094960356273,-0.039444098529695416
811,-0.026502016680448832,-0.028750790222885847,-0.03654120003065559,-0.039444098529695416
812,-0.024831343491175648,-0.027597213511151658,-0.03220237949183951,-0.039444098529695416
813,-0.02525474256859741,-0.025795604248893524,-0.032869379816835756,-0.039444098529695416
814,-0.02212494562559584,-0.02395466331516962,-0.030268096715522087,-0.039444098529695416
815,-0.0237859408862289,-0.02171394751110261,-0.025357880166328842,-0.039444098529695416
816,-0.027699922095667153,-0.026480551182590156,-0.027955745674540514,-0.039444098529695416
817,-0.023865080937351214,-0.02294092954376093,-0.024310602129982185,-0.039444098529695416
818,-0.021736745847575605,-0.02152542744801621,-0.02865602365630049,-0.039444098529695416
819,-0.024945833053152316,-0.024573590478262113,-0.026051648123230846,-0.039444098529695416
820,-0.03158671316378157,-0.03141244041104208,-0.03258033097355326,-0.039444098529695416
821,-0.02757874679267209,-0.03313300888551608,-0.0397739419252533,-0.039444098529695416
822,-0.025567843505383932,-0.03294951834647679,-0.040263690845853586,-0.039444098529695416
823,-0.0275615264519914,-0.030017913475513126,-0.03584398219208238,-0.039444098529695416
824,-0.032511552005900925,-0.029656891632282332,-0.04066272288076929,-0.039444098529695416
825,-0.03254068775547682,-0.028968974202117154,-0.04014681075090927,-0.039444098529695416
826,-0.02677681060456203,-0.040341472448926975,-0.03880549934280231,-0.039444098529695416
827,-0.02822857348400616,-0.031092874287809217,-0.03946025986756725,-0.039444098529695416
828,-0.03052879216519554,-0.032475124163682756,-0.04100464159647334,-0.039444098529695416
829,-0.033928977598351166,-0.030285635772813162,-0.039904878811451806,-0.039444098529695416
830,-0.03188295371912641,-0.03521170488408662,-0.03718972720457877,-0.039444098529695416
831,-0.02404760042864662,-0.029289139608990555,-0.0337405356929531,-0.039444098529695416
832,-0.026950866943492344,-0.03368446630422761,-0.0327024115866491,-0.039444098529695416
833,-0.028486037285508414,-0.02922068879147253,-0.041429216927347426,-0.039444098529695416
834,-0.02768867107742137,-0.02650250724667539,-0.03456197793283793,-0.039444098529695416
835,-0.028165400667197537,-0.028581926555057983,-0.0357819516432267,-0.039444098529695416
836,-0.026793168832275265,-0.028836329626237077,-0.03651598989706467,-0.039444098529695416
837,-0.024905158026387833,-0.02671200137344404,-0.03458816610705025,-0.039444098529695416
838,-0.02764657201985982,-0.02690051455807376,-0.032102542938517435,-0.039444098529695416
839,-0.027422672616926314,-0.031020334413202146,-0.02911369452866977,-0.039444098529695416
840,-0.02555381890991541,-0.02728067037989025,-0.032027273823347774,-0.039444098529695416
841,-0.024576124612372657,-0.030229435064533204,-0.03299398870110431,-0.039444098529695416
842,-0.025841489266659447,-0.029386604545557672,-0.03056915466500744,-0.039444098529695416
843,-0.02672885117699176,-0.029845878030895463,-0.02732690492145233,-0.039444098529695416
844,-0.02942922860698759,-0.026133218904107653,-0.030698819792305706,-0.039444098529695416
845,-0.025266951210030923,-0.022248102468489087,-0.02882546546925088,-0.039444098529695416
846,-0.024939857235003537,-0.027201880440431172,-0.02892551366224149,-0.039444098529695416
847,-0.023991155126381215,-0.02334018756631693,-0.03114866148506534,-0.039444098529695416
848,-0.022084415929994643,-0.021770505686858486,-0.028801315627800486,-0.039444098529695416
849,-0.02815835424450899,-0.027949666581102,-0.035596916659898524,-0.039444098529695416
850,-0.024433799798936673,-0.03385251937403146,-0.028492297498370667,-0.039444098529695416
851,-0.027653546332410572,-0.02704865921133665,-0.032790560051731275,-0.039444098529695416
852,-0.02288442525589245,-0.024227285268456945,-0.02554468159900931,-0.039444098529695416
853,-0.026811928362539355,-0.023799111223948382,-0.029239624600553158,-0.039444098529695416
854,-0.02596967580158509,-0.03081652578569561,-0.02926230668968243,-0.039444098529695416
855,-0.022517316906986617,-0.027707675737025275,-0.028893256688909904,-0.039444098529695416
856,-0.02574620519506818,-0.026656770682821292,-0.03257952751626584,-0.039444098529695416
857,-0.03912242653307022,-0.031021514275951595,-0.04800951087264272,-0.039444098529695416
858,-0.030413895055948978,-0.0356545817301855,-0.03825097201610926,-0.039444098529695416
859,-0.03203280401078109,-0.036050981118432385,-0.04355307653426259,-0.039444098529695416
860,-0.035064075037141276,-0.03206323034380658,-0.040846976659293724,-0.039444098529695416
861,-0.028303406659076543,-0.029331608700800756,-0.0423929253319335,-0.039444098529695416
862,-0.030218585367408388,-0.02932490436525259,-0.03408739518981437,-0.039444098529695416
863,-0.032878810067718436,-0.0349593098863901,-0.036587887013676795,-0.039444098529695416
864,-0.03014409380717496,-0.029943042122461454,-0.03729303786592352,-0.039444098529695416
865,-0.03476342083985783,-0.03373168284387074,-0.03593860760099994,-0.039444098529695416
866,-0.030326305902140194,-0.03145167073876393,-0.03438827331851138,-0.039444098529695416
867,-0.030556927211525014,-0.03141634163932802,-0.034546442855060255,-0.039444098529695416
868,-0.029041875404099457,-0.03143011696612424,-0.03190130842990285,-0.039444098529695416
869,-0.03032601072403836,-0.02991421407381817,-0.03522634570000708,-0.039444098529695416
870,-0.03184911859722153,-0.03460706996796239,-0.034265786992580906,-0.039444098529695416
871,-0.030413463534356037,-0.03851853914458249,-0.034906646329432314,-0.039444098529695416
872,-0.03229470184482607,-0.03860823156122118,-0.04030008337696411,-0.039444098529695416
873,-0.03250800787268429,-0.02948634572352606,-0.03352794210164085,-0.039444098529695416
874,-0.032789370065780796,-0.03287401955668138,-0.03853116311169524,-0.039444098529695416
875,-0.028508572942079976,-0.028297023831068305,-0.03405796920261024,-0.039444098529695416
876,-0.03224963138808665,-0.031666103160892876,-0.031441138604539606,-0.039444098529695416
877,-0.029114314114000832,-0.03113615443970191,-0.036599779633900036,-0.039444098529695416
878,-0.031051048984555445,-0.032601510693331275,-0.02883238252191966,-0.039444098529695416
879,-0.028636124111459372,-0.03085931213564132,-0.029326221757089124,-0.039444098529695416
880,-0.024702798662555064,-0.027431962734057777,-0.028658508544875123,-0.039444098529695416
881,-0.025469856689288476,-0.030434671033961733,-0.035522746468876515,-0.039444098529695416
882,-0.021691412479604717,-0.025591303901965793,-0.02863083121758083,-0.039444098529695416
883,-0.026155976442966584,-0.025407496754455257,-0.028056808454573458,-0.039444098529695416
884,-0.02334073855095044,-0.024469367055414127,-0.027623621288513908,-0.039444098529695416
885,-0.02562717074339287,-0.025498331491215023,-0.03130446754958852,-0.039444098529695416
886,-0.02616613119890115,-0.02565808319194288,-0.03526646724331271,-0.039444098529695416
887,-0.023566773957347104,-0.02266613319882236,-0.032037489788981015,-0.039444098529695416
888,-0.02436205923002245,-0.026553950413075414,-0.02915502950919376,-0.039444098529695416
889,-0.02677699667044365,-0.028635494524019006,-0.034222896390397405,-0.039444098529695416
890,-0.024738262049972932,-0.024656849432042653,-0.03337405684987688,-0.039444098529695416
891,-0.028119370703464482,-0.029907634052970776,-0.03106715059147735,-0.039444098529695416
892,-0.0252607581681941,-0.029631336031739043,-0.04009246684282871,-0.039444098529695416
893,-0.025585814210514403,-0.027110719523607857,-0.030750885192508216,-0.039444098529695416
894,-0.025861228567536077,-0.02677962428781522,-0.03401270632831363,-0.039444098529695416
895,-0.028163985118942116,-0.02601284959379743,-0.03344816594669105,-0.039444098529695416
896,-0.03159057891747311,-0.03135405347959722,-0.034836029957125834,-0.039444098529695416
897,-0.028287518671181424,-0.028657920823069793,-0.03493403785652185,-0.039444098529695416
898,-0.02890628663726592,-0.03291542372900181,-0.03401720815035541,-0.039444098529695416
899,-0.028458825604951856,-0.03307809359094351,-0.029915922219772743,-0.039444098529695416
900,-0.027595291508709957,-0.0302965719754468,-0.034733860003682324,-0.039444098529695416
901,-0.029220402952480847,-0.03233696916365129,-0.03697613935062671,-0.039444098529695416
902,-0.02782845648579286,-0.025847346634717654,-0.030372179970580986,-0.039444098529695416
903,-0.024351298662643878,-0.02792354492780327,-0.03431239872247665,-0.039444098529695416
904,-0.025453306784581697,-0.02887336025893385,-0.030446284836928066,-0.039444098529695416
905,-0.03802716287089125,-0.036690725603351425,-0.04874767039531348,-0.039444098529695416
906,-0.03703360960358363,-0.03937814522151069,-0.051763077841767154,-0.039444098529695416
907,-0.042236972904254634,-0.04002706291030996,-0.0428596153315117,-0.039444098529695416
908,-0.03870045902635913,-0.035875237952424754,-0.04441073030150735,-0.039444098529695416
909,-0.03845759518177147,-0.043157613462109966,-0.046096943014717,-0.039444098529695416
910,-0.04051699167211913,-0.045877773271600635,-0.07978805674451038,-0.039444098529695416
911,-0.035938528356153625,-0.039951497804441,-0.04784269008013403,-0.039444098529695416
912,-0.03804711477419316,-0.04102721871202274,-0.03954295204063181,-0.039444098529695416
913,-0.03588494643904592,-0.038327181509663785,-0.043264223449942005,-0.039444098529695416
914,-0.03427932415777922,-0.03774309192024871,-0.038211251257325336,-0.039444098529695416
915,-0.03359619384129119,-0.034715950934627315,-0.0393711127022907,-0.039444098529695416
916,-0.033949983403489634,-0.036008562712621574,-0.044857113080571547,-0.039444098529695416
917,-0.03190659188604023,-0.04125586846393854,-0.04434036856615148,-0.03813729217847722
918,-0.03686481562619378,-0.036018836164564465,-0.03798392992667835,-0.03813729217847722
919,-0.0331714343240711,-0.04031546855054904,-0.04118402935384115,-0.03813729217847722
920,-0.035944749892710966,-0.03540156923087983,-0.04256552878622216,-0.03813729217847722
921,-0.03459083966153924,-0.03354593185778584,-0.04004603522384207,-0.03813729217847722
922,-0.03445698858345334,-0.03900321844659643,-0.039806131240623675,-0.03813729217847722
923,-0.030302177093343412,-0.03173312473828926,-0.03846543524410083,-0.03813729217847722
924,-0.032386645254458966,-0.03086941996364408,-0.036390723053719605,-0.03813729217847722
925,-0.03382079328017382,-0.03641465422694596,-0.039064152646066386,-0.03764043425580378
926,-0.030521385999133392,-0.03243887285224984,-0.04142288915354745,-0.03764043425580378
927,-0.02920464139275213,-0.030822707870170656,-0.03868430067653631,-0.03764043425580378
928,-0.03084390628989948,-0.03140360161439488,-0.03528511861709062,-0.03764043425580378
929,-0.030275607799717517,-0.03171912280250682,-0.036777611524800614,-0.03764043425580378
930,-0.027992989354921612,-0.025922423857533808,-0.03829467166866814,-0.03764043425580378
931,-0.02512182521020408,-0.03155414220856009,-0.03153293340851158,-0.03764043425580378
932,-0.02580562488177277,-0.031342644599830084,-0.03165265609003364,-0.03764043425580378
933,-0.03102775522039263,-0.028905706469665633,-0.03180879242271897,-0.03764043425580378
934,-0.030506921947530023,-0.027130856866126117,-0.03277421237692398,-0.03764043425580378
935,-0.026668429624523753,-0.025087044303307552,-0.03727585733301246,-0.03764043425580378
936,-0.025444777423447553,-0.02779739382743516,-0.03349423346677526,-0.03764043425580378
937,-0.026019248534008454,-0.027917507562821825,-0.032920860460165735,-0.03764043425580378
938,-0.025789878611543682,-0.030426426766259385,-0.036160416338954206,-0.03764043425580378
939,-0.025940182335082607,-0.03033681308648425,-0.029048586261079153,-0.03764043425580378
940,-0.024644561319765796,-0.02789981071204588,-0.031633469059906945,-0.03764043425580378
941,-0.023296532199138485,-0.027289706892510427,-0.029126246244993458,-0.03764043425580378
942,-0.02844304925436385,-0.02832289398455632,-0.030831586948004464,-0.03764043425580378
943,-0.02894809989440469,-0.028623238506452393,-0.030136589624870216,-0.03764043425580378
944,-0.02313037151127044,-0.026801287363337548,-0.03481404030762427,-0.03764043425580378
945,-0.029495292044899108,-0.02626210190838954,-0.030288612868385374,-0.03764043425580378
946,-0.024611067553104396,-0.027406625076076774,-0.03462147355832633,-0.03764043425580378
947,-0.02598241826751872,-0.029089825719774486,-0.029072469960706785,-0.03764043425580378
948,-0.023559987765819235,-0.02613947873206191,-0.03101076791452308,-0.03764043425580378
949,-0.025746504681291315,-0.027827600983305396,-0.027824124978604245,-0.03764043425580378
950,-0.024377459403773317,-0.02861462546195497,-0.03131496622144495,-0.02678350214627218
951,-0.02677567528144123,-0.024697498737713628,-0.028868775140668886,-0.02678350214627218
952,-0.022693903431957516,-0.026746630519228636,-0.02782560907317556,-0.02678350214627218
953,-0.026562298722946166,-0.030336822878250284,-0.029451131998674576,-0.02678350214627218
954,-0.028181830152390328,-0.029755346741476934,-0.0329756795191995,-0.02678350214627218
955,-0.02612819002270677,-0.02713230940207621,-0.033131933198061694,-0.02678350214627218
956,-0.03083811428937607,-0.03548236352806562,-0.0325884857347856,-0.02678350214627218
957,-0.027285650874904557,-0.026691796448680437,-0.0326774004051956,-0.02678350214627218
958,-0.026773632920142953,-0.0320563155373926,-0.03127865502723355,-0.02678350214627218
959,-0.0245574256720538,-0.028876143051458844,-0.032433859282386596,-0.02678350214627218
960,-0.02327909056763286,-0.026226606690649076,-0.034198963542591686,-0.02678350214627218
961,-0.02393881996736404,-0.02506048670831714,-0.03201900454050266,-0.02678350214627218
962,-0.024254674160785413,-0.026787036037922,-0.031187728080645183,-0.02678350214627218
963,-0.02710844013566103,-0.03019604425722281,-0.03253434233790802,-0.02678350214627218
964,-0.02935954036189532,-0.02831759791600113,-0.03629245477596741,-0.02678350214627218
965,-0.02622733018703793,-0.028869161443155565,-0.03054773781889973,-0.02678350214627218
966,-0.02580659542619762,-0.02847948601805635,-0.030674144255769833,-0.02678350214627218
967,-0.02719351549059015,-0.02952501287296379,-0.0345597787204299,-0.02678350214627218
968,-0.02614453000764554,-0.030390467686539604,-0.035249293366473894,-0.02678350214627218
969,-0.025279957905648794,-0.02975136687555751,-0.03270461275301666,-0.02678350214627218
970,-0.02611812275489179,-0.03311145321566688,-0.0332996448862644,-0.02678350214627218
971,-0.029831733629643756,-0.03202394298604945,-0.03451061701536953,-0.02678350214627218
972,-0.02829717805967241,-0.032292883726014264,-0.03420524313565005,-0.02678350214627218
973,-0.027118086745332625,-0.030245939266071026,-0.03829742614971704,-0.02678350214627218
974,-0.026100161259332053,-0.027931661651301783,-0.038297157315226336,-0.02678350214627218
975,-0.027371824959636384,-0.0274127386525667,-0.0316194747613398,-0.02678350214627218
976,-0.023904858740147153,-0.03086908673879775,-0.033920783223992335,-0.02678350214627218
977,-0.023854229924044318,-0.026567474430066573,-0.03519667936599034,-0.02678350214627218
978,-0.026463897869112532,-0.026381444507080486,-0.03403473341728021,-0.026025776980164617
979,-0.0252141143356251,-0.03006621501921451,-0.034209516352341464,-0.026025776980164617
980,-0.025892831582629793,-0.024340471854671204,-0.027577560297200685,-0.026025776980164617
981,-0.02449849394711958,-0.03098592685956043,-0.031885143942020466,-0.026025776980164617
982,-0.02444575019133703,-0.02517881970448718,-0.028412135754037636,-0.026025776980164617
983,-0.02638560685879883,-0.026865892182234168,-0.030556345253699563,-0.026025776980164617
984,-0.025661801445703063,-0.02961927736771081,-0.030737543779256127,-0.026025776980164617
985,-0.030273132121739977,-0.03187657003880333,-0.03552447305929995,-0.026025776980164617
986,-0.027004478721806117,-0.031979691852684816,-0.03366177010572633,-0.026025776980164617
987,-0.028647942441942586,-0.030392660675215982,-0.03072510774266981,-0.026025776980164617
988,-0.026570643003301104,-0.02582646083510356,-0.03558778931360565,-0.026025776980164617
989,-0.027372599357351812,-0.032603564062867234,-0.0271775079514157,-0.026025776980164617
990,-0.028709211447777425,-0.027757076537701604,-0.027013440951077626,-0.026025776980164617
991,-0.026675038926578198,-0.03150055702362785,-0.03023196340317375,-0.026025776980164617
992,-0.027042185412284578,-0.028483739369143245,-0.033038683798241056,-0.026025776980164617
993,-0.025081344224883825,-0.02348228857677828,-0.028238945167411773,-0.026025776980164617
994,-0.026485259027234725,-0.025836456065799315,-0.02834602545612239,-0.026025776980164617
995,-0.022532597546485466,-0.030625872554081147,-0.027100887182441566,-0.026025776980164617
996,-0.023255081123400138,-0.023007929908683836,-0.03173085757298187,-0.026025776980164617
997,-0.025409265270306482,-0.0263641178235237,-0.033631700008078094,-0.026025776980164617
998,-0.023509705047319397,-0.026791617385972317,-0.026029547503405123,-0.026025776980164617
999,-0.02469148827140384,-0.02766942043102624,-0.027477874202064805,-0.026025776980164617
1000,-0.022695564042397344,-0.023463001302036393,-0.027996021275516963,-0.026025776980164617
1001,-0.022007115956860928,-0.025262397259542824,-0.02954541550391817,-0.026025776980164617
1002,-0.024861765912470073,-0.022926690644142513,-0.03065048313964953,-0.026025776980164617
1003,-0.02097798592691159,-0.02285546125320271,-0.024457347340480582,-0.026025776980164617
1004,-0.02278704384652875,-0.024028194873709885,-0.027276760103179837,-0.026025776980164617
1005,-0.0216981602106182,-0.02267493775848434,-0.02732586745246832,-0.026025776980164617
1006,-0.02306171732995431,-0.02379173496403435,-0.030047964080820305,-0.026025776980164617
1007,-0.022709605929104513,-0.02273213909885883,-0.03151685906127025,-0.026025776980164617
1008,-0.02299499669146037,-0.02441957591119485,-0.02643734435890759,-0.026025776980164617
1009,-0.022040083171458256,-0.02173230545867293,-0.02664075934338002,-0.025865878877006872
1010,-0.024119646730591054,-0.025795994668352022,-0.029655623720441966,-0.025865878877006872
1011,-0.022634168268346945,-0.02791890527684715,-0.025428492236320373,-0.025865878877006872
1012,-0.0235163737884035,-0.024625523760364174,-0.029840280908251315,-0.025865878877006872
1013,-0.022421606156559373,-0.02522892422659064,-0.02614524664293813,-0.025865878877006872
1014,-0.022339650987399786,-0.028377151809039974,-0.03340162466769357,-0.025865878877006872
1015,-0.022762149930534194,-0.027896813097185977,-0.028415667190631388,-0.025865878877006872
1016,-0.022691775462190953,-0.025468788462265683,-0.03093897818595429,-0.025865878877006872
1017,-0.022297996208123873,-0.025175895768206683,-0.025251170368093993,-0.025865878877006872
1018,-0.02139821155719582,-0.025426510005360992,-0.028943562005551655,-0.025865878877006872
1019,-0.0210837638638767,-0.025284151726949568,-0.026510809773446813,-0.025865878877006872
1020,-0.019581042219812772,-0.021881274983838735,-0.02568970289358714,-0.025865878877006872
1021,-0.02247359262824981,-0.023043013273508987,-0.024285330791085847,-0.025865878877006872
1022,-0.0189107377668615,-0.021991261317653596,-0.021800521760178646,-0.025865878877006872
1023,-0.02077332171598612,-0.024324998168838406,-0.026739757454323047,-0.025865878877006872
1024,-0.020206487435926457,-0.02397456433606848,-0.025093278166087894,-0.025865878877006872
1025,-0.023487800335898673,-0.02337523251279076,-0.027107732347779575,-0.025865878877006872
1026,-0.0210920321875033,-0.024639727688197784,-0.02411220185849868,-0.025865878877006872
1027,-0.023947439077331795,-0.022537579008231428,-0.02671543901194933,-0.025865878877006872
1028,-0.019507221364570147,-0.02551945709587579,-0.031627665843596685,-0.025865878877006872
1029,-0.02281590495230253,-0.02468245427068407,-0.023303094491469282,-0.025865878877006872
1030,-0.022157459446410777,-0.025829893302956944,-0.027348739984853765,-0.025865878877006872
1031,-0.022927018398073026,-0.023221868400740593,-0.023858322628944835,-0.025865878877006872
1032,-0.022096244333377448,-0.022419667974231953,-0.02798829379983509,-0.025865878877006872
1033,-0.02257752868832576,-0.024669040759437582,-0.02290247064921434,-0.025865878877006872
1034,-0.02242712048148006,-0.02410334324530931,-0.03073788736413843,-0.025865878877006872
1035,-0.02120660143701867,-0.02666098184182479,-0.027604253566519535,-0.025865878877006872
1036,-0.02225866036622372,-0.02361208654834967,-0.02767817263496915,-0.025865878877006872
1037,-0.021888907848636584,-0.021937684372613002,-0.02933579410100904,-0.025865878877006872
1038,-0.020477857501753925,-0.02763923665456873,-0.023160859701702015,-0.025865878877006872
1039,-0.022168469867204974,-0.022108170873940857,-0.025938377427340474,-0.025865878877006872
1040,-0.019031187325459744,-0.021945003942281605,-0.02604621736712732,-0.025865878877006872
1041,-0.019648001133779347,-0.025473231693107674,-0.024528389319521865,-0.025865878877006872
1042,-0.019455182623016824,-0.02301678737853076,-0.02390284328825147,-0.025865878877006872
1043,-0.02243814568326361,-0.021518888701722014,-0.030960399544374753,-0.025865878877006872
1044,-0.01878174784269102,-0.022193312610230418,-0.022694582942868344,-0.025865878877006872
1045,-0.022759649104642888,-0.02671963728755184,-0.03073033384694253,-0.025865878877006872
1046,-0.021806656996161886,-0.025811112038269815,-0.028535373640175384,-0.025865878877006872
1047,-0.025772814132029594,-0.02693459047520484,-0.0272677734354959,-0.025865878877006872
1048,-0.020392408754670095,-0.027993955704573845,-0.029757130549194644,-0.025865878877006872
1049,-0.02449268136955869,-0.024715346909196072,-0.028565058047510097,-0.025865878877006872
1050,-0.021749981422484976,-0.02084997763994956,-0.02590499859397662,-0.025865878877006872
1051,-0.02337506660792382,-0.024818100923905954,-0.026423400153271676,-0.025865878877006872
1052,-0.023125275748630703,-0.021668239424733685,-0.028087581077629722,-0.025865878877006872
1053,-0.026197330795207446,-0.023001007996312352,-0.025779840564241877,-0.025865878877006872
1054,-0.025082465175796438,-0.023213256249468694,-0.026729264147581207,-0.025865878877006872
1055,-0.02366176524603501,-0.02311496932497436,-0.026872162226017304,-0.025865878877006872
1056,-0.02195486621135826,-0.024075084260144864,-0.028508116884588458,-0.025865878877006872
1057,-0.021842367510730876,-0.02097721784218028,-0.02481601978753545,-0.025865878877006872
1058,-0.01899723260699393,-0.02454479806378889,-0.02492142611319492,-0.025865878877006872
1059,-0.02089830430351541,-0.021469886541150503,-0.02670788070938033,-0.025865878877006872
1060,-0.02304962571638446,-0.024552061185877553,-0.027652637821982372,-0.025865878877006872
1061,-0.026365392013546343,-0.02527891061980715,-0.026551161490786214,-0.025865878877006872
1062,-0.02873906920091676,-0.027583205131912585,-0.02942527368809372,-0.025865878877006872
1063,-0.021500226841725215,-0.02781253567423905,-0.026691866666080637,-0.025865878877006872
1064,-0.02444602721819945,-0.030281065334565208,-0.028266496318705002,-0.025865878877006872
1065,-0.023065074019869573,-0.023231287598988425,-0.032480975010395575,-0.025865878877006872
1066,-0.02411007972436433,-0.027171642630122672,-0.03127244127683054,-0.025865878877006872
1067,-0.023685465043376278,-0.03391935504731669,-0.029707111145394333,-0.025865878877006872
1068,-0.023583817125662078,-0.033768326019145666,-0.027906258101291867,-0.025865878877006872
1069,-0.026176116432399053,-0.02569685266970918,-0.0275842115127974,-0.025865878877006872
1070,-0.026722978026477877,-0.026515352700947365,-0.03019387110544189,-0.025865878877006872
1071,-0.025540800526582415,-0.03102698304531443,-0.03736418824173432,-0.025865878877006872
1072,-0.027272162905797336,-0.023861262046727356,-0.028716928322169,-0.025865878877006872
1073,-0.024556153328951478,-0.029341975525664095,-0.03034454164877534,-0.025865878877006872
1074,-0.023506074674292634,-0.029535357574450423,-0.029301646653519146,-0.025865878877006872
1075,-0.021714406054198034,-0.024904003795182546,-0.027412204248202315,-0.025865878877006872
1076,-0.021394513507228635,-0.027892220454384865,-0.029343208602728908,-0.025865878877006872
1077,-0.022004075891860073,-0.025165519533844074,-0.028326661813375686,-0.025865878877006872
1078,-0.022563143873091874,-0.02598002569048983,-0.026423384021836582,-0.025865878877006872
1079,-0.023056041554369588,-0.021848284212209645,-0.032538704579515,-0.025865878877006872
1080,-0.02248141503493692,-0.023998671763590093,-0.028834602020730432,-0.025865878877006872
1081,-0.020836042028342508,-0.026005828910577036,-0.024442150480338702,-0.025865878877006872
1082,-0.020610043804088967,-0.021420060813581228,-0.022376010897268112,-0.025865878877006872
1083,-0.023556064533665277,-0.023807197886419034,-0.026447598771432747,-0.025865878877006872
1084,-0.021909583276202054,-0.02473828034578983,-0.0264910666924276,-0.025865878877006872
1085,-0.019782544977543774,-0.023722066046881502,-0.026340228382893977,-0.025865878877006872
1086,-0.018855338523598327,-0.025406984355406004,-0.023053978437986573,-0.025865878877006872
1087,-0.029111005183574547,-0.025869912131904,-0.02735137161933128,-0.025865878877006872
1088,-0.02634844755066,-0.02709595756881,-0.028059237294167913,-0.025865878877006872
1089,-0.02486821015205402,-0.027121497816451037,-0.02608918902959439,-0.025865878877006872
1090,-0.025630524423715505,-0.022443497378755357,-0.027227449219870168,-0.025865878877006872
1091,-0.02305668431192084,-0.02244193706781275,-0.02541051958972668,-0.025865878877006872
1092,-0.02491186295310182,-0.02677175786120704,-0.026138369118676386,-0.025865878877006872
1093,-0.021524200819609766,-0.026608406507123407,-0.025326669973194302,-0.025865878877006872
1094,-0.02120723628642626,-0.023798987570244425,-0.02538530016740316,-0.025865878877006872
1095,-0.023999295044363864,-0.025308987444577685,-0.026803573773102968,-0.025865878877006872
1096,-0.02365858584823516,-0.025260295372770043,-0.029552875220298824,-0.025865878877006872
1097,-0.02495045561329557,-0.026770511322037584,-0.028794081153069508,-0.025865878877006872
1098,-0.02323436332075292,-0.02381118755646861,-0.029589301570614297,-0.025865878877006872
1099,-0.023032093837503324,-0.025526967572858387,-0.030305453037203767,-0.025865878877006872
1100,-0.023719629981492595,-0.027848034211207445,-0.029154379902916205,-0.025865878877006872
1101,-0.02271939298869833,-0.022856425094437114,-0.029204094320817782,-0.025865878877006872
1102,-0.02135429909579579,-0.026813480610218612,-0.02852144222850952,-0.025865878877006872
1103,-0.023183535250972626,-0.024906956109411328,-0.029260188737030554,-0.025865878877006872
1104,-0.0228387843642912,-0.02548168070127209,-0.02731944926313085,-0.025865878877006872
1105,-0.019615939447182946,-0.02415311784252114,-0.024564704400486803,-0.025865878877006872
1106,-0.020517132181030386,-0.023705912990450703,-0.02651848174057728,-0.025865878877006872
1107,-0.021784916440074402,-0.03190713939847874,-0.026339667212286765,-0.025865878877006872
1108,-0.02113931781361489,-0.026283158448839494,-0.027205609869268677,-0.025865878877006872
1109,-0.022508025386640474,-0.024286651465286704,-0.024674063676455388,-0.025865878877006872
1110,-0.02139384043309233,-0.023954750775212592,-0.02915438631924732,-0.025865878877006872
1111,-0.023648817677315956,-0.027442875917140768,-0.025220577087872214,-0.025865878877006872
1112,-0.021957266408701024,-0.02458926702313316,-0.025431519616593116,-0.025865878877006872
1113,-0.022032741437527356,-0.024734722638189585,-0.026859418292793223,-0.025865878877006872
1114,-0.02417331211899265,-0.02823651512579593,-0.03002404075681122,-0.025865878877006872
1115,-0.02667220237091314,-0.025338038882114073,-0.03013481105617726,-0.025865878877006872
1116,-0.02424162521660486,-0.025573563138099477,-0.026979388296829325,-0.025865878877006872
1117,-0.022380438742737242,-0.02291447301376458,-0.029928335432558448,-0.025865878877006872
1118,-0.022951217871022164,-0.024587683645931967,-0.02611690627329994,-0.025865878877006872
1119,-0.02080230029807192,-0.026403085020883017,-0.026218331367067905,-0.025865878877006872
1120,-0.021952987103549777,-0.0247116642225698,-0.024882850262807215,-0.025865878877006872
1121,-0.021825548250906872,-0.02551018191393522,-0.02753910104515548,-0.025865878877006872
1122,-0.01900974951388997,-0.02099688330970732,-0.024982963520017786,-0.025865878877006872
1123,-0.021765057552260398,-0.026528003973614423,-0.023941725683061146,-0.025865878877006872
1124,-0.020424193752834083,-0.024412170906241076,-0.02373012842834425,-0.025865878877006872
1125,-0.020524990867351933,-0.021409174432034897,-0.021342351862786556,-0.025865878877006872
1126,-0.0205059980976384,-0.023077853298485787,-0.021175100332331435,-0.025865878877006872
1127,-0.021217849512818663,-0.02219000630840764,-0.023771294121120203,-0.025865878877006872
1128,-0.020085262281551365,-0.020410778856377525,-0.022653608772975283,-0.025865878877006872
1129,-0.02155733839481031,-0.020376702658801593,-0.020757066732684914,-0.025865878877006872
1130,-0.022124050878355735,-0.02232292469453065,-0.026261211117932854,-0.025865878877006872
1131,-0.019101827246497997,-0.020069567277341722,-0.025409096966618198,-0.025865878877006872
1132,-0.0192213459608033,-0.02387079592264928,-0.023007741559533883,-0.025865878877006872
1133,-0.020639443058251727,-0.02045625371988644,-0.025208321652657562,-0.025865878877006872
1134,-0.019054747940202052,-0.02378827153965128,-0.024190799889110628,-0.025865878877006872
1135,-0.018980928935453986,-0.023685977722854634,-0.025914077334405997,-0.025865878877006872
1136,-0.0198435458923662,-0.020675266455109143,-0.02834403659575978,-0.025865878877006872
1137,-0.017472186561930877,-0.019814843896569446,-0.022929787145123608,-0.025865878877006872
1138,-0.021729976933773452,-0.022519630915392115,-0.023493793582830744,-0.025865878877006872
1139,-0.0184162134378824,-0.020741864839390643,-0.02319994478531566,-0.025865878877006872
1140,-0.017451220733709204,-0.02088030462695659,-0.023050391731919,-0.025865878877006872
1141,-0.02163787120516428,-0.020653206050576623,-0.02116472034900354,-0.025865878877006872
1142,-0.020604505047039964,-0.021763686941098623,-0.022732881630837958,-0.025865878877006872
1143,-0.020037363887135905,-0.02180503522976098,-0.0217516241108046,-0.025865878877006872
1144,-0.01801362128618852,-0.020750578134372203,-0.023568052740988943,-0.025865878877006872
1145,-0.020159141315665072,-0.023818468243588603,-0.02555290873995765,-0.025865878877006872
1146,-0.017860928460297965,-0.021718706544378703,-0.02218552427321231,-0.025865878877006872
1147,-0.019460159974281206,-0.02077918764353955,-0.022251540699438424,-0.025865878877006872
1148,-0.016300980442841832,-0.02056379442836415,-0.018641884883183465,-0.025865878877006872
1149,-0.015734908035260668,-0.02178886965833521,-0.023015721158153826,-0.025865878877006875
1150,-0.018131631553710056,-0.019875335337435265,-0.02126610206346321,-0.025865878877006875
1151,-0.021882295925900436,-0.022884149991656465,-0.021117097210194096,-0.025865878877006875
1152,-0.018004388371277966,-0.020214586775397156,-0.0204756259091599,-0.025865878877006875
1153,-0.016602740314740853,-0.017660515042097723,-0.01864506831039916,-0.025865878877006875
1154,-0.01600379391778649,-0.019625192230013175,-0.021693506305403704,-0.025865878877006875
1155,-0.01905189757561775,-0.019525149045907977,-0.0212267496836511,-0.025865878877006875
1156,-0.01773311863967116,-0.021314652360713338,-0.01898241836336969,-0.025865878877006875
1157,-0.01721783030642108,-0.018631294932294918,-0.018508211286792316,-0.025865878877006875
1158,-0.01583859489550929,-0.019131691340045765,-0.02190874572519972,-0.025865878877006875
1159,-0.017739421467455923,-0.020460489264305014,-0.024443031935992295,-0.025865878877006875
1160,-0.019616810166829687,-0.02013503085552967,-0.022092967277499667,-0.025865878877006875
1161,-0.01908874727719149,-0.022473449079307706,-0.02643340205086816,-0.025865878877006875
1162,-0.018636874163217316,-0.021735722828509836,-0.023475519943008553,-0.025865878877006875
1163,-0.01798914322437605,-0.0186965423221605,-0.021490073973078717,-0.025865878877006875
1164,-0.018015359701589927,-0.02050649779882006,-0.01873210330338607,-0.025865878877006875
1165,-0.016992828513508123,-0.0180752720129924,-0.023557353860205823,-0.025865878877006875
1166,-0.01666250423307986,-0.0200064830164126,-0.021015246816095193,-0.025865878877006875
1167,-0.015378275404314952,-0.02062394437307131,-0.018584874777189883,-0.02463064466692711
1168,-0.01719371551361778,-0.020083967637372666,-0.0245706552184823,-0.02463064466692711
1169,-0.021343934673104557,-0.02163406876393396,-0.034018374309822776,-0.02463064466692711
1170,-0.018546176077547917,-0.021828443572844733,-0.01822745789309241,-0.02463064466692711
1171,-0.017653644889405816,-0.019256573749688356,-0.02419928578367896,-0.02463064466692711
1172,-0.017847604346276743,-0.019170310844510357,-0.019029572049138094,-0.02463064466692711
1173,-0.016700946292903376,-0.02042327316779991,-0.022093234925564215,-0.02463064466692711
1174,-0.017106779076726645,-0.022860117186622782,-0.022564280692762652,-0.02463064466692711
1175,-0.016263868331600796,-0.01920809301463617,-0.01883464109382878,-0.02463064466692711
1176,-0.01509228776162494,-0.0202680002042393,-0.019420849616588427,-0.02463064466692711
1177,-0.018712626303166377,-0.018775036025103154,-0.020896667648378987,-0.02463064466692711
1178,-0.01975051372674139,-0.02275282118446232,-0.021444812349223442,-0.02463064466692711
1179,-0.017874517175368275,-0.020706507654020566,-0.020888730907395268,-0.02463064466692711
1180,-0.018502893876433876,-0.024143719896120124,-0.022641831225624125,-0.02463064466692711
1181,-0.020654352368751402,-0.020787452196911985,-0.025150658062122258,-0.02463064466692711
1182,-0.018207247423548744,-0.022006168272253324,-0.025059762723209048,-0.02463064466692711
1183,-0.01814067927241389,-0.01936924676236006,-0.022006562326701333,-0.02463064466692711
1184,-0.019614068811668585,-0.020780115286203937,-0.021960011830336176,-0.02463064466692711
1185,-0.018412433800688566,-0.022350992013157482,-0.02258818962976613,-0.02463064466692711
1186,-0.02068363148157651,-0.018560449852984825,-0.021572911493087654,-0.02463064466692711
1187,-0.017103055851273054,-0.023193610831264252,-0.022043995748089806,-0.02463064466692711
1188,-0.019581775459613465,-0.02116117033028968,-0.0212056696168648,-0.02463064466692711
1189,-0.02002398634024212,-0.021659861275919307,-0.018368524387314105,-0.02463064466692711
1190,-0.020068890343877255,-0.019050673236762707,-0.020837310525778904,-0.02463064466692711
1191,-0.016368400733365096,-0.021858095434084082,-0.02110396755974523,-0.02463064466692711
1192,-0.01791889817692735,-0.021806728836163594,-0.018357498370656297,-0.02463064466692711
1193,-0.01868833034340402,-0.01790177631523713,-0.019464944288716774,-0.02463064466692711
1194,-0.01629146497247145,-0.020095261079768702,-0.022673008788724042,-0.02463064466692711
1195,-0.020750958176411594,-0.020893786872206273,-0.023989943597974163,-0.02463064466692711
1196,-0.01971624068319702,-0.024388638353218205,-0.024408103285585372,-0.02463064466692711
1197,-0.02091780502075159,-0.02390842353210061,-0.021076231931573826,-0.02463064466692711
1198,-0.018889788856137738,-0.019419982134602144,-0.023949054772794787,-0.02463064466692711
1199,-0.01743151330466343,-0.02142882401552007,-0.020971065661333325,-0.02463064466692711
1200,-0.01706217446559396,-0.019924918636832652,-0.020140196006171448,-0.02463064466692711
1201,-0.020366399079741283,-0.022507857160037,-0.021273268675896767,-0.02463064466692711
1202,-0.0203272183040612,-0.021823852008254048,-0.024509648069063465,-0.02463064466692711
1203,-0.018939806867502157,-0.02082992716988157,-0.021673860774133608,-0.02463064466692711
1204,-0.017815440580648177,-0.021224000726058935,-0.02248321449543214,-0.02463064466692711
1205,-0.020908824070093698,-0.02227686504479322,-0.021120460401754314,-0.02463064466692711
1206,-0.018198807693235824,-0.02313449290519154,-0.022313833796477986,-0.02463064466692711
1207,-0.018386413098644045,-0.019763954236141173,-0.021334059632167657,-0.02463064466692711
1208,-0.021214994904901103,-0.018320525908034114,-0.020078483258246498,-0.02463064466692711
1209,-0.020122481470195835,-0.017125649789104306,-0.022500252098398687,-0.02463064466692711
1210,-0.016091176458503883,-0.019623683153520744,-0.02022615236178127,-0.02463064466692711
1211,-0.018638409457500282,-0.021563329897672557,-0.018095818590789577,-0.02463064466692711
1212,-0.018278608145156208,-0.018227832128306882,-0.019001009345334594,-0.02463064466692711
1213,-0.016689911633299623,-0.017526573432638037,-0.02037725805470013,-0.02463064466692711
1214,-0.01657700489156788,-0.017606400102895596,-0.02072261580668041,-0.02463064466692711
1215,-0.017067801800602023,-0.018071263847330727,-0.019110901412023325,-0.02463064466692711
1216,-0.016618051340249077,-0.017234519335840786,-0.020466179808419617,-0.02463064466692711
1217,-0.017616590136766964,-0.018365381054459607,-0.015597711002999589,-0.02463064466692711
1218,-0.016452728054271584,-0.01732441404117093,-0.023616046877674223,-0.02463064466692711
1219,-0.017353940432958643,-0.019697259391479833,-0.019200503114951088,-0.02463064466692711
1220,-0.018677649216555577,-0.02032849048132232,-0.021992269298148164,-0.02463064466692711
1221,-0.016068539009507898,-0.020367012203557997,-0.018627138490014634,-0.02463064466692711
1222,-0.017171749576489655,-0.017349957496711428,-0.017740621068986145,-0.02463064466692711
1223,-0.0162016497437329,-0.02003489660506026,-0.018839891429835994,-0.02463064466692711
1224,-0.019528111150343953,-0.02157005572146478,-0.02002755541525497,-0.02463064466692711
1225,-0.017897483670444504,-0.01772783852351816,-0.01861483016219267,-0.02463064466692711
1226,-0.016316665485096825,-0.01916713251987106,-0.01924343926383384,-0.02463064466692711
1227,-0.017457248449468048,-0.01635754869954155,-0.018557206819145487,-0.02463064466692711
1228,-0.01567069398779524,-0.01736418497603273,-0.022612428715480134,-0.02463064466692711
1229,-0.015853140024565466,-0.019578801740691557,-0.017127896444991915,-0.02463064466692711
1230,-0.018691710427866003,-0.018934875042629182,-0.022191076886973405,-0.02463064466692711
1231,-0.016157536052753926,-0.018475096144699294,-0.01909708644389918,-0.02463064466692711
1232,-0.01673715536052996,-0.01976051922250305,-0.02190739113022934,-0.02463064466692711
1233,-0.02032448959318506,-0.02133396346158601,-0.02295623983454736,-0.024477280980860106
1234,-0.01891699561073004,-0.020837968110308813,-0.019475163113334595,-0.024477280980860106
1235,-0.0191910708976108,-0.01994026568274339,-0.025780197258522247,-0.024477280980860106
1236,-0.019953324667781627,-0.021942423487838515,-0.02606589307832379,-0.024477280980860106
1237,-0.021687475832949277,-0.024410274145859456,-0.02232614823372552,-0.024477280980860106
1238,-0.018365010638485287,-0.020798150241067275,-0.022104656776986326,-0.024477280980860106
1239,-0.019074374636795958,-0.02106933228279529,-0.02267102439919942,-0.024477280980860106
1240,-0.022738761072338923,-0.024530710630022677,-0.023541796300568824,-0.024477280980860106
1241,-0.01889948210871431,-0.024029434586664164,-0.02902911827270259,-0.024477280980860106
1242,-0.01987094465869795,-0.022184806576578925,-0.024633852309553603,-0.024477280980860106
1243,-0.02219243139477732,-0.024948043243334446,-0.025725935665901915,-0.024477280980860106
1244,-0.022926778408056833,-0.02543999511933768,-0.025681877673534893,-0.024477280980860106
1245,-0.02602338403826159,-0.029023883569542778,-0.03077570319706915,-0.024477280980860106
1246,-0.027952176557996547,-0.029184910288201905,-0.027350175483695987,-0.024477280980860106
1247,-0.022004459936725552,-0.02716749383472142,-0.03228172150602998,-0.024477280980860106
1248,-0.022691811605528828,-0.025262402399757387,-0.027461005909323224,-0.024477280980860106
1249,-0.024527416325829013,-0.025588648003456824,-0.02835873510059971,-0.024477280980860106
1250,-0.02722603817436321,-0.025036739271954742,-0.031691646203169485,-0.024477280980860106
1251,-0.02541597542656664,-0.03163643164636937,-0.03173578226010848,-0.024477280980860106
1252,-0.024328101010199988,-0.029576470254764946,-0.030357263018566286,-0.024477280980860106
1253,-0.023196359492106917,-0.028422567721754256,-0.030387425114424993,-0.024477280980860106
1254,-0.02670799054949759,-0.024836846832088852,-0.028674347544427378,-0.024477280980860106
1255,-0.025674992247604746,-0.031031837761297535,-0.028048593396190386,-0.024477280980860106
1256,-0.024658982995995254,-0.025619145646371973,-0.02952580050775113,-0.024477280980860106
1257,-0.020721341263806932,-0.025194601918038337,-0.029169374360667077,-0.024477280980860106
1258,-0.025352364690553884,-0.02588591172959441,-0.029363886310247465,-0.024477280980860106
1259,-0.020520738792305218,-0.025073067533905806,-0.026449437618626198,-0.024477280980860106
1260,-0.022508351898377812,-0.023044162922739163,-0.0250962496276349,-0.024477280980860106
1261,-0.021410730550394948,-0.022156722637514576,-0.025059776284756703,-0.024477280980860106
1262,-0.02072354565777438,-0.024726000576429208,-0.02305451879058515,-0.024477280980860106
1263,-0.019504951070276545,-0.023984646737669514,-0.02508286702476076,-0.024477280980860106
1264,-0.023367011831755425,-0.02354099474059879,-0.026740496015158967,-0.024477280980860106
1265,-0.019336925278801563,-0.022923099443365937,-0.020685560472246473,-0.024477280980860106
1266,-0.019154448426408267,-0.026752019473640098,-0.023014112003233084,-0.024477280980860106
1267,-0.01855444672827506,-0.01936870024081015,-0.021781141727977127,-0.024477280980860106
1268,-0.01833800034323159,-0.018794494750719117,-0.022643683544787734,-0.024477280980860106
1269,-0.019340501222881404,-0.020065492681692255,-0.021196628939605413,-0.024477280980860106
1270,-0.01732704887410406,-0.019433148539456255,-0.023049430350100136,-0.024477280980860106
1271,-0.019191547929684666,-0.01944930795237127,-0.021597608752154454,-0.024477280980860106
1272,-0.020413457700464183,-0.023629523987491265,-0.021635340264201244,-0.024477280980860106
1273,-0.01762161628487906,-0.02189282211438945,-0.022059058026028703,-0.024477280980860106
1274,-0.017085498962489298,-0.02049805224184957,-0.019879445902686158,-0.024477280980860106
1275,-0.016374134045365165,-0.02012453933006551,-0.023612939791845512,-0.024477280980860106
1276,-0.01702386602692351,-0.019217329995374607,-0.022955737617284963,-0.024477280980860106
1277,-0.016574786640693555,-0.018415543203374123,-0.02123154951405141,-0.024477280980860106
1278,-0.019006875755590128,-0.020102403223656765,-0.021696409544497784,-0.024477280980860106
1279,-0.017608296186229378,-0.017330862125812543,-0.021831443446606202,-0.024477280980860106
1280,-0.0164148523031316,-0.017304299609430373,-0.01915992114579366,-0.024477280980860106
1281,-0.02120272584267911,-0.027793524642269547,-0.029124452657906547,-0.02489107161536764
1282,-0.0230076734315697,-0.025390528339642508,-0.03170019721554014,-0.02489107161536764
1283,-0.02175026450507135,-0.026542818148155813,-0.028272262964921174,-0.02489107161536764
1284,-0.023013204192775017,-0.027430952031798055,-0.027000658936246792,-0.02489107161536764
1285,-0.021372480986422564,-0.026507669249274765,-0.029583553167632635,-0.02489107161536764
1286,-0.02229564950267842,-0.02423309083199616,-0.030324080701872362,-0.02489107161536764
1287,-0.022809823324879325,-0.027188141964322378,-0.025635038829847207,-0.02489107161536764
1288,-0.02488507904245938,-0.02565084864200045,-0.030780706859317632,-0.02489107161536764
1289,-0.026420481604947484,-0.02965143805870889,-0.028893741897092186,-0.02489107161536764
1290,-0.02550628080499857,-0.02906288670926489,-0.030337141261402925,-0.02489107161536764
1291,-0.027882240000223678,-0.037511959249429,-0.034385733298084746,-0.02489107161536764
1292,-0.03563351143903239,-0.03825764004855782,-0.03724301377933442,-0.02489107161536764
1293,-0.029407390808440535,-0.032422031626760654,-0.03680222902362479,-0.02489107161536764
1294,-0.03161424403404404,-0.032493819431457245,-0.034931188610397595,-0.02489107161536764
1295,-0.03544241225816287,-0.034823760605874304,-0.04361081083708285,-0.02489107161536764
1296,-0.03421864125053247,-0.03434831974878017,-0.04656466991506789,-0.02489107161536764
1297,-0.029291821751007637,-0.03134872900436009,-0.03619956752985312,-0.02489107161536764
1298,-0.030470070253147276,-0.039634273676502324,-0.040505422703386536,-0.02489107161536764
1299,-0.029828611732639863,-0.03428161016508773,-0.03416474776690381,-0.02489107161536764
1300,-0.025826424871568714,-0.03289207462311538,-0.03255829026246955,-0.02489107161536764
1301,-0.025985953505383054,-0.027011433025389952,-0.030312261979619812,-0.02489107161536764
1302,-0.02523252808031184,-0.026398339124444843,-0.029504348521348644,-0.02489107161536764
1303,-0.0252134766214851,-0.028799191712651634,-0.03188967253007914,-0.02489107161536764
1304,-0.02413252197565281,-0.029124861541355136,-0.0336626859455046,-0.02489107161536764
1305,-0.023874943729033274,-0.025646937580726507,-0.02799568431744223,-0.02489107161536764
1306,-0.02627339676027046,-0.02270845169341038,-0.026974295453285474,-0.02489107161536764
1307,-0.02856183391508532,-0.036453565907521863,-0.03576761876550084,-0.025540886262828355
1308,-0.028620796389571868,-0.031427100073404136,-0.03593710398011085,-0.025540886262828355
1309,-0.027486512764069153,-0.033196666225791614,-0.03310645157013714,-0.025540886262828355
1310,-0.03656160680364432,-0.034727046087499935,-0.03779416365601209,-0.025540886262828355
1311,-0.031129678604633934,-0.03662394715000306,-0.038839909649872426,-0.025540886262828355
1312,-0.030160887521317625,-0.03027647707782328,-0.03514919658052878,-0.025540886262828355
1313,-0.02832933944902268,-0.02979598724821093,-0.03610377935048033,-0.025540886262828355
1314,-0.029961452014871978,-0.03437513588861561,-0.037706041049274636,-0.025540886262828355
1315,-0.028383014780597415,-0.029073751058363538,-0.04068564121950651,-0.025540886262828355
1316,-0.027715887985782606,-0.028614574285605796,-0.034941476423197296,-0.025540886262828355
1317,-0.02398946677012223,-0.026341820818173843,-0.028945996355527755,-0.025540886262828355
1318,-0.02779786192782415,-0.029596629255540543,-0.03085931480808775,-0.025540886262828355
1319,-0.024985247383487074,-0.025569785150342306,-0.037317803752952385,-0.025540886262828355
1320,-0.02473227283661299,-0.03059568703539056,-0.03059049860723491,-0.025540886262828355
1321,-0.02574692051492634,-0.03126265376870481,-0.03388935299039532,-0.025540886262828355
1322,-0.026686169176945503,-0.026954033815577757,-0.030974919060762097,-0.025540886262828355
1323,-0.026286798065649503,-0.030851711151277012,-0.03274198851466178,-0.025540886262828355
1324,-0.025477085741230178,-0.028884460580380564,-0.031094204305231583,-0.025540886262828355
1325,-0.029483098287648696,-0.024359735572952766,-0.035090798884333675,-0.025540886262828355
1326,-0.02652369684297856,-0.030835486665653576,-0.03369336966879015,-0.025540886262828355
1327,-0.02604168890925941,-0.032441592076698986,-0.034951316721003906,-0.025540886262828355
1328,-0.03141814211471339,-0.0338933183225095,-0.03826611066339067,-0.025540886262828355
1329,-0.030876430100874475,-0.03368847837039486,-0.036696312258357254,-0.025540886262828355
1330,-0.03303106887711503,-0.03394170484365061,-0.036987933401050145,-0.025540886262828355
1331,-0.029770724341240947,-0.030379936668544473,-0.037834635392211255,-0.025540886262828355
1332,-0.026432229053292643,-0.03377393545196181,-0.035997800725093794,-0.025540886262828355
1333,-0.028017978774245764,-0.030289590688328233,-0.03681696647476739,-0.025540886262828355
1334,-0.025058410583861598,-0.030258625844238288,-0.03500674474271037,-0.025540886262828355
1335,-0.029891066474934377,-0.028218749311204487,-0.03088554295476045,-0.025540886262828355
1336,-0.026476926079310577,-0.028915985919378957,-0.03504047643512696,-0.025540886262828355
1337,-0.025720014545544193,-0.02976333548293613,-0.031200149620999863,-0.025540886262828355
1338,-0.023015684345299575,-0.030135647541789098,-0.034965614401028994,-0.025540886262828355
1339,-0.030216441780841048,-0.02863841049754703,-0.0365170947656008,-0.025540886262828355
1340,-0.025697489122237453,-0.027310442575633986,-0.030119591923419387,-0.025540886262828355
1341,-0.024700223792398324,-0.02603803130462006,-0.030206810492096513,-0.025540886262828355
1342,-0.02463286299119335,-0.031666157083688924,-0.03186074141863217,-0.025540886262828355
1343,-0.025863623267339736,-0.027304804752713952,-0.029922924782736147,-0.025540886262828355
1344,-0.02072894264317706,-0.02835432401051527,-0.032630946115608135,-0.025540886262828355
1345,-0.025504555085707478,-0.02636402963626616,-0.03169232395935869,-0.025540886262828355
1346,-0.025129766994529755,-0.0254580821220632,-0.033521099980833094,-0.025540886262828355
1347,-0.023517132508245758,-0.027326762082175077,-0.031408382467518516,-0.025540886262828355
1348,-0.023547679862941834,-0.027907970203496394,-0.0288672647427875,-0.025540886262828355
1349,-0.023200434991342448,-0.025735051611766244,-0.030340366268355828,-0.025540886262828355
1350,-0.022440423437072744,-0.023361502202263417,-0.03408102834058134,-0.025540886262828355
1351,-0.025232943325186583,-0.028371004273988344,-0.034940655806456444,-0.025540886262828355
1352,-0.02499987065453355,-0.034416527354275285,-0.028925480846018366,-0.025540886262828355
1353,-0.033727821082102684,-0.030244693326142637,-0.039278960556276776,-0.025540886262828355
1354,-0.030231540923248115,-0.0314280443957552,-0.035501963252800695,-0.025540886262828355
1355,-0.027312625733142186,-0.026618201103084504,-0.03241078897677475,-0.025540886262828355
1356,-0.02787745289876124,-0.028516522971059034,-0.035638391037048245,-0.025540886262828355
1357,-0.02761032057057361,-0.033610450546203034,-0.03073850305783176,-0.025540886262828355
1358,-0.03038230643297174,-0.030787853453974477,-0.03289580343242146,-0.025540886262828355
1359,-0.024592165500236768,-0.028544861455978333,-0.04363348423067276,-0.025540886262828355
1360,-0.025261986499973726,-0.02855097642077152,-0.03387709602700422,-0.025540886262828355
1361,-0.03155797883296607,-0.029861241600735163,-0.03383794153451452,-0.025540886262828355
1362,-0.027751170440577986,-0.028933348437225177,-0.033416473266014164,-0.025540886262828355
1363,-0.02310675810879747,-0.027054037133531026,-0.038484437791535965,-0.025540886262828355
1364,-0.026314381971261284,-0.028230012343866847,-0.035141400907363174,-0.025540886262828355
1365,-0.029091233383676505,-0.02935681475546087,-0.04185540928873594,-0.025540886262828355
1366,-0.0263545368971802,-0.0277017271350593,-0.034695641884823505,-0.025540886262828355
1367,-0.027702419713621675,-0.026070411001369732,-0.0335140065199764,-0.025540886262828355
1368,-0.026161181234282363,-0.033377882947200115,-0.039317004866968965,-0.025540886262828355
1369,-0.02530384596625465,-0.03336285714020401,-0.03204375748194971,-0.025540886262828355
1370,-0.02392866337047311,-0.025239782898925985,-0.03531565126947049,-0.025540886262828355
1371,-0.027612379945302162,-0.028096608536590673,-0.034442205842830725,-0.025540886262828355
1372,-0.028155966183293,-0.028903891825782606,-0.029977788112008696,-0.025540886262828355
1373,-0.026139178136596164,-0.024133190115950606,-0.03094494612782089,-0.025540886262828355
1374,-0.02406442071535395,-0.028603144982104985,-0.032592579938468036,-0.025540886262828355
1375,-0.02257978135034415,-0.026769614984494088,-0.03622287152671997,-0.025540886262828355
1376,-0.02488950830938184,-0.026089593260157674,-0.03293653409415398,-0.025540886262828355
1377,-0.024463690787162002,-0.025790878262210798,-0.030692162700519304,-0.025540886262828355
1378,-0.022760048839809564,-0.0274952099367403,-0.029208654481967557,-0.025540886262828355
1379,-0.023649568294344232,-0.029552619581601502,-0.02868297217068316,-0.025540886262828355
1380,-0.022760722251551516,-0.02563341956681336,-0.03146907702760543,-0.025540886262828355
1381,-0.027010255848981805,-0.029632733254559052,-0.03256198899800106,-0.025540886262828355
1382,-0.02594073530873399,-0.02909184179929783,-0.033379034418883104,-0.025540886262828355
1383,-0.0272228799422624,-0.027524890490101397,-0.032343591698015324,-0.025540886262828355
1384,-0.02356477754220495,-0.02505369124538483,-0.029757575199123247,-0.025540886262828355
1385,-0.022368692894029863,-0.026430507050739332,-0.02844774757691221,-0.025540886262828355
1386,-0.021962617689266287,-0.027095426864209713,-0.030457299600613743,-0.025540886262828355
1387,-0.024211854156332556,-0.02324337778988322,-0.02712042663865607,-0.025540886262828355
1388,-0.023181515260633355,-0.025184962489954152,-0.028366665222524023,-0.025540886262828355
1389,-0.02121921739871248,-0.024554009337057113,-0.028168065255313297,-0.025540886262828355
1390,-0.02353097085477573,-0.026687897365425452,-0.02704762418952003,-0.025540886262828355
1391,-0.02612439715273399,-0.02733543231108131,-0.027040344886707927,-0.025540886262828355
1392,-0.020923463966540184,-0.024421454392489713,-0.028677545435051088,-0.025540886262828355
1393,-0.02117906506481869,-0.024803564484262564,-0.026175612175026206,-0.025540886262828355
1394,-0.024611360945360528,-0.023736137594359216,-0.027413108121749682,-0.025540886262828355
1395,-0.024306525537429215,-0.025684097369099827,-0.02662675407785475,-0.025540886262828355
1396,-0.026405756344907185,-0.030191332987420792,-0.03189085690093598,-0.025540886262828355
1397,-0.024392618984586622,-0.027153541982223306,-0.030817618279712564,-0.025540886262828355
1398,-0.025524612795758114,-0.024963898630332226,-0.02748754910846714,-0.025540886262828355
1399,-0.022298573701128407,-0.024219638103027755,-0.027626876800150836,-0.025540886262828355
1400,-0.02245118432024248,-0.025115618795382866,-0.02890843883742708,-0.025540886262828355
1401,-0.02318862779633768,-0.021600775278143296,-0.028401511532394036,-0.025540886262828355
1402,-0.019025765263004094,-0.0250293685167774,-0.029805066988891578,-0.025540886262828355
1403,-0.020554850027013717,-0.023797639387904867,-0.02496500669242839,-0.025540886262828355
1404,-0.02153859682955443,-0.022880187701875027,-0.02336634094625018,-0.025540886262828355
1405,-0.01762278488454114,-0.021401476026203403,-0.021895125736218567,-0.016268060623674908
1406,-0.020127535729366593,-0.021466919435420673,-0.025552631838707134,-0.016268060623674908
1407,-0.019604630569353337,-0.021012927359628973,-0.02463134446919473,-0.016268060623674908
1408,-0.023206020650451076,-0.022250239298728068,-0.029487113674313274,-0.016268060623674908
1409,-0.022781141068327168,-0.024177770099882378,-0.03028132906407009,-0.016268060623674908
1410,-0.022768978529594967,-0.025691393578326106,-0.02747004621991765,-0.016268060623674908
1411,-0.02398109306654925,-0.022266871234502435,-0.027589886182840095,-0.016268060623674908
1412,-0.022465197320845242,-0.024265572144534547,-0.02796134691425283,-0.016268060623674908
1413,-0.019154314800571868,-0.02031972433944711,-0.024875860356833222,-0.016268060623674908
1414,-0.020038627206178022,-0.020882124986701014,-0.02559444455106816,-0.016268060623674908
1415,-0.0216289340213156,-0.026494563303797004,-0.027415129725518815,-0.016268060623674908
1416,-0.02304347267924664,-0.027293936977021333,-0.033076509690875514,-0.016268060623674908
1417,-0.022640217812842867,-0.024625500222692893,-0.03142204938484881,-0.016268060623674908
1418,-0.022229386260156206,-0.02392143356038392,-0.02858667770210103,-0.016268060623674908
1419,-0.025579259166505393,-0.025643468918645752,-0.029448226016292236,-0.016268060623674908
1420,-0.023667275269132555,-0.023767269287038192,-0.028317684243322126,-0.016268060623674908
1421,-0.02480400815472548,-0.02448558991747661,-0.027381131789214017,-0.016268060623674908
1422,-0.022782196290595854,-0.028505606027090735,-0.026330708915171277,-0.016268060623674908
1423,-0.02133158132055855,-0.023360690559974893,-0.02864858927645543,-0.01626806062367491
1424,-0.021337608560779635,-0.021700095269442846,-0.02430922250703306,-0.01626806062367491
1425,-0.023991551763630218,-0.02332313850632538,-0.026768771402119366,-0.01626806062367491
1426,-0.020952942147474403,-0.024309916785321076,-0.03264794240882675,-0.01626806062367491
1427,-0.026620086261908472,-0.026647135764103096,-0.02823847257182712,-0.01626806062367491
1428,-0.022934352934531044,-0.025073153598797214,-0.030375514115260717,-0.01626806062367491
1429,-0.02421086190070017,-0.026253228988941904,-0.028521367994737108,-0.01626806062367491
1430,-0.02186373701498367,-0.026518329468487097,-0.025650679842294334,-0.01626806062367491
1431,-0.021583158615072182,-0.02190740333983776,-0.029680843838994265,-0.01626806062367491
1432,-0.028982598954424493,-0.026739704219219822,-0.03146839507417602,-0.01626806062367491
1433,-0.027253264150904264,-0.027506348681115133,-0.027375860456807767,-0.01626806062367491
1434,-0.027934857054364992,-0.027282430197351805,-0.03086131351020335,-0.01626806062367491
1435,-0.02520231486272297,-0.026007528121027627,-0.028623595942317295,-0.01626806062367491
1436,-0.02161352059071056,-0.023988493658792156,-0.029183721056308832,-0.01626806062367491
1437,-0.028003423363330147,-0.029501063887929124,-0.02966098479329335,-0.01684137211283946
1438,-0.026466034234586974,-0.027768633619527704,-0.03327462696203376,-0.01684137211283946
1439,-0.028239184029413646,-0.03023351468702615,-0.0382605892850434,-0.01684137211283946
1440,-0.03344022644886546,-0.03622122362431036,-0.037901988177013804,-0.01684137211283946
1441,-0.03076409096077341,-0.03162386207350514,-0.04153789391415806,-0.01684137211283946
1442,-0.028351012914166862,-0.03593149359287063,-0.03822113399703734,-0.01684137211283946
1443,-0.03461288601044757,-0.029817979943522022,-0.03772723120157413,-0.01684137211283946
1444,-0.030818915740989394,-0.030369526993005255,-0.040044214839632296,-0.01684137211283946
1445,-0.026725599223920846,-0.02882156408790473,-0.03072431208312993,-0.01684137211283946
1446,-0.025935715284541073,-0.02733677007431077,-0.031249593883676395,-0.01684137211283946
1447,-0.02408231817376239,-0.025936722856307312,-0.03239942127383449,-0.01684137211283946
1448,-0.02283556822439575,-0.026173997426091125,-0.031051713282284538,-0.01684137211283946
1449,-0.023850884737368187,-0.02386942954712907,-0.032865819560108,-0.01684137211283946
1450,-0.02284104421302681,-0.025890921680843507,-0.027943925511367394,-0.01684137211283946
1451,-0.023068277130113776,-0.029219807258366776,-0.03645844065568878,-0.01684137211283946
1452,-0.02475495922211654,-0.024117782145899994,-0.027629540618634194,-0.01684137211283946
1453,-0.02317177002158824,-0.026206159068590897,-0.027636175407973695,-0.01684137211283946
1454,-0.024324990506250765,-0.024619166205013112,-0.03042133172318813,-0.01684137211283946
1455,-0.024393070981107816,-0.024664419702947568,-0.0267659567971013,-0.01684137211283946
1456,-0.02075999851189272,-0.026027426062369033,-0.02862992346389792,-0.01684137211283946
1457,-0.02161511930045147,-0.023806710717510574,-0.028802718467942478,-0.01684137211283946
1458,-0.023756613307058663,-0.024964194985018263,-0.024242169286241542,-0.01684137211283946
1459,-0.02394199529055186,-0.02450771595339787,-0.02770027010882279,-0.01684137211283946
1460,-0.021800309939262207,-0.023118334294099253,-0.025729607476285887,-0.01684137211283946
1461,-0.022087458278438346,-0.022287381148305994,-0.027367525669907525,-0.01684137211283946
1462,-0.02542966597195527,-0.02375877021757807,-0.03252505804531688,-0.01684137211283946
1463,-0.02211669221955595,-0.027338443561658755,-0.03295481620366665,-0.01684137211283946
1464,-0.02710129143305821,-0.026807671766663533,-0.030653901998528826,-0.01684137211283946
1465,-0.02195210312297294,-0.029786596050664693,-0.027378163281079185,-0.01684137211283946
1466,-0.021572551606778546,-0.027032246490624526,-0.02930875644580019,-0.01684137211283946
1467,-0.021258986083564826,-0.022257237140133536,-0.025541370575688258,-0.01684137211283946
1468,-0.0224893164359937,-0.02389520030198112,-0.023163829187726994,-0.01684137211283946
1469,-0.023734056193854214,-0.023961242010322268,-0.026580934616677362,-0.01684137211283946
1470,-0.02625437587265792,-0.031617861667454235,-0.0279472814319769,-0.01684137211283946
1471,-0.037244385085138706,-0.04113861936907399,-0.04313964240651375,-0.018225419297670326
1472,-0.05391264115394129,-0.0610821256497232,-0.05932555651535496,-0.02689693407718597
1473,-0.04710291247423778,-0.04623012050104275,-0.054725640818095736,-0.02689693407718597
1474,-0.050454384017910935,-0.0494870084434875,-0.05646619484853806,-0.02689693407718597
1475,-0.05290073328897413,-0.054395514423138204,-0.05524421973353438,-0.02689693407718597
1476,-0.04353473969262681,-0.050998975501565895,-0.05429769243255773,-0.02689693407718597
1477,-0.04154566547979269,-0.045407525891174555,-0.05640737806553964,-0.02689693407718597
1478,-0.0464953946439749,-0.05474873806681515,-0.06444474544553587,-0.0279392990869848
1479,-0.04383486855593788,-0.04748573949326685,-0.05658853728179082,-0.0279392990869848
1480,-0.04183747574714871,-0.03996798489429135,-0.05074492721062116,-0.0279392990869848
1481,-0.04309568978864024,-0.045212541964453075,-0.05181213631868453,-0.0279392990869848
1482,-0.03713766051738213,-0.042930310233271506,-0.048057281185508616,-0.0279392990869848
1483,-0.0425143685370064,-0.05416416831669927,-0.051800832991955544,-0.0279392990869848
1484,-0.042788833830747844,-0.04724881295407111,-0.05165726860573615,-0.0279392990869848
1485,-0.035009416881143826,-0.04118757503284055,-0.04896136046598797,-0.0279392990869848
1486,-0.034010309625477866,-0.0406191805389275,-0.045893245045642475,-0.0279392990869848
1487,-0.034749151425835435,-0.03581287590512729,-0.048260182474196424,-0.0279392990869848
1488,-0.03301647960461847,-0.03545378876669244,-0.04195601672255767,-0.0279392990869848
1489,-0.03339261013553723,-0.03487334638799958,-0.041151416762248774,-0.0279392990869848
1490,-0.036972987640600016,-0.037793158966594645,-0.0382903111910952,-0.0279392990869848
1491,-0.031957094177923626,-0.03357586229535218,-0.04534062615683984,-0.0279392990869848
1492,-0.0361495290255715,-0.03669312455261934,-0.04304791146334839,-0.0279392990869848
1493,-0.03808364256181132,-0.0420900629923389,-0.04605861470676111,-0.0279392990869848
1494,-0.04448595790947749,-0.0345304689614299,-0.04899145936302955,-0.0279392990869848
1495,-0.036684347352171486,-0.03750710573423349,-0.04362856668863131,-0.0279392990869848
1496,-0.03294173427621647,-0.0377859741862646,-0.04551895458870524,-0.0279392990869848
1497,-0.04118930731605892,-0.04304135326544372,-0.046033364526640766,-0.0279392990869848
1498,-0.03780315630273945,-0.03562708572955491,-0.04116145676871349,-0.0279392990869848
1499,-0.039062419360560326,-0.039976694068420776,-0.03964785847314801,-0.0279392990869848
1500,-0.03405949776270811,-0.03803416410744203,-0.04078592561561971,-0.0279392990869848
1501,-0.03376417839295589,-0.03650527996663627,-0.043553361487607224,-0.0279392990869848
1502,-0.03843954773697267,-0.03995724588896427,-0.04894467523398946,-0.0279392990869848
1503,-0.04283727968853447,-0.03941319689556811,-0.0460634424234292,-0.0279392990869848
1504,-0.0342353798592836,-0.037637718927305046,-0.04230911558877007,-0.0279392990869848
1505,-0.038140935068345615,-0.03761696168656818,-0.03967291900033465,-0.0279392990869848
1506,-0.0313977065249917,-0.04323281248367751,-0.0429182966372229,-0.0279392990869848
1507,-0.03145931584623282,-0.03436830106865715,-0.04276582200180259,-0.0279392990869848
1508,-0.036651786939288396,-0.030984838740151767,-0.03718552981730281,-0.0279392990869848
1509,-0.030394608377198422,-0.03370195719620547,-0.038985777873714524,-0.0279392990869848
1510,-0.03315831555853776,-0.03653994814526131,-0.036108018108554456,-0.0279392990869848
1511,-0.03306442873248608,-0.029430366608122493,-0.04793915960353375,-0.0279392990869848
1512,-0.026653315551358855,-0.0344956897359402,-0.03880173556774953,-0.0279392990869848
1513,-0.027787143257700504,-0.033757201951030866,-0.038030917203361055,-0.0279392990869848
1514,-0.03267342637917162,-0.029948313550503623,-0.031470085591292545,-0.0279392990869848
1515,-0.03085849333269078,-0.03852861343967444,-0.03472497006460662,-0.0279392990869848
1516,-0.027634424249038978,-0.028060389200846015,-0.03860298053157546,-0.0279392990869848
1517,-0.02675847820700299,-0.024806812907966047,-0.03556562565533316,-0.0279392990869848
1518,-0.029442943280450946,-0.02749018152410849,-0.03662775171535996,-0.0279392990869848
1519,-0.03192906148753011,-0.028857005293632564,-0.033188386315893555,-0.0279392990869848
1520,-0.02838979868291941,-0.02901920728777285,-0.03445922963554256,-0.0279392990869848
1521,-0.02886463265073966,-0.0293957912890958,-0.032691989239594696,-0.0279392990869848
1522,-0.02597230248020566,-0.027936870343714088,-0.0399002360854093,-0.0279392990869848
1523,-0.026049832817895902,-0.028982217398583747,-0.03465789313527416,-0.0279392990869848
1524,-0.0274959134021106,-0.026283059711117406,-0.031190392740142948,-0.0279392990869848
1525,-0.02721970143602009,-0.02919429784002086,-0.033237005144496796,-0.0279392990869848
1526,-0.023314673754316364,-0.03037353780237177,-0.029481236450743672,-0.0279392990869848
1527,-0.027853615158493175,-0.03188962198767093,-0.032892002734309214,-0.0279392990869848
1528,-0.025803784791984433,-0.027322791917581156,-0.031129214161765728,-0.0279392990869848
1529,-0.025571270318558076,-0.024782760601401506,-0.03253251978156163,-0.0279392990869848
1530,-0.026610068627645433,-0.0284701345149234,-0.0363415355572499,-0.0279392990869848
1531,-0.030080208050621542,-0.03077932001632594,-0.03549422251341551,-0.0279392990869848
1532,-0.02862001470805923,-0.029392462125013286,-0.035045243258811164,-0.0279392990869848
1533,-0.03188106936936582,-0.03203145556313654,-0.03211829212050134,-0.0279392990869848
1534,-0.03066419058560941,-0.034068015947270804,-0.03463535983535512,-0.0279392990869848
1535,-0.028114783156007576,-0.0337597548938546,-0.034453839978510425,-0.0279392990869848
1536,-0.026499465998470705,-0.032228974097590644,-0.03515909376250045,-0.0279392990869848
1537,-0.0321490620422199,-0.03006402609464995,-0.03372159188879543,-0.0279392990869848
1538,-0.026073604787186937,-0.027977924682451995,-0.030617733735594583,-0.0279392990869848
1539,-0.023502653486343023,-0.024212203992818353,-0.031135467904565894,-0.0279392990869848
1540,-0.02501055449727155,-0.026765907068288734,-0.027625491297717256,-0.0279392990869848
1541,-0.027089381566245862,-0.025144747320352996,-0.0308979000018825,-0.0279392990869848
1542,-0.0267340847660985,-0.028789546410388257,-0.03470042784793738,-0.0279392990869848
1543,-0.02572190420746305,-0.025769390665505442,-0.030381687386851913,-0.0279392990869848
1544,-0.02492880766155037,-0.026065225410954355,-0.03246662686569996,-0.0279392990869848
1545,-0.024063324481344465,-0.03118824823606871,-0.030335855891242155,-0.0279392990869848
1546,-0.03319324953274438,-0.0304833670118957,-0.0341256703017744,-0.0279392990869848
1547,-0.02593435587034314,-0.02850392168561807,-0.03590104015885206,-0.0279392990869848
1548,-0.0272140077743538,-0.03254910527855896,-0.03867475214582279,-0.0279392990869848
1549,-0.026655070117268455,-0.029799457275168247,-0.03599907358145426,-0.0279392990869848
1550,-0.029397816710243614,-0.032086300427750986,-0.03381982505945925,-0.0279392990869848
1551,-0.03292163771373558,-0.03218339285000658,-0.03691556735848335,-0.0279392990869848
1552,-0.028752489314447058,-0.03222543773194875,-0.043953695100805545,-0.0279392990869848
1553,-0.031164066006985413,-0.03341377861349671,-0.03772159170437772,-0.0279392990869848
1554,-0.032708130315158804,-0.028048046644102428,-0.0330204566523912,-0.0279392990869848
1555,-0.029103538639259144,-0.03174563738439555,-0.03817283827701684,-0.0279392990869848
1556,-0.03408724469143852,-0.033794077524706846,-0.04490536060713181,-0.0279392990869848
1557,-0.028446271550557428,-0.03196637340406946,-0.04044964223169579,-0.0279392990869848
1558,-0.02702055163239483,-0.03267473753892879,-0.03112041767199875,-0.0279392990869848
1559,-0.029307122379523938,-0.03579429240585252,-0.03682440560498406,-0.0279392990869848
1560,-0.027338015078316586,-0.029620084854041148,-0.03434303300249288,-0.0279392990869848
1561,-0.02775394508860242,-0.02886436705611204,-0.025914712078166088,-0.0279392990869848
1562,-0.025053745598986463,-0.028695314096846912,-0.03106502612190469,-0.0279392990869848
1563,-0.025228941234956365,-0.02681684562531383,-0.02991440108781104,-0.0279392990869848
1564,-0.025062139964869945,-0.028432445426560017,-0.030587633350098224,-0.0279392990869848
1565,-0.02424308452432549,-0.029783401425931697,-0.031470990033730696,-0.0279392990869848
1566,-0.026693690880005606,-0.026716209397346365,-0.028148821664212998,-0.0279392990869848
1567,-0.03131606328991156,-0.03338833977086223,-0.04075955932674305,-0.0279392990869848
1568,-0.02813767803392009,-0.032224129534361996,-0.03378036174474594,-0.0279392990869848
1569,-0.03150954415171691,-0.03463508716458857,-0.040078085935597356,-0.0279392990869848
1570,-0.03497110648007901,-0.039292805760546015,-0.05603099459715044,-0.0279392990869848
1571,-0.035439186225798364,-0.03738836413007512,-0.04377755305117161,-0.0279392990869848
1572,-0.030258717896107765,-0.035486730276264956,-0.03852183700563234,-0.0279392990869848
1573,-0.033031352911872376,-0.03528531648247363,-0.037149147553364334,-0.0279392990869848
1574,-0.032911398208018895,-0.03803947161419275,-0.04050286333580239,-0.0279392990869848
1575,-0.03574604496473201,-0.039138282962821735,-0.04164908199228401,-0.0279392990869848
1576,-0.03658626625417678,-0.04246104793338945,-0.04428264132571715,-0.0279392990869848
1577,-0.03406140209095875,-0.034073603511959955,-0.04123581451456462,-0.0279392990869848
1578,-0.03344215229822326,-0.03794087716985234,-0.040128010565788845,-0.0279392990869848
1579,-0.03810961296641754,-0.041589623209165406,-0.04223355583274879,-0.0279392990869848
1580,-0.0353417306271918,-0.04388533154491331,-0.04873427042755929,-0.0279392990869848
1581,-0.04672634446225,-0.04881723267832004,-0.051285564218311604,-0.0279392990869848
1582,-0.04227024886782493,-0.04453442108700199,-0.04437551964661326,-0.0279392990869848
1583,-0.04115908518959741,-0.043118710774711314,-0.048671645899552085,-0.0279392990869848
1584,-0.038782639607791984,-0.046959835133791435,-0.04772920265757493,-0.0279392990869848
1585,-0.037804075039445446,-0.03758379443491934,-0.04597137608784014,-0.0279392990869848
1586,-0.03987592192377592,-0.044208305327780514,-0.05273540036141057,-0.0279392990869848
1587,-0.03723700668941698,-0.04342765241516682,-0.0471144768637889,-0.0279392990869848
1588,-0.040632516346801206,-0.04336477745352123,-0.04358510599939471,-0.0279392990869848
1589,-0.03850057138091502,-0.04106024381440692,-0.04536109822358575,-0.0279392990869848
1590,-0.03823603686250885,-0.039822671089324406,-0.04612904649919422,-0.0279392990869848
1591,-0.03483579071828788,-0.043670966184681415,-0.04062181309876819,-0.0279392990869848
1592,-0.0402078788324229,-0.041873462783283605,-0.04712999307617332,-0.0279392990869848
1593,-0.041410881266017205,-0.04272691324291634,-0.04273263112885111,-0.0279392990869848
1594,-0.038304637967090424,-0.038970199841350306,-0.04339741303797236,-0.0279392990869848
1595,-0.037713067542856936,-0.041822691864197785,-0.04541978236613423,-0.0279392990869848
1596,-0.044347087912223616,-0.04854335954477548,-0.04789724459519517,-0.0279392990869848
1597,-0.04105787273467043,-0.04575244528683264,-0.05640620458527276,-0.0279392990869848
1598,-0.04291116187238692,-0.046023043496367946,-0.04702823195785104,-0.0279392990869848
1599,-0.041011951432846756,-0.045954152253242384,-0.057014492668858566,-0.0279392990869848
1600,-0.041218635393974856,-0.044944302845117655,-0.05066108612532979,-0.0279392990869848
1601,-0.039985194264916965,-0.03736846227461323,-0.044070864960154714,-0.0279392990869848
1602,-0.03745766809057021,-0.042450856612604115,-0.042876002921771156,-0.0279392990869848
1603,-0.03807592176217403,-0.043750772010362336,-0.04281780957750565,-0.0279392990869848
1604,-0.039079870763699794,-0.04803906702058178,-0.044513720579945244,-0.0279392990869848
1605,-0.03890098639046064,-0.0427463045531218,-0.04708246502928625,-0.0279392990869848
1606,-0.03596285106170566,-0.04167927127983834,-0.05183281750972289,-0.0279392990869848
1607,-0.036686526054578755,-0.03951342062473728,-0.044375579917763,-0.0279392990869848
1608,-0.04105199429101319,-0.036755146264461955,-0.05105880238504827,-0.0279392990869848
1609,-0.03624457146746062,-0.040083346275623044,-0.0469954346536085,-0.0279392990869848
1610,-0.039443588676913374,-0.03805343531311474,-0.04772797181073166,-0.0279392990869848
1611,-0.033604064048915507,-0.03738014538319685,-0.03870814526123404,-0.0279392990869848
1612,-0.034687771365440385,-0.03349479405602349,-0.03876167017559412,-0.0279392990869848
1613,-0.03141598534567797,-0.03967730294635825,-0.040021632668259276,-0.0279392990869848
1614,-0.03350459750928618,-0.03843117715254285,-0.045440963131002286,-0.0279392990869848
1615,-0.031173401289275725,-0.03470460740059104,-0.04540695596823728,-0.0279392990869848
1616,-0.032960907965462555,-0.037528000071353325,-0.04538029754788588,-0.0279392990869848
1617,-0.03422899470059463,-0.030275718907144828,-0.04058331084085673,-0.0279392990869848
1618,-0.03251066299591492,-0.03662442852642219,-0.03771186246597321,-0.0279392990869848
1619,-0.036009528457176226,-0.033742094302456095,-0.03737371307367405,-0.0279392990869848
1620,-0.03794578751277596,-0.039322531070200784,-0.04057077675131561,-0.0279392990869848
1621,-0.0378063253831704,-0.036788839676031325,-0.04261968008124509,-0.0279392990869848
1622,-0.032058847030505565,-0.034922977632263694,-0.036790739474791015,-0.0279392990869848
1623,-0.03496100859948503,-0.03201309164715389,-0.03874595032940733,-0.0279392990869848
1624,-0.0316480424152146,-0.03231215420730796,-0.03761294295456219,-0.0279392990869848
1625,-0.03424864904820692,-0.03328741278262917,-0.03939901680622325,-0.0279392990869848
1626,-0.03405785957381975,-0.03380029952495552,-0.034848100344910204,-0.0279392990869848
1627,-0.029115876036351063,-0.0312805809422012,-0.040726968733027204,-0.0279392990869848
1628,-0.030436182375323414,-0.03388695138629034,-0.03386895160905038,-0.0279392990869848
1629,-0.0352292752358884,-0.03402854626604249,-0.03914765230723295,-0.0279392990869848
1630,-0.035124400578152574,-0.034539183969061846,-0.03640105999726881,-0.0279392990869848
1631,-0.036754278008743174,-0.037262308535963455,-0.036521263773252696,-0.0279392990869848
1632,-0.03130071029815397,-0.03200302952730526,-0.04025165581100729,-0.0279392990869848
1633,-0.032736716642573424,-0.03667575664061855,-0.03675483134942273,-0.0279392990869848
1634,-0.028101017020250547,-0.033403761642505844,-0.0430369420192278,-0.0279392990869848
1635,-0.0366444298415918,-0.0356844531671472,-0.042095554347677706,-0.0279392990869848
1636,-0.03508283691606028,-0.036411959753362165,-0.04014268778581699,-0.0279392990869848
1637,-0.0334920390785732,-0.03292926606918931,-0.041256908076236984,-0.0279392990869848
1638,-0.036067639592324396,-0.0398568908770088,-0.04108268211359196,-0.0279392990869848
1639,-0.0342814627313975,-0.036573958702131606,-0.04319908665917937,-0.0279392990869848
1640,-0.0351786571046475,-0.034682422104258065,-0.040020414520432944,-0.0279392990869848
1641,-0.029314142933552823,-0.03429478968347004,-0.03624655688746028,-0.0279392990869848
1642,-0.03847858793840205,-0.032768014822363,-0.0361064889009406,-0.0279392990869848
1643,-0.034210755609950454,-0.03265433651397116,-0.04092246196590304,-0.0279392990869848
1644,-0.03625810085625912,-0.03305093981042227,-0.03311708128244786,-0.0279392990869848
1645,-0.03329317912768558,-0.03510549978929423,-0.03780932201171677,-0.0279392990869848
1646,-0.03176106313136003,-0.03561487235285223,-0.03338123258256413,-0.0279392990869848
1647,-0.029169416107342413,-0.03304410760026635,-0.03450150968724804,-0.0279392990869848
1648,-0.0321319147620054,-0.03341983793509551,-0.03681912276179814,-0.0279392990869848
1649,-0.031179608825106977,-0.028646536825782547,-0.03688105425175969,-0.0279392990869848
1650,-0.0308025095249419,-0.034178333128705024,-0.03711894001517691,-0.0279392990869848
1651,-0.029076867251205406,-0.031233750037145944,-0.035627547868960566,-0.0279392990869848
1652,-0.027956010161804108,-0.031434740276894614,-0.032592570992892526,-0.0279392990869848
1653,-0.02845513408778358,-0.03371697865057454,-0.037258891705970416,-0.0279392990869848
1654,-0.03183398445726131,-0.03038496408452101,-0.03774305934216874,-0.0279392990869848
1655,-0.029652575659557364,-0.030609742651033427,-0.03559307876250701,-0.0279392990869848
1656,-0.02607967378943513,-0.029377168185836605,-0.035175101211906465,-0.0279392990869848
1657,-0.029815060801391402,-0.027843852309217626,-0.031816111050422535,-0.0279392990869848
1658,-0.029016340111100394,-0.03362469473706251,-0.036950605566569095,-0.0279392990869848
1659,-0.029616932213706097,-0.032558199899231186,-0.04149123393724186,-0.0279392990869848
1660,-0.030051564470141408,-0.033482816788005645,-0.03795248357593628,-0.0279392990869848
1661,-0.02932532856721028,-0.03380449858889494,-0.03573015078578353,-0.0279392990869848
1662,-0.02865212514965991,-0.030708333483034537,-0.0306361063192708,-0.0279392990869848
1663,-0.02794888601282254,-0.02730236870520415,-0.03779076636709723,-0.0279392990869848
1664,-0.025961804181793478,-0.03213322035912761,-0.03298462271567555,-0.0279392990869848
1665,-0.0303011357787372,-0.031753631603966444,-0.04024979376926281,-0.0279392990869848
1666,-0.02690386877362228,-0.027791240767489907,-0.037810749194366985,-0.0279392990869848
1667,-0.02591262682188417,-0.031121534431959322,-0.03247180943366948,-0.0279392990869848
1668,-0.02800317440927585,-0.03309139816603831,-0.036618335908642226,-0.0279392990869848
1669,-0.02799964519844692,-0.03204016746507334,-0.03554404527324426,-0.0279392990869848
1670,-0.02833496251154836,-0.029030550294925524,-0.034513434648561686,-0.0279392990869848
1671,-0.026601295910301276,-0.02912390982140079,-0.034034076476036575,-0.0279392990869848
1672,-0.025732672583241856,-0.02599916528334531,-0.03281784614585236,-0.0279392990869848
1673,-0.029926841479413137,-0.02756778547473953,-0.03428598377722157,-0.0279392990869848
1674,-0.02512271340991626,-0.026084507528904958,-0.03029543938752039,-0.0279392990869848
1675,-0.024783841092652997,-0.02543811610251894,-0.028619654642053554,-0.0279392990869848
1676,-0.0238807223859724,-0.026899642939380377,-0.03188889418417216,-0.0279392990869848
1677,-0.02444794262842322,-0.02512173416989058,-0.03136787956496579,-0.0279392990869848
1678,-0.024756211122666273,-0.02456413202842761,-0.032114579053470385,-0.0279392990869848
1679,-0.025530242985396644,-0.02863165952065785,-0.03467142450725905,-0.0279392990869848
1680,-0.02623912456800371,-0.027353794865168528,-0.030358496898356298,-0.0279392990869848
1681,-0.029167515336231045,-0.030172331111648274,-0.03287641243127079,-0.0279392990869848
1682,-0.02878465837957679,-0.030735140087179695,-0.03496808683917128,-0.0279392990869848
1683,-0.03227207795180769,-0.033455808119399924,-0.03803566964410701,-0.0279392990869848
1684,-0.027727575462940655,-0.030038953136108503,-0.034233063925026744,-0.0279392990869848
1685,-0.03124171180446266,-0.03269298865966913,-0.03476983584741126,-0.0279392990869848
1686,-0.03315735881591566,-0.036025180416249004,-0.03838472021174643,-0.0279392990869848
1687,-0.036825522595893605,-0.05005099732747092,-0.045946085627988464,-0.0279392990869848
1688,-0.03956417543113822,-0.03552211742653073,-0.04130266795499829,-0.0279392990869848
1689,-0.03297781275289486,-0.03488877968307504,-0.0417686590565266,-0.0279392990869848
1690,-0.03917811216290416,-0.03797376745933197,-0.04559310024068874,-0.0279392990869848
1691,-0.06960726866332966,-0.07510386567260005,-0.07880718303556049,-0.034649829811691804
1692,-0.07433249451704763,-0.07041292374101756,-0.083621357048679,-0.034649829811691804
1693,-0.06318753674211335,-0.07350194199718689,-0.09008783387310323,-0.034649829811691804
1694,-0.07291135777280283,-0.06931340739667469,-0.07127471996321913,-0.034649829811691804
1695,-0.06475380863046781,-0.06608562700933464,-0.08012849633440089,-0.034649829811691804
1696,-0.057844816828021776,-0.05647225380701668,-0.07087475948953866,-0.034649829811691804
1697,-0.05265431695008638,-0.06041838243462263,-0.0632807826921694,-0.034649829811691804
1698,-0.051808528816447035,-0.056400090189452065,-0.06245918444013912,-0.034649829811691804
1699,-0.04837931174359908,-0.045976884280326515,-0.05095103330494527,-0.034649829811691804
1700,-0.04912689635430417,-0.04708833359120066,-0.05463792936029188,-0.034649829811691804
1701,-0.044966010920988404,-0.045585609763299735,-0.051783090896443756,-0.034649829811691804
1702,-0.04589787046925775,-0.04171517055725552,-0.04499186282225661,-0.034649829811691804
1703,-0.040012066893816776,-0.036110930628352855,-0.04655572240852852,-0.034649829811691804
1704,-0.034874756684829554,-0.04115095818508142,-0.048429953803348594,-0.034649829811691804
1705,-0.039103182958206174,-0.037886677554922144,-0.041665053007656834,-0.034649829811691804
1706,-0.033742396136209406,-0.03357925686697535,-0.03816909598159183,-0.034649829811691804
1707,-0.03592111870316638,-0.032929654296658124,-0.03651265615239114,-0.034649829811691804
1708,-0.03254817715533578,-0.030816396131945575,-0.036179956825207894,-0.034649829811691804
1709,-0.033682014965987904,-0.032566182476577284,-0.037275483600605515,-0.034649829811691804
1710,-0.030698663711458796,-0.03212275663628801,-0.03716101272740838,-0.034649829811691804
1711,-0.02824591471645966,-0.029883638197791697,-0.040104206234648,-0.034649829811691804
1712,-0.0288330011614726,-0.030774496887389383,-0.03496580517187377,-0.034649829811691804
1713,-0.027682529824121848,-0.026640698973778437,-0.03475698697873134,-0.034649829811691804
1714,-0.028072049782507113,-0.027858125050096612,-0.031181166198870586,-0.034649829811691804
1715,-0.022331365776207444,-0.026367646374742128,-0.0308307880431403,-0.034649829811691804
1716,-0.02555323795802985,-0.030832643160572326,-0.041009199391217145,-0.0346498298116918
1717,-0.026020548057226936,-0.028338718030082838,-0.034678827508231216,-0.0346498298116918
1718,-0.030526168899662493,-0.026886188745171184,-0.03242630013550555,-0.0346498298116918
1719,-0.02939023529487685,-0.031284613067486436,-0.035030626304430046,-0.0346498298116918
1720,-0.028081819515542224,-0.02848513452354255,-0.03171818704311711,-0.0346498298116918
1721,-0.03051312383789909,-0.027795883838291714,-0.03329829047713167,-0.0346498298116918
1722,-0.02614551510878832,-0.02705339648279987,-0.03100717988350968,-0.0346498298116918
1723,-0.030065208413263014,-0.027728697185970267,-0.030146809057048817,-0.0346498298116918
1724,-0.026574725700203257,-0.027752459977665348,-0.02840779031569224,-0.0346498298116918
1725,-0.02506693063671052,-0.031258461261328314,-0.03398042152436378,-0.0346498298116918
1726,-0.02537253292186249,-0.031757103617977706,-0.03282067462847918,-0.0346498298116918
1727,-0.028668820607551222,-0.02562653338801216,-0.028337973670008277,-0.0346498298116918
1728,-0.02568352477873521,-0.026580398927712124,-0.0324954875832146,-0.0346498298116918
1729,-0.026968841335275114,-0.027755245874619826,-0.032954953414647555,-0.0346498298116918
1730,-0.02539753390254281,-0.027852102081025853,-0.029306905792160495,-0.0346498298116918
1731,-0.02476551760345342,-0.025928076948456415,-0.03015671367136707,-0.0346498298116918
1732,-0.024451302402883204,-0.026072179669866923,-0.0315995259269429,-0.0346498298116918
1733,-0.02790388664920594,-0.0284560642881225,-0.031133266881192254,-0.0346498298116918
1734,-0.025851651289515807,-0.026504552185337888,-0.0305384850247366,-0.0346498298116918
1735,-0.022997258972140455,-0.025760543348816556,-0.02999842430956614,-0.0346498298116918
1736,-0.023764861528561096,-0.02653489955239666,-0.031169603054429604,-0.0346498298116918
1737,-0.029050688650782537,-0.024478706546852726,-0.030421125797547712,-0.0346498298116918
1738,-0.02514179293571123,-0.02346334500146948,-0.030909116410983088,-0.0346498298116918
1739,-0.02431953876348798,-0.02422976114855881,-0.030928088140296735,-0.0346498298116918
1740,-0.024958792960172834,-0.026304753070642735,-0.030872393646625345,-0.0346498298116918
1741,-0.02876526598188117,-0.03280177282937579,-0.030699640585124987,-0.0346498298116918
1742,-0.029040283970586764,-0.030767105539473944,-0.03232174298505965,-0.0346498298116918
1743,-0.026969275285408472,-0.027374140080483618,-0.03136989307232842,-0.0346498298116918
1744,-0.02573380019139856,-0.02504180934652305,-0.0358014340554413,-0.0346498298116918
1745,-0.02400105899133979,-0.025638180519510986,-0.031306306108003015,-0.0346498298116918
1746,-0.03350666461148938,-0.03719698571044866,-0.04740568840341369,-0.0346498298116918
1747,-0.0318730102568194,-0.036777863286141584,-0.04371133247349289,-0.0346498298116918
1748,-0.03732643681244599,-0.033299209144531675,-0.039663031123276245,-0.0346498298116918
1749,-0.03542024326735896,-0.03470582563309769,-0.04015692668929682,-0.0346498298116918
1750,-0.029821076376876355,-0.032415099650952975,-0.041028266521232155,-0.0346498298116918
1751,-0.030681937436839984,-0.034755682285351086,-0.03984317477138269,-0.0346498298116918
1752,-0.028757585367167104,-0.03311152815452846,-0.03961123769821061,-0.0346498298116918
1753,-0.030121091261364148,-0.033957173876012485,-0.04200280173367868,-0.0346498298116918
1754,-0.031009178428496396,-0.032647607624084855,-0.03141265007632723,-0.0346498298116918
1755,-0.03255820557706778,-0.033345291874251844,-0.03860284047522293,-0.0346498298116918
1756,-0.03464768762562359,-0.038267588211923186,-0.03819551342770712,-0.0346498298116918
1757,-0.03201111902142621,-0.03309289105441287,-0.03519582612223176,-0.0346498298116918
1758,-0.03667763825168836,-0.030262222581138202,-0.03962836598866498,-0.0346498298116918
1759,-0.030978961837253575,-0.0349413064694474,-0.03881659257059366,-0.0346498298116918
1760,-0.032898005694455244,-0.034614417570487714,-0.03832016944638284,-0.0346498298116918
1761,-0.031090854013289607,-0.035684103012764354,-0.0350168450067239,-0.0346498298116918
1762,-0.03077912147527587,-0.033160680272982,-0.036898654451515515,-0.0346498298116918
1763,-0.026235801364795006,-0.029493767046892293,-0.032654638506895046,-0.0346498298116918
1764,-0.03147459797697739,-0.028991247704755533,-0.032182611207890906,-0.0346498298116918
1765,-0.025194610377041994,-0.029747792742121436,-0.03131007784318286,-0.0346498298116918
1766,-0.03092302094310132,-0.027672676993145462,-0.03469059298098768,-0.0346498298116918
1767,-0.02888789382917396,-0.027831342921364643,-0.0325759544774482,-0.0346498298116918
1768,-0.027079668869750013,-0.03138614771852905,-0.03548638526324149,-0.0346498298116918
1769,-0.030204431446463,-0.03072874573668689,-0.03570314969800752,-0.0346498298116918
1770,-0.026027775494276935,-0.028558095134913242,-0.03109269347483863,-0.0346498298116918
1771,-0.02850959398136193,-0.029861332607824195,-0.034758621754156595,-0.0346498298116918
1772,-0.025591136929799817,-0.03040795284869709,-0.029309145513513553,-0.0346498298116918
1773,-0.026917357461396313,-0.03166448543852964,-0.03192762880619957,-0.0346498298116918
1774,-0.025498963059662982,-0.03047123817568653,-0.031057012037023216,-0.0346498298116918
1775,-0.02477947872955738,-0.026504819613466252,-0.03627058581000276,-0.0346498298116918
1776,-0.028619172891833092,-0.024943961263913395,-0.03104375851283593,-0.0346498298116918
1777,-0.02677331569198074,-0.02625559897953107,-0.02756911721980133,-0.0346498298116918
1778,-0.02289190573970294,-0.025420049600395823,-0.02768490521026917,-0.0346498298116918
1779,-0.02282103878413526,-0.029138067566753974,-0.03045985732419015,-0.0346498298116918
1780,-0.023706536836114792,-0.025338084779375696,-0.027197998150912867,-0.0346498298116918
1781,-0.023399216895321828,-0.02316112194273686,-0.026599872964135202,-0.0346498298116918
1782,-0.02458770758903464,-0.025618200230551266,-0.026308226108880877,-0.0346498298116918
1783,-0.023211735262932708,-0.027808275946434025,-0.026324198080360958,-0.0346498298116918
1784,-0.025726938321365512,-0.02567401612955709,-0.025604875677104094,-0.0346498298116918
1785,-0.022186072178926573,-0.023844509764719777,-0.02845663559404873,-0.0346498298116918
1786,-0.021216159652728245,-0.02545699086992742,-0.026949657487880377,-0.0346498298116918
1787,-0.030345830947058488,-0.029608136185304786,-0.035460163615613584,-0.0346498298116918
1788,-0.03512173375420925,-0.032567332769950025,-0.032672063973506374,-0.0346498298116918
1789,-0.028983988176484954,-0.03181268148510968,-0.034487871449380994,-0.0346498298116918
1790,-0.02895766073870636,-0.03137697561733997,-0.04106287829688712,-0.0346498298116918
1791,-0.029027276928960476,-0.03248313440360303,-0.03571513921449401,-0.0346498298116918
1792,-0.031794329384170913,-0.03277134611811451,-0.034986997130335186,-0.0346498298116918
1793,-0.032231267555144986,-0.03285782331556264,-0.03694526695451595,-0.0346498298116918
1794,-0.03186168004779522,-0.03044429709791923,-0.0344735541606754,-0.0346498298116918
1795,-0.025535453410414934,-0.029198762964879468,-0.033778028990559296,-0.0346498298116918
1796,-0.02913830088878564,-0.025869137925742327,-0.03359639618944826,-0.0346498298116918
1797,-0.026895934797358308,-0.029492538672074898,-0.03675424799064094,-0.0346498298116918
1798,-0.029729574044411854,-0.03131933940027213,-0.03244820758453611,-0.0346498298116918
1799,-0.02739505231239804,-0.02714727038801694,-0.0326419597532342,-0.0346498298116918
1800,-0.025532007010512014,-0.026071801915512317,-0.028335212678227063,-0.0346498298116918
1801,-0.024132829177690305,-0.02701587745197054,-0.02985586956092691,-0.0346498298116918
1802,-0.023166670016395514,-0.028761285591890128,-0.028907497555539313,-0.0346498298116918
1803,-0.024412059965321305,-0.02607536603151069,-0.03602921430219485,-0.0346498298116918
1804,-0.028296299903412737,-0.029838389359537087,-0.03223752839359974,-0.0346498298116918
1805,-0.02565862239862702,-0.03077164375205016,-0.03205088097717611,-0.0346498298116918
1806,-0.02733616671167436,-0.02612699934658806,-0.03551783217186844,-0.0346498298116918
1807,-0.028945066357576335,-0.027402082562980646,-0.028206574701705293,-0.0346498298116918
1808,-0.025813290901024594,-0.02649046769386579,-0.029381235075165994,-0.0346498298116918
1809,-0.031910504094508345,-0.02675294012241222,-0.037815775030223854,-0.0346498298116918
1810,-0.026968946027977614,-0.027949783846284167,-0.03419169704839145,-0.0346498298116918
1811,-0.02840784045482521,-0.03108935913118912,-0.031869571450528725,-0.0346498298116918
1812,-0.024151317021405473,-0.029158847494382408,-0.03060363259295274,-0.0346498298116918
1813,-0.028948056987442915,-0.024115092956564735,-0.03320532018883159,-0.0346498298116918
1814,-0.027579126405482244,-0.027068878858831052,-0.031764434949194856,-0.0346498298116918
1815,-0.025114133718212413,-0.027664553586611695,-0.03569327393011139,-0.0346498298116918
1816,-0.025600728926798915,-0.026828592276606396,-0.0379920331275942,-0.0346498298116918
1817,-0.028106083956953572,-0.026029405431219125,-0.03231434659512524,-0.0346498298116918
1818,-0.024447972872525148,-0.024554930428437573,-0.032251161948377016,-0.0346498298116918
1819,-0.02354891674555277,-0.02846615296727964,-0.031791556071781565,-0.0346498298116918
1820,-0.02337697444650464,-0.024146039509655354,-0.026445837913596806,-0.0346498298116918
1821,-0.02186781330241866,-0.024169355660845715,-0.027921623157993646,-0.0346498298116918
1822,-0.023214074529336246,-0.02504675078423465,-0.024654166563265224,-0.0346498298116918
1823,-0.02234355950934115,-0.023929176266586836,-0.026546078632108058,-0.0346498298116918
1824,-0.021023790463561322,-0.025736540101285604,-0.027611231438493245,-0.0346498298116918
1825,-0.022627053005267656,-0.024457259427290694,-0.02794634821719782,-0.0346498298116918
1826,-0.021365696267205598,-0.022150281091791953,-0.028118176012875248,-0.0346498298116918
1827,-0.02206325272397751,-0.020146076687945463,-0.028340962660355053,-0.0346498298116918
1828,-0.023853132854594207,-0.02528776518210835,-0.027105973196095427,-0.0346498298116918
1829,-0.023317204458484717,-0.023594351310280974,-0.028747780745846288,-0.0346498298116918
1830,-0.02653529146491947,-0.02431812396725154,-0.028497328295227057,-0.0346498298116918
1831,-0.022892548443759847,-0.02614405311830821,-0.027361000607155257,-0.0346498298116918
1832,-0.021797438841866672,-0.025940998892372804,-0.03013693032220224,-0.0346498298116918
1833,-0.02335200716632192,-0.02630224556931555,-0.029280268500704282,-0.0346498298116918
1834,-0.02612123521602617,-0.027217727004914354,-0.03140995672826536,-0.0346498298116918
1835,-0.02448167296994808,-0.026330766407754908,-0.03374839701080708,-0.0346498298116918
1836,-0.0236985192027174,-0.02915487367518429,-0.028940462753334378,-0.0346498298116918
1837,-0.024122255259355442,-0.026666122439648807,-0.03211519333524468,-0.0346498298116918
1838,-0.025902822505229652,-0.025273392800827514,-0.029830569425105785,-0.0346498298116918
1839,-0.02540941441507882,-0.023599659592308524,-0.025673974130468995,-0.0346498298116918
1840,-0.02491622142474297,-0.028383658613607934,-0.031704594236420615,-0.0346498298116918
1841,-0.02304340640171524,-0.026689239011162644,-0.02700025474900359,-0.0346498298116918
1842,-0.025148223718691572,-0.026078877002909694,-0.03345162844755992,-0.0346498298116918
1843,-0.02281169615033573,-0.023874185455476395,-0.026752467753423645,-0.0346498298116918
1844,-0.02548918339696307,-0.025560240083577296,-0.03715355275629428,-0.0346498298116918
1845,-0.023154974642195677,-0.02814529003417328,-0.03014936532809954,-0.0346498298116918
1846,-0.023122747871498574,-0.02197118795656367,-0.026528173349259204,-0.0346498298116918
1847,-0.024094316455634476,-0.025640307394365895,-0.03130685778475348,-0.0346498298116918
1848,-0.024759281613920162,-0.024541783147446875,-0.030433989840353278,-0.0346498298116918
1849,-0.024471341150747818,-0.023962471427573503,-0.02691373957309153,-0.0346498298116918
1850,-0.023223035598567445,-0.023165280496452733,-0.028067858875437376,-0.0346498298116918
1851,-0.023045531438615055,-0.025084439936737216,-0.02854054936408658,-0.0346498298116918
1852,-0.023776604496328724,-0.024582381313377765,-0.026707933968308322,-0.0346498298116918
1853,-0.022130855366177586,-0.023463192606883395,-0.025662531577746946,-0.0346498298116918
1854,-0.022743646088834422,-0.022444032334541248,-0.02880558659814045,-0.0346498298116918
1855,-0.020733511332859642,-0.0249460426524398,-0.02861214008272193,-0.0346498298116918
1856,-0.01997923883607494,-0.02504881732913248,-0.026293582591406815,-0.0346498298116918
1857,-0.020568979150611635,-0.024175749536530892,-0.027147523591892164,-0.0346498298116918
1858,-0.023509646754798507,-0.022871977015073493,-0.02718039319784021,-0.0346498298116918
1859,-0.021536842179788872,-0.023371969228102082,-0.029642893534796443,-0.0346498298116918
1860,-0.021231018102772305,-0.024461972794413405,-0.025834996693748193,-0.0346498298116918
1861,-0.023643696600406387,-0.021816917746388016,-0.03146777637823514,-0.0346498298116918
1862,-0.01892972532271165,-0.020588204465466952,-0.02441924162691604,-0.0346498298116918
1863,-0.016807068571213137,-0.021354981613980098,-0.023270822843560416,-0.0346498298116918
1864,-0.021143560221620412,-0.022634780757735652,-0.023507680179814232,-0.0346498298116918
1865,-0.020231693312127815,-0.022905750751734056,-0.020394921652435644,-0.0346498298116918
1866,-0.019134589248446063,-0.022263395058504172,-0.026286175901860467,-0.0346498298116918
1867,-0.019547456777660826,-0.019892077668492502,-0.025497166704490443,-0.0346498298116918
1868,-0.021887087645191466,-0.024023103646818485,-0.02503581367252314,-0.0346498298116918
1869,-0.021683186315928592,-0.02534284144768936,-0.02732007496049963,-0.0346498298116918
1870,-0.023722908444403994,-0.026490228992351376,-0.02995773884569374,-0.0346498298116918
1871,-0.024603354099158637,-0.024025563431005793,-0.032323222016858014,-0.0346498298116918
1872,-0.02274866002551246,-0.022698862502692874,-0.02741293958715981,-0.0346498298116918
1873,-0.020945963553762492,-0.0224173204807805,-0.028196207278097768,-0.0346498298116918
1874,-0.023998857321729256,-0.022241876406385863,-0.032580743795739345,-0.0346498298116918
1875,-0.021052977957519814,-0.022473544836713245,-0.02896554596373002,-0.0346498298116918
1876,-0.02119673238983495,-0.023893375236123882,-0.02905056433687237,-0.0346498298116918
1877,-0.02165705818517705,-0.024123649385145867,-0.031756951037037885,-0.0346498298116918
1878,-0.02182603101265534,-0.023611074812322663,-0.026799612890038963,-0.0346498298116918
1879,-0.022351788489937234,-0.024317171857488846,-0.030673554455583348,-0.0346498298116918
1880,-0.025675283226569687,-0.027788464566522713,-0.03627192940380859,-0.0346498298116918
1881,-0.025604039934099414,-0.027793702065140133,-0.030221489671304034,-0.0346498298116918
1882,-0.021320869865325158,-0.024860232639622552,-0.02729326707876313,-0.0346498298116918
1883,-0.025909735843261898,-0.027255952167330486,-0.035709745036066734,-0.0346498298116918
1884,-0.025231918086872893,-0.02704008498752481,-0.03175845468399258,-0.0346498298116918
1885,-0.02351450432732392,-0.026270804328766967,-0.02667578007031456,-0.0346498298116918
1886,-0.020748807609347757,-0.02478769237725522,-0.029973398927957452,-0.0346498298116918
1887,-0.023595506333553215,-0.02717837807720094,-0.029526674289529743,-0.0346498298116918
1888,-0.022559745474774042,-0.023683649265251776,-0.03173874486510329,-0.0346498298116918
1889,-0.021738948671621235,-0.02414552679555486,-0.02819997768003733,-0.0346498298116918
1890,-0.0234232599711722,-0.023161005867167937,-0.03032825538399598,-0.0346498298116918
1891,-0.024147582772261627,-0.02477210432908166,-0.03182386148570927,-0.0346498298116918
1892,-0.023437544899656333,-0.021971631351128687,-0.029559199425890192,-0.0346498298116918
1893,-0.02198066902064719,-0.022803906639160734,-0.03195267385726304,-0.0346498298116918
1894,-0.020932786591577858,-0.021139613040498842,-0.029245731941695222,-0.0346498298116918
1895,-0.022432517478796224,-0.022223296952742812,-0.029267188784597754,-0.0346498298116918
1896,-0.02114968032958841,-0.02886561261726583,-0.02502792077340482,-0.0346498298116918
1897,-0.02014533316050825,-0.02209556442497769,-0.026386183786679524,-0.0346498298116918
1898,-0.018914778417847417,-0.016938211901616193,-0.023536984828681346,-0.0346498298116918
1899,-0.018940469730441254,-0.02163127950317484,-0.023052443016286343,-0.0346498298116918
1900,-0.018831862954275656,-0.02217572918264713,-0.025874083592950164,-0.0346498298116918
1901,-0.018100409569286675,-0.018651277316135053,-0.022965320679048152,-0.0346498298116918
1902,-0.018590167459728867,-0.022780164004521156,-0.02280413720733324,-0.0346498298116918
1903,-0.02180383879911933,-0.019844843484649034,-0.02567213005961957,-0.0346498298116918
1904,-0.02260847875392044,-0.022928727879955955,-0.027297825534774185,-0.0346498298116918
1905,-0.021935908898443927,-0.02624848123185758,-0.026383626860820793,-0.0346498298116918
1906,-0.021710691293473878,-0.02428424186077638,-0.024571905806718242,-0.0346498298116918
1907,-0.03329880550151039,-0.03759019592021492,-0.04584890351573598,-0.0346498298116918
1908,-0.03156023681412835,-0.034563463963746016,-0.04140016285314536,-0.0346498298116918
1909,-0.03265855636283164,-0.031262621775151656,-0.036765262766973804,-0.0346498298116918
1910,-0.029046937780251043,-0.030125753337262112,-0.032557687683114525,-0.0346498298116918
1911,-0.02649975885477736,-0.026445783162504646,-0.03415285560434288,-0.0346498298116918
1912,-0.025654626397547176,-0.026424728402332592,-0.02974234797659788,-0.0346498298116918
1913,-0.023473069101367487,-0.02567415981365333,-0.026651557081651747,-0.0346498298116918
1914,-0.021273228458474003,-0.023141158955733262,-0.026567610010587606,-0.0346498298116918
1915,-0.030252680045637997,-0.027920682317942976,-0.026474156646474983,-0.0346498298116918
1916,-0.025373897363321147,-0.029450882821481558,-0.030753456588905232,-0.0346498298116918
1917,-0.024473006873344968,-0.02424712142660817,-0.029239829040022154,-0.0346498298116918
1918,-0.024511014029465334,-0.025546902269166116,-0.02851457321190813,-0.0346498298116918
1919,-0.02285540196830837,-0.022050970308432595,-0.03194598423563052,-0.0346498298116918
1920,-0.0204550752909819,-0.025469740090175445,-0.028145445818354594,-0.0346498298116918
1921,-0.023544384878509447,-0.023495608066336885,-0.02893745481276021,-0.0346498298116918
1922,-0.024114603291501727,-0.025080139617191206,-0.029209388224026318,-0.0346498298116918
1923,-0.021987415197218904,-0.022274931723102735,-0.027860313289441278,-0.0346498298116918
1924,-0.026694094871814233,-0.029344930236314553,-0.03339108340963427,-0.0346498298116918
1925,-0.028517548737226155,-0.02824019680867223,-0.03545558366057044,-0.0346498298116918
1926,-0.02838968605250791,-0.03354194384279815,-0.03548499316164707,-0.0346498298116918
1927,-0.030557809678082092,-0.027814400509869032,-0.030303896044880645,-0.0346498298116918
1928,-0.024008362453716545,-0.028927594878323637,-0.032467138487331966,-0.0346498298116918
1929,-0.024231698750544012,-0.027790451541261797,-0.0316772271895832,-0.0346498298116918
1930,-0.025313556087702704,-0.02664259696568688,-0.032546409084344814,-0.0346498298116918
1931,-0.023170280009763778,-0.030817883384706892,-0.025260002924036334,-0.0346498298116918
1932,-0.020494047140370796,-0.020778090773460937,-0.029443371452177795,-0.0346498298116918
1933,-0.02035315437916841,-0.021867900614977523,-0.024868348046650342,-0.0346498298116918
1934,-0.020986572450271124,-0.02038124049159118,-0.030011654892340842,-0.0346498298116918
1935,-0.01991002964352972,-0.022453118482184318,-0.028534562310944575,-0.0346498298116918
1936,-0.02354515931741462,-0.02169475087229412,-0.024674617233359737,-0.0346498298116918
1937,-0.019963996292208724,-0.020882309687724504,-0.023691300891544753,-0.0346498298116918
1938,-0.021949513473095338,-0.021177547873649828,-0.02794730366540763,-0.0346498298116918
1939,-0.0205490507249281,-0.023038796189836126,-0.025820814240951794,-0.0346498298116918
1940,-0.0205337614552496,-0.023359931426491433,-0.028211968914327402,-0.0346498298116918
1941,-0.020700151626515197,-0.020147565758829027,-0.02690814369181908,-0.0346498298116918
1942,-0.020247164522547698,-0.02422246025053727,-0.027592899409833716,-0.0346498298116918
1943,-0.021612757434401844,-0.024589662535707584,-0.02534421757491132,-0.0346498298116918
1944,-0.02119365006024118,-0.026482292541581506,-0.026628902583435598,-0.0346498298116918
1945,-0.02304917884628836,-0.022572033889498376,-0.028361060500525698,-0.0346498298116918
1946,-0.021680619888573924,-0.023127398537012192,-0.03218680964644891,-0.0346498298116918
1947,-0.02210600290692897,-0.024151016860582724,-0.033138037579468635,-0.0346498298116918
1948,-0.021921959966265503,-0.027615429577576157,-0.024449449254251136,-0.0346498298116918
1949,-0.02090835602630359,-0.025968630928408776,-0.030846361998767672,-0.0346498298116918
1950,-0.02164068561433116,-0.023952155878823905,-0.02747218140605445,-0.0346498298116918
1951,-0.021504510713835436,-0.021942743941945966,-0.02767182002789366,-0.0346498298116918
1952,-0.02265824951004452,-0.020629187630630836,-0.02490362439773836,-0.0346498298116918
1953,-0.02109797659946123,-0.022542862862580726,-0.026238458920919496,-0.0346498298116918
1954,-0.021144634668349458,-0.023151935918429897,-0.02518106828001264,-0.0346498298116918
1955,-0.023186651553112475,-0.027626134011138465,-0.03266207042711735,-0.0346498298116918
1956,-0.022368280070398244,-0.023939035959147165,-0.02695963063695986,-0.0346498298116918
1957,-0.023616312305110836,-0.025024295099255387,-0.030108147277597905,-0.0346498298116918
1958,-0.02010460576551378,-0.022362776201071945,-0.025466690414750977,-0.0346498298116918
1959,-0.019702548137785516,-0.023278059538610833,-0.026171948863264082,-0.0346498298116918
1960,-0.022951428405889856,-0.025216345130445184,-0.03067012016289834,-0.0346498298116918
1961,-0.019856573676719395,-0.023590820711820833,-0.030149118428396227,-0.0346498298116918
1962,-0.02068226647074938,-0.02443634387881538,-0.023919856301845455,-0.0346498298116918
1963,-0.019380067118916024,-0.020672585068338377,-0.022641751607643073,-0.0346498298116918
1964,-0.023431219016023005,-0.02278102400390931,-0.02596105989858635,-0.0346498298116918
1965,-0.021792992087292722,-0.023188432669330537,-0.02879513306238614,-0.0346498298116918
1966,-0.02168683099093561,-0.022278588978125565,-0.02565453713711116,-0.0346498298116918
1967,-0.01996265120084792,-0.020228663389100277,-0.023751950132819163,-0.0346498298116918
1968,-0.021008413320239894,-0.023980205064933615,-0.02654206507858753,-0.0346498298116918
1969,-0.02313333839845084,-0.019361768698997465,-0.024586606947850923,-0.0346498298116918
1970,-0.02127012277876651,-0.020004042463111688,-0.02325330876436132,-0.0346498298116918
1971,-0.021027131319342914,-0.02066423799386794,-0.028890967985486307,-0.0346498298116918
1972,-0.020388754084177074,-0.019500442476706452,-0.019957492594624045,-0.03295864049014003
1973,-0.020512965642068705,-0.02049393654024722,-0.024433367523792812,-0.03295864049014003
1974,-0.01981533338301053,-0.019435531006538324,-0.023468815092672235,-0.03295864049014003
1975,-0.019130672852870213,-0.020217813575606224,-0.028303774636250417,-0.03295864049014003
1976,-0.017703501434320444,-0.020388580691912333,-0.021104529398658388,-0.03295864049014003
1977,-0.017849871465915153,-0.01900229326965922,-0.020600179377899288,-0.03295864049014003
1978,-0.019387129592699868,-0.019402982022158077,-0.020140673133941783,-0.03209216005614075
1979,-0.01835278833060415,-0.019367593152680836,-0.023105317127387504,-0.03209216005614075
1980,-0.017793653171837474,-0.016945757515151618,-0.022474705122998824,-0.03209216005614075
1981,-0.016898073884155547,-0.017564427689662276,-0.021930784753969198,-0.03209216005614075
1982,-0.018378776444835248,-0.0189595727321161,-0.019747167513836445,-0.03209216005614075
1983,-0.01669173809556038,-0.0161281513451747,-0.020470985603088913,-0.03209216005614075
1984,-0.017643103973019318,-0.020014992692762773,-0.023375687142517317,-0.03209216005614075
1985,-0.01972450541712733,-0.023655191010013815,-0.024272110412254286,-0.03209216005614075
1986,-0.01961650264405061,-0.02174490904104316,-0.023881784590213114,-0.03209216005614075
1987,-0.02059155835015982,-0.021690044199623226,-0.02701302335819861,-0.03209216005614075
1988,-0.022494382844020857,-0.023650602364866997,-0.026420511106096247,-0.03209216005614075
1989,-0.019676583857882186,-0.02236612001867525,-0.025257270348087217,-0.03209216005614075
1990,-0.022546883790111615,-0.0241163791965411,-0.026533005125966336,-0.03209216005614075
1991,-0.023419693190305593,-0.023118160415532486,-0.024798330434659423,-0.03209216005614075
1992,-0.02211105317441533,-0.022434054649955154,-0.02937060756151913,-0.03209216005614075
1993,-0.021284519571851318,-0.020768642044981772,-0.029699190545769933,-0.03209216005614075
1994,-0.019436625224955057,-0.021385755701884144,-0.02920969141428796,-0.03209216005614075
1995,-0.022323678086394957,-0.020778756977761725,-0.027411348887496252,-0.03209216005614075
1996,-0.021475482651638757,-0.020854179770749357,-0.02266159153568293,-0.03209216005614075
1997,-0.019724303756128214,-0.020477520768980954,-0.022106569677494123,-0.03209216005614075
1998,-0.017288686000229526,-0.01858325313192549,-0.02315750359597367,-0.03209216005614075
1999,-0.019127736870998703,-0.01882783518295296,-0.021137856462204604,-0.03209216005614075
2000,-0.01714412969109186,-0.019141629541696716,-0.023627339410902427,-0.03209216005614075
2001,-0.017270925414966238,-0.0198774749071781,-0.021325807247335755,-0.03209216005614075
2002,-0.019205408541510947,-0.019024685161878985,-0.024088902100782985,-0.03209216005614075
2003,-0.022257126704077434,-0.02245265300111941,-0.02606452420695407,-0.03209216005614075
2004,-0.023486728515298393,-0.021234148186430307,-0.02228084324303758,-0.03209216005614075
2005,-0.0197413859892721,-0.023295967822765676,-0.02298322161933592,-0.03209216005614075
2006,-0.018360022911348733,-0.020299877261860194,-0.02441975526769061,-0.03209216005614075
2007,-0.022397857369496572,-0.024294116812278235,-0.03147832285659984,-0.03209216005614075
2008,-0.021996330201316777,-0.0213925901151235,-0.02775021990885818,-0.03209216005614075
2009,-0.02082371608379781,-0.01946792158270738,-0.02327406059489339,-0.03209216005614075
2010,-0.019716318965875293,-0.019546089036219502,-0.0293271692477112,-0.03209216005614075
2011,-0.01913208975823234,-0.018081506601039885,-0.026314115494705147,-0.03209216005614075
2012,-0.018815025876543903,-0.019796916005082058,-0.022704987043486932,-0.03209216005614075
2013,-0.01852091115914179,-0.01865811317671692,-0.019614490158173493,-0.03209216005614075
2014,-0.015000376343793071,-0.018060611240128848,-0.022388556040716184,-0.03209216005614075
2015,-0.015713866411340784,-0.017553374725310895,-0.027695891398400403,-0.03209216005614075
2016,-0.016663772889042302,-0.016897755603556178,-0.018691920144490372,-0.03209216005614075
2017,-0.016643611128471274,-0.018964674160462592,-0.02430085905882462,-0.03209216005614075
2018,-0.016910193288606722,-0.02294655966455246,-0.02448018236607129,-0.03209216005614075
2019,-0.017786052056135974,-0.01694513420593957,-0.021273745593259768,-0.03209216005614075
2020,-0.017909177804529025,-0.02126793067922843,-0.023763573127800232,-0.03209216005614075
2021,-0.01865832572600619,-0.019162176220940463,-0.01864157900202755,-0.03209216005614075
2022,-0.0185556325224603,-0.020768287333033576,-0.02485970779600539,-0.03209216005614075
2023,-0.01997352975303762,-0.020197602750097875,-0.022207609951163537,-0.03209216005614075
2024,-0.017603136505674664,-0.020755465390815474,-0.021507098227870506,-0.03209216005614075
2025,-0.018272706739392793,-0.02001950500175978,-0.023489258582798368,-0.03209216005614075
2026,-0.01806426961803781,-0.019180822280368555,-0.021489722722628755,-0.03209216005614075
2027,-0.01728891109239214,-0.018604126951649286,-0.020270693124704222,-0.03209216005614075
2028,-0.01885483697457278,-0.016836429934695495,-0.02277243773098011,-0.03209216005614075
2029,-0.016148749957555702,-0.022041870417883004,-0.019804494632776774,-0.03209216005614075
2030,-0.019455004531513463,-0.01736956996961193,-0.020389407097499455,-0.03209216005614075
2031,-0.01797046983676686,-0.01623027821376676,-0.021049782045526856,-0.03209216005614075
2032,-0.017935540023469716,-0.015834791638389807,-0.02202650765995775,-0.03209216005614075
2033,-0.01746986380985148,-0.017869063416124164,-0.029882082240092527,-0.03209216005614075
2034,-0.017198545484216902,-0.020578422388176202,-0.019231699842261387,-0.03209216005614075
2035,-0.017774958958910236,-0.021418079559132764,-0.02167803609883394,-0.03209216005614075
2036,-0.018176362446875274,-0.01960818601527163,-0.019989738070160745,-0.03209216005614075
2037,-0.017243433044654203,-0.018498654859403652,-0.021526142686600715,-0.03209216005614075
2038,-0.015544441239250865,-0.017004499789320875,-0.01979088336137709,-0.03209216005614075
2039,-0.018273064651256155,-0.019235573995458347,-0.019717235131950724,-0.03209216005614075
2040,-0.017476583777166894,-0.01624763532185206,-0.02281987353272896,-0.03209216005614075
2041,-0.01493474789585067,-0.015816875337176566,-0.017279823207590164,-0.03209216005614075
2042,-0.01895404260836207,-0.015987322653426304,-0.02067486802642408,-0.03209216005614075
2043,-0.018686513058453178,-0.016940789388083865,-0.01925740639106318,-0.03209216005614075
2044,-0.016084246702729888,-0.014347155600667657,-0.01958709995817011,-0.03209216005614075
2045,-0.016120716080019068,-0.017010349451314674,-0.02178416505712816,-0.03209216005614075
2046,-0.01505049701936415,-0.01445970770643872,-0.018959752417874034,-0.03209216005614075
2047,-0.015121697270728847,-0.020401421267336173,-0.020094544217353884,-0.03209216005614075
2048,-0.018472319939367862,-0.014928731552370995,-0.018678486991086454,-0.03209216005614075
2049,-0.013430218598336022,-0.014475656727509612,-0.01824438350521947,-0.03209216005614075
2050,-0.014077086527954127,-0.015900329109337384,-0.019602824553229117,-0.03209216005614075
2051,-0.015906397609507912,-0.015583350698401069,-0.020869557671366678,-0.03209216005614075
2052,-0.01778134911565447,-0.015789951159316414,-0.019000806480762755,-0.03209216005614075
2053,-0.014699392165978271,-0.016619737461319728,-0.021584633028571037,-0.03209216005614075
2054,-0.016413937252769212,-0.01819832825102817,-0.01890411763704555,-0.03209216005614075
2055,-0.01810683196384264,-0.02272699135426127,-0.022748264477412388,-0.03209216005614075
2056,-0.018497997172731758,-0.018230866649872515,-0.02079761413380691,-0.03209216005614075
2057,-0.01665808108105114,-0.01642395343345804,-0.022843886855047416,-0.03209216005614075
2058,-0.016606837276724542,-0.0189415527984635,-0.021497185836967442,-0.03209216005614075
2059,-0.015783007567193877,-0.018017921232593173,-0.02051762877118207,-0.03209216005614075
2060,-0.015014001644293722,-0.017802603246410552,-0.01837008356649264,-0.03209216005614075
2061,-0.017889466914023534,-0.017268945631981274,-0.019290917279110913,-0.03209216005614075
2062,-0.018079585250215812,-0.016411394081570833,-0.018165096276708263,-0.03209216005614075
2063,-0.01891298119198808,-0.02082088882854928,-0.025761471705324362,-0.03209216005614075
2064,-0.01617767615279768,-0.019691247743550133,-0.022138239771349783,-0.03209216005614075
2065,-0.01821657142345775,-0.02316169002957285,-0.02251131974290756,-0.03209216005614075
2066,-0.020866776887440926,-0.021163254201571117,-0.026650021489132383,-0.03209216005614075
2067,-0.019129060183522447,-0.018887832224388723,-0.023895185546348733,-0.03209216005614075
2068,-0.019482095359540225,-0.02370140990439456,-0.02421758508762344,-0.03209216005614075
2069,-0.017124954776912782,-0.021591061366021066,-0.02059114460765887,-0.03209216005614075
2070,-0.01778742773878948,-0.017788657700849916,-0.01972752286478844,-0.03209216005614075
2071,-0.017572572883789474,-0.020334430583642482,-0.021865689255741422,-0.03209216005614075
2072,-0.01732008698765957,-0.018955208909104484,-0.018594772176999442,-0.03209216005614075
2073,-0.016792574578247968,-0.019863066812566478,-0.024311112175245807,-0.03209216005614075
2074,-0.01376352263360152,-0.017480323603876618,-0.016539641213279357,-0.03209216005614075
2075,-0.015605348377501395,-0.01681682912203581,-0.022483725416205493,-0.03209216005614075
2076,-0.014971659004073006,-0.01811537736543471,-0.020891786737664415,-0.03209216005614075
2077,-0.018105137781671193,-0.020325629672577006,-0.02105345960331157,-0.03209216005614075
2078,-0.019249252238930446,-0.019323519965392028,-0.02252069144001836,-0.03209216005614075
2079,-0.01711527594518504,-0.01933995731473848,-0.020349546355166278,-0.031704160541005395
2080,-0.01936139884579539,-0.018176378162622898,-0.01876674295046896,-0.031704160541005395
2081,-0.015839416234117307,-0.018679863189515523,-0.017022825258993707,-0.031704160541005395
2082,-0.01701063237986495,-0.016921627008344025,-0.025314409651447035,-0.031704160541005395
2083,-0.014372956352974047,-0.01636854858753243,-0.020152076835005285,-0.031704160541005395
2084,-0.015560888311298784,-0.02004730709572355,-0.02212505647926504,-0.031704160541005395
2085,-0.014120729013855741,-0.017746364091331977,-0.020726138123138577,-0.031704160541005395
2086,-0.01628079497170574,-0.01779554523566086,-0.020112183061569783,-0.031704160541005395
2087,-0.016295536353028352,-0.01632833930621725,-0.021267998697378932,-0.031704160541005395
2088,-0.01503058053916916,-0.01816912431699863,-0.017663909557723498,-0.031704160541005395
2089,-0.01448214296819709,-0.017325161221142523,-0.018477317228217043,-0.031704160541005395
2090,-0.01797250147198198,-0.017788936055816152,-0.020840248279723333,-0.031704160541005395
2091,-0.017539498002878916,-0.021532327301933718,-0.021926206313150832,-0.031704160541005395
2092,-0.01714735452228376,-0.018238919185699372,-0.021046354651280203,-0.031704160541005395
2093,-0.015332237205554239,-0.0175807357486796,-0.019813087022110584,-0.031704160541005395
2094,-0.01625581281197552,-0.01956769282456998,-0.019198086617508003,-0.031704160541005395
2095,-0.01690946027374459,-0.016721445217345324,-0.020626457510720543,-0.031704160541005395
2096,-0.019799854961923106,-0.020104528562132153,-0.021702597417478358,-0.031704160541005395
2097,-0.01695700198766331,-0.017073270490739638,-0.022199361047676894,-0.031704160541005395
2098,-0.016682673207894044,-0.016477862495100446,-0.02134728193402321,-0.031704160541005395
2099,-0.02040971370762758,-0.01949184188443056,-0.024689992934007993,-0.031704160541005395
2100,-0.018419197205832082,-0.01938496587015705,-0.027686348861980382,-0.031704160541005395
2101,-0.015177345667229992,-0.016820296189227375,-0.017794840510358886,-0.031704160541005395
2102,-0.015635813895332175,-0.01812741758234191,-0.018949619595563735,-0.031704160541005395
2103,-0.017314698905712782,-0.016629924541125756,-0.020367770026216248,-0.031704160541005395
2104,-0.016068333990833242,-0.016205764606602186,-0.02311506249997314,-0.031704160541005395
2105,-0.01537201262032721,-0.017893977396903977,-0.023469479968333352,-0.031704160541005395
2106,-0.01677424579880531,-0.019310930464090673,-0.0183868711863617,-0.031704160541005395
2107,-0.018120657274479125,-0.018205372527478367,-0.020808833286325396,-0.031704160541005395
2108,-0.02696354699722577,-0.02216280275645081,-0.022865306778610543,-0.031704160541005395
2109,-0.021833461466408556,-0.022781386068917657,-0.02691631134649711,-0.031704160541005395
2110,-0.019535000313537866,-0.02019809386192437,-0.02019429679362158,-0.031704160541005395
2111,-0.033224171146007966,-0.03388346868529248,-0.03507969873246556,-0.031704160541005395
2112,-0.048319798448933304,-0.054520688020897254,-0.06939347133633501,-0.031704160541005395
2113,-0.06384199986609194,-0.06614954798445469,-0.06907263718377958,-0.031704160541005395
2114,-0.055856317827173645,-0.054503247179158575,-0.05935260865037899,-0.031704160541005395
2115,-0.06093260824404511,-0.05893233787141633,-0.07133502678236703,-0.031704160541005395
2116,-0.05569927666256536,-0.06187010714524485,-0.06207102966501067,-0.031704160541005395
2117,-0.040001763547799475,-0.05219415785246136,-0.05404660144949228,-0.031704160541005395
2118,-0.039086544558460064,-0.038403216019888754,-0.04555070136134944,-0.031704160541005395
2119,-0.03542612710596823,-0.037184976558964536,-0.03803669080285564,-0.031704160541005395
2120,-0.0341575944956112,-0.03931109864734448,-0.039478619556192404,-0.031704160541005395
2121,-0.03133160713573555,-0.03197351545053121,-0.038796183846728394,-0.031704160541005395
2122,-0.023821821973397595,-0.03755565982918238,-0.03274091008499425,-0.031704160541005395
2123,-0.02653292446738779,-0.027543770639729938,-0.02757026247611068,-0.031704160541005395
2124,-0.027620351272388915,-0.024581442296112675,-0.028234512768038025,-0.031704160541005395
2125,-0.022647668714531822,-0.025578390816135867,-0.028914570185595456,-0.031704160541005395
2126,-0.02475990459430382,-0.026709588418848258,-0.033019215457705996,-0.031704160541005395
2127,-0.02611933136794359,-0.02462983448073551,-0.03286754675731695,-0.031704160541005395
2128,-0.024888291648837598,-0.02756642547991863,-0.03030422994248842,-0.031704160541005395
2129,-0.030447702589148445,-0.03265518038617015,-0.03923049675419833,-0.031704160541005395
2130,-0.03581254916746952,-0.03369747193542257,-0.044267890178470895,-0.031704160541005395
2131,-0.03405466361228512,-0.029605144399299066,-0.034669971247731066,-0.031704160541005395
2132,-0.029586543426415885,-0.02996625391407933,-0.04403523609844572,-0.031704160541005395
2133,-0.029370706482781714,-0.030187222877414998,-0.03050281130391268,-0.031704160541005395
2134,-0.02152954244241249,-0.03092794692369347,-0.02946516258692273,-0.031704160541005395
2135,-0.02318966321277851,-0.02856740706265412,-0.0264826511791572,-0.031704160541005395
2136,-0.023660984848064323,-0.030991249391268315,-0.03399779965323025,-0.031704160541005395
2137,-0.03506167045244145,-0.03487798262678555,-0.03816748159057389,-0.031704160541005395
2138,-0.030094389542884892,-0.022637925758769425,-0.031344695436551384,-0.031704160541005395
2139,-0.0277084893749882,-0.025426075956838698,-0.03195135721700354,-0.031704160541005395
2140,-0.022495697728747516,-0.02241726898517844,-0.02888890080091204,-0.031704160541005395
2141,-0.022493296427528613,-0.022571075529774772,-0.02641340788170611,-0.031704160541005395
2142,-0.025328917116510457,-0.033630341087302354,-0.028296771871654434,-0.031704160541005395
2143,-0.02092012375785345,-0.022723889710119332,-0.026016945918333517,-0.031704160541005395
2144,-0.02442738648299791,-0.023750814071092197,-0.027140980753562034,-0.031704160541005395
2145,-0.04052100178894684,-0.0506925303144635,-0.04448887393429383,-0.031704160541005395
2146,-0.04549539718496519,-0.04334027353250414,-0.05383275066988154,-0.031704160541005395
2147,-0.0548781330686656,-0.049693063115027886,-0.057220946644890365,-0.031704160541005395
2148,-0.04791181121721606,-0.0484547281506652,-0.05438776691802787,-0.031704160541005395
2149,-0.0403347018577592,-0.034085366316295204,-0.039069561201251525,-0.031704160541005395
2150,-0.034368771960083054,-0.040707076562691784,-0.045679672129141057,-0.031704160541005395
2151,-0.02784533640159042,-0.028547883417295646,-0.027973930254381992,-0.031704160541005395
2152,-0.03390956333519304,-0.0379453915000298,-0.04211838740520159,-0.031704160541005395
2153,-0.031943967100449555,-0.03829082651208871,-0.038868154539630335,-0.031704160541005395
2154,-0.03244729731652469,-0.05020740186559003,-0.04999677835214891,-0.031704160541005395
2155,-0.03434182354410538,-0.040833696974070244,-0.035563452993869704,-0.031704160541005395
2156,-0.042629979610499115,-0.04792943592191786,-0.04626213059206394,-0.031704160541005395
2157,-0.036067202770778545,-0.03279709233006497,-0.0487407394552491,-0.031704160541005395
2158,-0.04226547347292586,-0.04358050574876066,-0.05290050153254745,-0.031704160541005395
2159,-0.04139990924476687,-0.04175954606803536,-0.0378668292418081,-0.031704160541005395
2160,-0.03293379151056891,-0.0329542552518979,-0.036754150319604016,-0.031704160541005395
2161,-0.026925950204382456,-0.04176006972375575,-0.03154170698861507,-0.031704160541005395
2162,-0.0292029448822971,-0.0313513085986933,-0.033452239791726415,-0.031704160541005395
2163,-0.024974520897231792,-0.0260423165502112,-0.033323213865013766,-0.031704160541005395
2164,-0.025153846851648287,-0.02582806151600622,-0.027890271694780935,-0.031704160541005395
2165,-0.02190288741609767,-0.02544481510437805,-0.028152532659991895,-0.031704160541005395
2166,-0.022808591017638283,-0.02503907602662964,-0.026476810824696335,-0.031704160541005395
2167,-0.021911548811001408,-0.022788499636477316,-0.026900434144017417,-0.031704160541005395
2168,-0.02916955419642176,-0.03602633210980587,-0.03554381120403715,-0.031704160541005395
2169,-0.028964591713044514,-0.037234918535322105,-0.03530693214973057,-0.031704160541005395
2170,-0.02877309277129154,-0.028293195269342125,-0.03639113736612135,-0.031704160541005395
2171,-0.022206410390514863,-0.024239592005625765,-0.03395816359007448,-0.031704160541005395
2172,-0.021932697303636502,-0.022775435501060527,-0.030287801141576247,-0.031704160541005395
2173,-0.022154083432523532,-0.025527710464087704,-0.029599419983216583,-0.031704160541005395
2174,-0.020969293721788896,-0.02580354044316143,-0.025510212227425832,-0.031704160541005395
2175,-0.024696621358985996,-0.022899795667368633,-0.03090656612982023,-0.031704160541005395
2176,-0.025957553880901596,-0.02240320106170861,-0.028554674811266494,-0.031704160541005395
2177,-0.0276871260508112,-0.02656449905214411,-0.027159853145294174,-0.031704160541005395
2178,-0.022719003966966335,-0.022536018250346852,-0.026984899332435034,-0.031704160541005395
2179,-0.020260599277486503,-0.02292842744355189,-0.023032134257174403,-0.031704160541005395
2180,-0.022010646554225823,-0.023585684780187532,-0.027706952079952843,-0.031704160541005395
2181,-0.018050182256751385,-0.022057642274378748,-0.0327062527292166,-0.031704160541005395
2182,-0.01858758951687007,-0.02135507695677073,-0.022731125346541595,-0.031704160541005395
2183,-0.02366859696981344,-0.025528898904167062,-0.026054504630425607,-0.031704160541005395
2184,-0.021535529442936317,-0.022764085364654373,-0.026098168939094935,-0.031704160541005395
2185,-0.023534617391083954,-0.022241087253342888,-0.02267806062749869,-0.031704160541005395
2186,-0.019304774142947758,-0.02418003363033248,-0.02109041993006118,-0.031704160541005395
2187,-0.020036804387040308,-0.02564902774300127,-0.0303307704392507,-0.031704160541005395
2188,-0.021936008396483096,-0.02216201558518317,-0.02446208359806137,-0.031704160541005395
2189,-0.02329958701473405,-0.023889746435850845,-0.02978853710195521,-0.031704160541005395
2190,-0.019693721350600362,-0.02007284448432083,-0.027058375891699783,-0.031704160541005395
2191,-0.019162772052266214,-0.020428929540775426,-0.02217635886860149,-0.017702706219634212
2192,-0.02219367467686514,-0.022085746400803453,-0.02092344090884585,-0.01705003483559431
2193,-0.026318466353713866,-0.029346934499710372,-0.031630962753372294,-0.01705003483559431
2194,-0.025945313521283212,-0.02912367237237051,-0.029781959397865692,-0.01705003483559431
2195,-0.03189750668613623,-0.023960586517810797,-0.03364331885165881,-0.01705003483559431
2196,-0.028384214402928754,-0.03151507739997668,-0.030253840122075184,-0.01705003483559431
2197,-0.02502761614457542,-0.024014287581466166,-0.03246332394350112,-0.01705003483559431
2198,-0.021098449020986194,-0.024338073345653827,-0.024269721549875393,-0.01705003483559431
2199,-0.022682002697307517,-0.03134793315285792,-0.031163925779837412,-0.01705003483559431
2200,-0.023086505567863416,-0.026096736340987362,-0.025681951471923564,-0.01705003483559431
2201,-0.023670904932023194,-0.02431561200998313,-0.027753411525908513,-0.01705003483559431
2202,-0.019594824360578956,-0.023696849478759607,-0.026358251245808196,-0.01705003483559431
2203,-0.01884288583648413,-0.022895768665114818,-0.024603556661054956,-0.01705003483559431
2204,-0.020783561429961073,-0.024326694051065443,-0.03069155887810259,-0.01705003483559431
2205,-0.02012589796180985,-0.021138983591146618,-0.023766998989088562,-0.01705003483559431
2206,-0.022527534823934665,-0.02560593612848404,-0.023038592039890535,-0.01705003483559431
2207,-0.019034315729854957,-0.02051749301452666,-0.024961362536744556,-0.01705003483559431
2208,-0.023528521941492807,-0.024285331128719872,-0.029497742866123784,-0.01705003483559431
2209,-0.02100757161636449,-0.02356762779361282,-0.029504797841069068,-0.01705003483559431
2210,-0.026626176326969158,-0.022531278227453835,-0.029518626086387265,-0.01705003483559431
2211,-0.024473444907072945,-0.026524998664261164,-0.02980392848223254,-0.01705003483559431
2212,-0.028289791204290232,-0.03184914036140561,-0.0387338525811217,-0.01705003483559431
2213,-0.025421090058585078,-0.025630371291525546,-0.029078445215668353,-0.01705003483559431
2214,-0.025842715584196686,-0.026965925917074546,-0.032852642293001895,-0.01705003483559431
2215,-0.023759105339352805,-0.0254625262482938,-0.02831212722029543,-0.01705003483559431
2216,-0.02276793638761781,-0.025231290612217787,-0.029360717920374018,-0.01705003483559431
2217,-0.02551437193447615,-0.02661534016720955,-0.03225923913035155,-0.01705003483559431
2218,-0.0252747878889193,-0.02603383099273789,-0.02805112216805832,-0.01705003483559431
2219,-0.019183924047116052,-0.023337300178612488,-0.025734292457413373,-0.01705003483559431
2220,-0.02008056580433888,-0.020401443365495004,-0.024805352119707504,-0.01705003483559431
2221,-0.021647856334918475,-0.025041875419628594,-0.027411661327315796,-0.01705003483559431
2222,-0.023358764638778097,-0.02353220527428098,-0.028456606947960053,-0.01705003483559431
2223,-0.024861352237659857,-0.021225999566703947,-0.025595473156820446,-0.01705003483559431
2224,-0.02567687458463004,-0.031503230456280965,-0.03526137851966931,-0.01705003483559431
2225,-0.024424655755484765,-0.026594373498984466,-0.030009642037099528,-0.01705003483559431
2226,-0.024520440770711426,-0.027562921783891726,-0.030822795037092426,-0.01705003483559431
2227,-0.019340280087413772,-0.022457671074801826,-0.027071411995127834,-0.01705003483559431
2228,-0.021297436508769342,-0.022151483867110213,-0.02601733786480341,-0.01705003483559431
2229,-0.017072397721715454,-0.0226238994909164,-0.025529005339432826,-0.01705003483559431
2230,-0.019550716427699757,-0.019641509430003857,-0.02449066893458187,-0.01705003483559431
2231,-0.022179277803840748,-0.021644083426659577,-0.029865864659112673,-0.01705003483559431
2232,-0.023856398871942647,-0.021066716498004096,-0.02672170816224888,-0.01705003483559431
2233,-0.021246423237708464,-0.022962311231844886,-0.02647463269062118,-0.01705003483559431
2234,-0.02260600463236883,-0.02278987412645247,-0.026965100424814988,-0.01705003483559431
2235,-0.021305715743156532,-0.022797870224300437,-0.023258765177307926,-0.01705003483559431
2236,-0.019394814613672005,-0.01918107547893158,-0.028079635456413145,-0.01705003483559431
2237,-0.022511832139503873,-0.01913813230564809,-0.026769462121503208,-0.01705003483559431
2238,-0.017120635139293263,-0.02370910500211952,-0.03022311416000264,-0.01705003483559431
2239,-0.018588799394798836,-0.019335661038282652,-0.025591281298139784,-0.01705003483559431
2240,-0.025580052245120832,-0.021566988508397177,-0.026073720388778584,-0.01705003483559431
2241,-0.018823816257381693,-0.022134476172500153,-0.023171359957090677,-0.01705003483559431
2242,-0.01886408551521373,-0.020007782721833685,-0.02315957423326452,-0.01705003483559431
2243,-0.02152531863789455,-0.02526940691888463,-0.022574790207222226,-0.01705003483559431
2244,-0.019539928947714568,-0.017882554881436696,-0.023715105360857174,-0.01705003483559431
2245,-0.01680861411302197,-0.019140049331821996,-0.024293420055029612,-0.01705003483559431
2246,-0.028724652658422997,-0.02529955586928922,-0.030432702252159258,-0.01670101072590358
2247,-0.022513355579532827,-0.02420892437411409,-0.02708634930904843,-0.01670101072590358
2248,-0.023860933187655888,-0.02205123783214974,-0.025306268944957043,-0.01670101072590358
2249,-0.02379855460427822,-0.02439568365591816,-0.03352918618013401,-0.01670101072590358
2250,-0.02900001578156569,-0.03338429001002479,-0.03524623375939298,-0.01670101072590358
2251,-0.022883004058610976,-0.024918666044869548,-0.03079668360643102,-0.01670101072590358
2252,-0.019875427657769007,-0.02150633482537927,-0.02931760610191214,-0.01670101072590358
2253,-0.020988835041340248,-0.026742371771214957,-0.031462249784279084,-0.01670101072590358
2254,-0.01939225916891778,-0.02125302144047292,-0.026413714991924523,-0.01670101072590358
2255,-0.021963303344364846,-0.020746149079786953,-0.026663130364747795,-0.01670101072590358
2256,-0.019795087506800684,-0.022636246816264353,-0.02172362533686149,-0.01670101072590358
2257,-0.02185564750990459,-0.020984858892764958,-0.03293196089724573,-0.01670101072590358
2258,-0.022550156838496687,-0.02276267741824004,-0.023895703376931476,-0.01670101072590358
2259,-0.02038425187580948,-0.0218274961609034,-0.0248853746191348,-0.01670101072590358
2260,-0.019689603529269586,-0.025171950602906303,-0.02595100708244296,-0.01670101072590358
2261,-0.020329938451254352,-0.024237403542383594,-0.029409846893626614,-0.01670101072590358
2262,-0.021131317486074868,-0.022435782348625657,-0.022729569393608217,-0.01670101072590358
2263,-0.019849683632181935,-0.024733281437446606,-0.028218315304780806,-0.01670101072590358
2264,-0.024887780696413404,-0.02008600186584379,-0.02457583582106305,-0.01670101072590358
2265,-0.019904677260987887,-0.0248249039567167,-0.030411274601765275,-0.01670101072590358
2266,-0.01972735552850134,-0.021856509595641737,-0.023626663347910457,-0.01670101072590358
2267,-0.020388126996331263,-0.023320970665059337,-0.025688621134874995,-0.01670101072590358
2268,-0.02329501606896956,-0.023319934048983144,-0.022675564689394707,-0.01670101072590358
2269,-0.020368994158584737,-0.02167472494340155,-0.026741814401287152,-0.01670101072590358
2270,-0.022091852366587627,-0.021645498178444418,-0.023913950295884022,-0.01670101072590358
2271,-0.020895583754809297,-0.01871521447428414,-0.025877832410030346,-0.01670101072590358
2272,-0.017559931911911436,-0.01788171285247352,-0.02289398056477566,-0.01670101072590358
2273,-0.018394293752321857,-0.027050979922874495,-0.021755910354978897,-0.01670101072590358
2274,-0.01832838889767663,-0.020582924044487354,-0.022640662773610522,-0.01670101072590358
2275,-0.022298488686780246,-0.02096701779864125,-0.03027938226373988,-0.01670101072590358
2276,-0.021316476419209206,-0.022470011956387807,-0.029183836624308897,-0.01670101072590358
2277,-0.023610728269095143,-0.01899671940495743,-0.024323771469899263,-0.01670101072590358
2278,-0.021323975700533813,-0.020403456984289605,-0.024411831027883663,-0.01670101072590358
2279,-0.017957623480411973,-0.020198422694389668,-0.02221570653613862,-0.01670101072590358
2280,-0.01771446735810176,-0.02054448816317791,-0.026211253724659402,-0.01670101072590358
2281,-0.022090798240595903,-0.020780702977467466,-0.027348393522676328,-0.01670101072590358
2282,-0.01997992858943674,-0.0196379769913368,-0.027355171204357993,-0.01670101072590358
2283,-0.020202593041410886,-0.02044926196954505,-0.02471934945411065,-0.01670101072590358
2284,-0.01822432835016713,-0.02045269312506142,-0.021546897161491295,-0.01670101072590358
2285,-0.019411348388132788,-0.024031730092392543,-0.027083091075525766,-0.01670101072590358
2286,-0.021972841548092526,-0.023619909586873895,-0.024843970471974276,-0.01670101072590358
2287,-0.02099982973431963,-0.02517177215558728,-0.02855037601594217,-0.01670101072590358
2288,-0.019223775163201784,-0.02244174243887121,-0.026502190484529682,-0.01670101072590358
2289,-0.02984684905125049,-0.03181903651727521,-0.03401106213049146,-0.01670101072590358
2290,-0.029566679278673135,-0.036258689105738866,-0.04236168706583402,-0.01734031041329532
2291,-0.02892871517182679,-0.03655880820694145,-0.03877209473441415,-0.01734031041329532
2292,-0.02723223907827479,-0.029708724039836504,-0.02916525324355459,-0.01734031041329532
2293,-0.030936909431261057,-0.03517747989994378,-0.0424897303461878,-0.01734031041329532
2294,-0.028572027102458597,-0.03905859297068637,-0.050111269370080376,-0.01734031041329532
2295,-0.03181869228507472,-0.034588964567112995,-0.03802521846435191,-0.01734031041329532
2296,-0.030828474408534947,-0.03118953264712936,-0.04178233729722873,-0.01734031041329532
2297,-0.028706442292165006,-0.03610438643348885,-0.03144165851549793,-0.01734031041329532
2298,-0.031334570102286595,-0.03390989206322701,-0.03510054155839037,-0.01734031041329532
2299,-0.03134985213905876,-0.033431419817658285,-0.040190773880202556,-0.01734031041329532
2300,-0.02977093043541164,-0.03561389088770039,-0.0451882498090225,-0.01734031041329532
2301,-0.0346152380084802,-0.03434638896335601,-0.0391246686314097,-0.01734031041329532
2302,-0.03190017653828497,-0.03715924037081786,-0.03964729163005125,-0.01734031041329532
2303,-0.031512618649144286,-0.03309270615144846,-0.04417348447592238,-0.01734031041329532
2304,-0.038726541478634156,-0.04258597788131864,-0.03983069899808089,-0.01734031041329532
2305,-0.03258845400512813,-0.030742037989591898,-0.040917921019856356,-0.01734031041329532
2306,-0.029704034447647194,-0.03838976051345465,-0.03924147372992308,-0.01734031041329532
2307,-0.027787337746541324,-0.028532607197779076,-0.038510575252364655,-0.01734031041329532
2308,-0.025146536468449072,-0.03119746315941434,-0.035424901401524996,-0.01734031041329532
2309,-0.02957212371642828,-0.03252186245017076,-0.03834331207164574,-0.01734031041329532
2310,-0.02984036437369203,-0.03252201561843025,-0.03207135256690741,-0.01734031041329532
2311,-0.03223813372872855,-0.03484330548378565,-0.03818872890540917,-0.01734031041329532
2312,-0.03020323534365551,-0.0374456888049106,-0.04066995604805806,-0.01734031041329532
2313,-0.02964752507885331,-0.03092942298456671,-0.039454696547458305,-0.01734031041329532
2314,-0.03329377390217379,-0.03317198488872132,-0.036174123214581605,-0.01734031041329532
2315,-0.03664916875392773,-0.03157783620413151,-0.03652878765688394,-0.01734031041329532
2316,-0.03309688569852131,-0.030631728681070485,-0.036693095799019075,-0.01734031041329532
2317,-0.032107885699356534,-0.030846015165499386,-0.038187268522031345,-0.01734031041329532
2318,-0.03446132380836361,-0.03546798222968289,-0.048599550875006996,-0.018118297991959475
2319,-0.030150140638307947,-0.03471760605440906,-0.04149534686552753,-0.018118297991959475
2320,-0.03112583945656617,-0.03299936229773264,-0.050279946210168236,-0.018118297991959475
2321,-0.030480730840161795,-0.0324192795796272,-0.03769580583986705,-0.018118297991959475
2322,-0.03344108486112312,-0.03431964560512184,-0.04100707248731859,-0.018118297991959475
2323,-0.030514972233671403,-0.03372807280065921,-0.03751231687428681,-0.018118297991959475
2324,-0.0433202005711599,-0.03262740460915915,-0.041542032962539235,-0.018118297991959475
2325,-0.03416387219478221,-0.03411783758261967,-0.038303804527891526,-0.018118297991959475
2326,-0.033779691293554105,-0.03178935112665621,-0.03092376928039032,-0.018118297991959475
2327,-0.03177074759062651,-0.034582702488053514,-0.04139450372605611,-0.018118297991959475
2328,-0.03970763144228721,-0.04116678915047077,-0.03831070975443267,-0.018118297991959475
2329,-0.04034363870808848,-0.03298289984277784,-0.044835185134807616,-0.018118297991959475
2330,-0.04469696267401314,-0.036619952240771074,-0.05028276629728716,-0.018118297991959475
2331,-0.040751234086467025,-0.044175540314063316,-0.0473363106787238,-0.018118297991959475
2332,-0.03907745648327489,-0.03686794948433138,-0.049510336143228535,-0.018118297991959475
2333,-0.035761406948806446,-0.035717129144413065,-0.04371169098903512,-0.018118297991959475
2334,-0.037260236433518244,-0.03683890927954131,-0.04558448197753152,-0.018118297991959475
2335,-0.03555532865973094,-0.03692097437789017,-0.045047297225029016,-0.018118297991959475
2336,-0.03860394319195497,-0.03547038208439353,-0.037822036637360834,-0.018118297991959475
2337,-0.04650763617574705,-0.04371771078897127,-0.0556665366149148,-0.018118297991959475
2338,-0.0413182095849643,-0.03947411891448465,-0.04858755206839216,-0.018118297991959475
2339,-0.036959995550220164,-0.037573538488829564,-0.04414113706041041,-0.018118297991959475
2340,-0.03868558764561301,-0.04147584538814359,-0.04282389052957731,-0.018118297991959475
2341,-0.04227918093874416,-0.045488468637298045,-0.04700465788790611,-0.018118297991959475
2342,-0.04334506581397546,-0.04963186711735871,-0.06048340837257839,-0.018118297991959475
2343,-0.04673993350554453,-0.04585045763588848,-0.05617839024401948,-0.018118297991959475
2344,-0.050944627197252415,-0.056558640251182714,-0.05417690711532607,-0.018118297991959475
2345,-0.04211031109768211,-0.04975369294708355,-0.06139736726154809,-0.018118297991959475
2346,-0.045012871706519166,-0.0487530076198097,-0.05294508459106646,-0.018118297991959475
